ISO-10303-21;
HEADER;
/* Generated by software containing ST-Developer
 * from STEP Tools, Inc. (www.steptools.com) 
 */
/* OPTION: using custom renumber hook */

FILE_DESCRIPTION(
/* description */ ('STEP AP242',
'CAx-IF Rec.Pracs.---Representation and Presentation of Product Manufa
cturing Information (PMI)---4.0---2014-10-13',
'CAx-IF Rec.Pracs.---3D Tessellated Geometry---0.4---2014-09-14','2;1'),

/* implementation_level */ '2;1');

FILE_NAME(
/* name */ '687400fdd1955a75fb7b3228',
/* time_stamp */ '2025-07-13T18:54:53Z',
/* author */ (''),
/* organization */ (''),
/* preprocessor_version */ 'ST-DEVELOPER v20',
/* originating_system */ 'ONSHAPE BY PTC INC, 1.200',
/* authorisation */ '  ');

FILE_SCHEMA (('AP242_MANAGED_MODEL_BASED_3D_ENGINEERING_MIM_LF { 1 0 10303 442 1 1 4 }'));
ENDSEC;

DATA;
#10=SHAPE_REPRESENTATION_RELATIONSHIP('','',#2197,#11);
#11=ADVANCED_BREP_SHAPE_REPRESENTATION('',(#2195),#3673);
#12=CONICAL_SURFACE('',#2295,0.00448,0.785398163397448);
#13=CONICAL_SURFACE('',#2298,0.00448,0.785398163397448);
#14=CONICAL_SURFACE('',#2301,0.00448,0.785398163397448);
#15=CONICAL_SURFACE('',#2304,0.00448,0.785398163397448);
#16=CONICAL_SURFACE('',#2307,0.00448,0.785398163397448);
#17=CONICAL_SURFACE('',#2310,0.00448,0.785398163397448);
#18=CONICAL_SURFACE('',#2331,0.003,0.785398163397449);
#19=CONICAL_SURFACE('',#2332,0.003,0.785398163397449);
#20=CONICAL_SURFACE('',#2333,0.003,0.785398163397448);
#21=CONICAL_SURFACE('',#2334,0.003,0.785398163397449);
#22=CONICAL_SURFACE('',#2335,0.00336,0.785398163397448);
#23=CONICAL_SURFACE('',#2336,0.00336,0.785398163397448);
#24=CONICAL_SURFACE('',#2337,0.00336,0.785398163397448);
#25=CONICAL_SURFACE('',#2338,0.00336,0.785398163397448);
#26=CYLINDRICAL_SURFACE('',#2277,0.0017);
#27=CYLINDRICAL_SURFACE('',#2280,0.0017);
#28=CYLINDRICAL_SURFACE('',#2283,0.0017);
#29=CYLINDRICAL_SURFACE('',#2286,0.0017);
#30=CYLINDRICAL_SURFACE('',#2293,0.00225);
#31=CYLINDRICAL_SURFACE('',#2296,0.00225);
#32=CYLINDRICAL_SURFACE('',#2299,0.00225);
#33=CYLINDRICAL_SURFACE('',#2302,0.00225);
#34=CYLINDRICAL_SURFACE('',#2305,0.00225);
#35=CYLINDRICAL_SURFACE('',#2308,0.00225);
#36=CYLINDRICAL_SURFACE('',#2311,0.002);
#37=CYLINDRICAL_SURFACE('',#2314,0.002);
#38=CYLINDRICAL_SURFACE('',#2317,0.002);
#39=CYLINDRICAL_SURFACE('',#2320,0.002);
#40=CYLINDRICAL_SURFACE('',#2367,0.008);
#41=CYLINDRICAL_SURFACE('',#2368,0.008);
#42=CYLINDRICAL_SURFACE('',#2369,0.008);
#43=CYLINDRICAL_SURFACE('',#2370,0.008);
#44=CYLINDRICAL_SURFACE('',#2395,0.002);
#45=CYLINDRICAL_SURFACE('',#2396,0.002);
#46=CYLINDRICAL_SURFACE('',#2397,0.002);
#47=CYLINDRICAL_SURFACE('',#2398,0.002);
#48=CYLINDRICAL_SURFACE('',#2399,0.002);
#49=CYLINDRICAL_SURFACE('',#2400,0.002);
#50=CYLINDRICAL_SURFACE('',#2401,0.002);
#51=CYLINDRICAL_SURFACE('',#2402,0.002);
#52=CYLINDRICAL_SURFACE('',#2403,0.002);
#53=CYLINDRICAL_SURFACE('',#2404,0.002);
#54=CYLINDRICAL_SURFACE('',#2405,0.002);
#55=CYLINDRICAL_SURFACE('',#2406,0.002);
#56=CYLINDRICAL_SURFACE('',#2407,0.002);
#57=CYLINDRICAL_SURFACE('',#2408,0.002);
#58=CYLINDRICAL_SURFACE('',#2409,0.002);
#59=CYLINDRICAL_SURFACE('',#2410,0.002);
#60=CYLINDRICAL_SURFACE('',#2411,0.002);
#61=CYLINDRICAL_SURFACE('',#2412,0.002);
#62=CYLINDRICAL_SURFACE('',#2413,0.002);
#63=CYLINDRICAL_SURFACE('',#2414,0.002);
#64=CYLINDRICAL_SURFACE('',#2415,0.002);
#65=CYLINDRICAL_SURFACE('',#2416,0.002);
#66=CYLINDRICAL_SURFACE('',#2417,0.002);
#67=CYLINDRICAL_SURFACE('',#2418,0.002);
#68=CIRCLE('',#2200,0.002);
#69=CIRCLE('',#2201,0.002);
#70=CIRCLE('',#2202,0.002);
#71=CIRCLE('',#2203,0.002);
#72=CIRCLE('',#2204,0.002);
#73=CIRCLE('',#2205,0.002);
#74=CIRCLE('',#2206,0.002);
#75=CIRCLE('',#2207,0.002);
#76=CIRCLE('',#2208,0.002);
#77=CIRCLE('',#2209,0.002);
#78=CIRCLE('',#2210,0.002);
#79=CIRCLE('',#2211,0.002);
#80=CIRCLE('',#2212,0.005);
#81=CIRCLE('',#2213,0.005);
#82=CIRCLE('',#2214,0.005);
#83=CIRCLE('',#2215,0.005);
#84=CIRCLE('',#2216,0.00448);
#85=CIRCLE('',#2217,0.00448);
#86=CIRCLE('',#2218,0.00448);
#87=CIRCLE('',#2219,0.00448);
#88=CIRCLE('',#2220,0.00448);
#89=CIRCLE('',#2221,0.00448);
#90=CIRCLE('',#2222,0.008);
#91=CIRCLE('',#2223,0.008);
#92=CIRCLE('',#2224,0.008);
#93=CIRCLE('',#2225,0.008);
#94=CIRCLE('',#2226,0.002);
#95=CIRCLE('',#2227,0.002);
#96=CIRCLE('',#2228,0.002);
#97=CIRCLE('',#2229,0.002);
#98=CIRCLE('',#2230,0.002);
#99=CIRCLE('',#2231,0.002);
#100=CIRCLE('',#2232,0.002);
#101=CIRCLE('',#2233,0.002);
#102=CIRCLE('',#2234,0.002);
#103=CIRCLE('',#2235,0.002);
#104=CIRCLE('',#2236,0.002);
#105=CIRCLE('',#2237,0.002);
#106=CIRCLE('',#2239,0.002);
#107=CIRCLE('',#2240,0.002);
#108=CIRCLE('',#2241,0.002);
#109=CIRCLE('',#2242,0.002);
#110=CIRCLE('',#2243,0.002);
#111=CIRCLE('',#2244,0.002);
#112=CIRCLE('',#2245,0.002);
#113=CIRCLE('',#2246,0.002);
#114=CIRCLE('',#2247,0.002);
#115=CIRCLE('',#2248,0.002);
#116=CIRCLE('',#2249,0.002);
#117=CIRCLE('',#2250,0.002);
#118=CIRCLE('',#2251,0.002);
#119=CIRCLE('',#2252,0.002);
#120=CIRCLE('',#2253,0.002);
#121=CIRCLE('',#2254,0.002);
#122=CIRCLE('',#2255,0.002);
#123=CIRCLE('',#2256,0.002);
#124=CIRCLE('',#2257,0.00336);
#125=CIRCLE('',#2258,0.00336);
#126=CIRCLE('',#2259,0.00336);
#127=CIRCLE('',#2260,0.00336);
#128=CIRCLE('',#2261,0.00225);
#129=CIRCLE('',#2262,0.00225);
#130=CIRCLE('',#2263,0.00225);
#131=CIRCLE('',#2264,0.00225);
#132=CIRCLE('',#2265,0.00225);
#133=CIRCLE('',#2266,0.00225);
#134=CIRCLE('',#2267,0.008);
#135=CIRCLE('',#2268,0.008);
#136=CIRCLE('',#2269,0.008);
#137=CIRCLE('',#2270,0.008);
#138=CIRCLE('',#2271,0.002);
#139=CIRCLE('',#2272,0.002);
#140=CIRCLE('',#2273,0.002);
#141=CIRCLE('',#2274,0.002);
#142=CIRCLE('',#2275,0.002);
#143=CIRCLE('',#2276,0.002);
#144=CIRCLE('',#2278,0.0017);
#145=CIRCLE('',#2279,0.0017);
#146=CIRCLE('',#2281,0.0017);
#147=CIRCLE('',#2282,0.0017);
#148=CIRCLE('',#2284,0.0017);
#149=CIRCLE('',#2285,0.0017);
#150=CIRCLE('',#2287,0.0017);
#151=CIRCLE('',#2288,0.0017);
#152=CIRCLE('',#2294,0.00225);
#153=CIRCLE('',#2297,0.00225);
#154=CIRCLE('',#2300,0.00225);
#155=CIRCLE('',#2303,0.00225);
#156=CIRCLE('',#2306,0.00225);
#157=CIRCLE('',#2309,0.00225);
#158=CIRCLE('',#2312,0.002);
#159=CIRCLE('',#2313,0.002);
#160=CIRCLE('',#2315,0.002);
#161=CIRCLE('',#2316,0.002);
#162=CIRCLE('',#2318,0.002);
#163=CIRCLE('',#2319,0.002);
#164=CIRCLE('',#2321,0.002);
#165=CIRCLE('',#2322,0.002);
#166=CIRCLE('',#2324,0.003);
#167=CIRCLE('',#2326,0.003);
#168=CIRCLE('',#2328,0.003);
#169=CIRCLE('',#2330,0.003);
#170=ORIENTED_EDGE('',*,*,#742,.F.);
#171=ORIENTED_EDGE('',*,*,#743,.T.);
#172=ORIENTED_EDGE('',*,*,#744,.F.);
#173=ORIENTED_EDGE('',*,*,#745,.T.);
#174=ORIENTED_EDGE('',*,*,#746,.F.);
#175=ORIENTED_EDGE('',*,*,#747,.T.);
#176=ORIENTED_EDGE('',*,*,#748,.F.);
#177=ORIENTED_EDGE('',*,*,#749,.T.);
#178=ORIENTED_EDGE('',*,*,#750,.F.);
#179=ORIENTED_EDGE('',*,*,#751,.T.);
#180=ORIENTED_EDGE('',*,*,#752,.F.);
#181=ORIENTED_EDGE('',*,*,#753,.T.);
#182=ORIENTED_EDGE('',*,*,#754,.F.);
#183=ORIENTED_EDGE('',*,*,#755,.T.);
#184=ORIENTED_EDGE('',*,*,#756,.F.);
#185=ORIENTED_EDGE('',*,*,#757,.T.);
#186=ORIENTED_EDGE('',*,*,#758,.F.);
#187=ORIENTED_EDGE('',*,*,#759,.T.);
#188=ORIENTED_EDGE('',*,*,#760,.F.);
#189=ORIENTED_EDGE('',*,*,#761,.T.);
#190=ORIENTED_EDGE('',*,*,#762,.F.);
#191=ORIENTED_EDGE('',*,*,#763,.T.);
#192=ORIENTED_EDGE('',*,*,#764,.F.);
#193=ORIENTED_EDGE('',*,*,#765,.T.);
#194=ORIENTED_EDGE('',*,*,#766,.F.);
#195=ORIENTED_EDGE('',*,*,#767,.F.);
#196=ORIENTED_EDGE('',*,*,#768,.F.);
#197=ORIENTED_EDGE('',*,*,#769,.F.);
#198=ORIENTED_EDGE('',*,*,#770,.F.);
#199=ORIENTED_EDGE('',*,*,#771,.F.);
#200=ORIENTED_EDGE('',*,*,#772,.F.);
#201=ORIENTED_EDGE('',*,*,#773,.F.);
#202=ORIENTED_EDGE('',*,*,#774,.F.);
#203=ORIENTED_EDGE('',*,*,#775,.F.);
#204=ORIENTED_EDGE('',*,*,#776,.F.);
#205=ORIENTED_EDGE('',*,*,#777,.F.);
#206=ORIENTED_EDGE('',*,*,#778,.F.);
#207=ORIENTED_EDGE('',*,*,#779,.F.);
#208=ORIENTED_EDGE('',*,*,#780,.F.);
#209=ORIENTED_EDGE('',*,*,#781,.F.);
#210=ORIENTED_EDGE('',*,*,#782,.F.);
#211=ORIENTED_EDGE('',*,*,#783,.F.);
#212=ORIENTED_EDGE('',*,*,#784,.F.);
#213=ORIENTED_EDGE('',*,*,#785,.F.);
#214=ORIENTED_EDGE('',*,*,#786,.F.);
#215=ORIENTED_EDGE('',*,*,#787,.F.);
#216=ORIENTED_EDGE('',*,*,#788,.F.);
#217=ORIENTED_EDGE('',*,*,#789,.F.);
#218=ORIENTED_EDGE('',*,*,#790,.T.);
#219=ORIENTED_EDGE('',*,*,#791,.T.);
#220=ORIENTED_EDGE('',*,*,#792,.T.);
#221=ORIENTED_EDGE('',*,*,#793,.T.);
#222=ORIENTED_EDGE('',*,*,#794,.T.);
#223=ORIENTED_EDGE('',*,*,#795,.T.);
#224=ORIENTED_EDGE('',*,*,#796,.T.);
#225=ORIENTED_EDGE('',*,*,#797,.T.);
#226=ORIENTED_EDGE('',*,*,#798,.T.);
#227=ORIENTED_EDGE('',*,*,#799,.T.);
#228=ORIENTED_EDGE('',*,*,#800,.F.);
#229=ORIENTED_EDGE('',*,*,#801,.T.);
#230=ORIENTED_EDGE('',*,*,#802,.F.);
#231=ORIENTED_EDGE('',*,*,#803,.T.);
#232=ORIENTED_EDGE('',*,*,#804,.T.);
#233=ORIENTED_EDGE('',*,*,#805,.T.);
#234=ORIENTED_EDGE('',*,*,#806,.T.);
#235=ORIENTED_EDGE('',*,*,#807,.T.);
#236=ORIENTED_EDGE('',*,*,#808,.T.);
#237=ORIENTED_EDGE('',*,*,#809,.T.);
#238=ORIENTED_EDGE('',*,*,#810,.T.);
#239=ORIENTED_EDGE('',*,*,#811,.T.);
#240=ORIENTED_EDGE('',*,*,#812,.T.);
#241=ORIENTED_EDGE('',*,*,#813,.T.);
#242=ORIENTED_EDGE('',*,*,#814,.T.);
#243=ORIENTED_EDGE('',*,*,#815,.T.);
#244=ORIENTED_EDGE('',*,*,#816,.T.);
#245=ORIENTED_EDGE('',*,*,#817,.T.);
#246=ORIENTED_EDGE('',*,*,#818,.T.);
#247=ORIENTED_EDGE('',*,*,#819,.T.);
#248=ORIENTED_EDGE('',*,*,#820,.T.);
#249=ORIENTED_EDGE('',*,*,#821,.T.);
#250=ORIENTED_EDGE('',*,*,#822,.T.);
#251=ORIENTED_EDGE('',*,*,#823,.T.);
#252=ORIENTED_EDGE('',*,*,#824,.T.);
#253=ORIENTED_EDGE('',*,*,#825,.T.);
#254=ORIENTED_EDGE('',*,*,#826,.T.);
#255=ORIENTED_EDGE('',*,*,#827,.T.);
#256=ORIENTED_EDGE('',*,*,#828,.T.);
#257=ORIENTED_EDGE('',*,*,#829,.T.);
#258=ORIENTED_EDGE('',*,*,#830,.T.);
#259=ORIENTED_EDGE('',*,*,#831,.T.);
#260=ORIENTED_EDGE('',*,*,#832,.F.);
#261=ORIENTED_EDGE('',*,*,#833,.T.);
#262=ORIENTED_EDGE('',*,*,#834,.F.);
#263=ORIENTED_EDGE('',*,*,#835,.T.);
#264=ORIENTED_EDGE('',*,*,#836,.F.);
#265=ORIENTED_EDGE('',*,*,#837,.T.);
#266=ORIENTED_EDGE('',*,*,#838,.T.);
#267=ORIENTED_EDGE('',*,*,#839,.T.);
#268=ORIENTED_EDGE('',*,*,#840,.T.);
#269=ORIENTED_EDGE('',*,*,#841,.T.);
#270=ORIENTED_EDGE('',*,*,#842,.T.);
#271=ORIENTED_EDGE('',*,*,#843,.T.);
#272=ORIENTED_EDGE('',*,*,#844,.T.);
#273=ORIENTED_EDGE('',*,*,#845,.T.);
#274=ORIENTED_EDGE('',*,*,#846,.T.);
#275=ORIENTED_EDGE('',*,*,#847,.T.);
#276=ORIENTED_EDGE('',*,*,#848,.T.);
#277=ORIENTED_EDGE('',*,*,#849,.T.);
#278=ORIENTED_EDGE('',*,*,#850,.F.);
#279=ORIENTED_EDGE('',*,*,#851,.T.);
#280=ORIENTED_EDGE('',*,*,#852,.F.);
#281=ORIENTED_EDGE('',*,*,#853,.T.);
#282=ORIENTED_EDGE('',*,*,#854,.F.);
#283=ORIENTED_EDGE('',*,*,#855,.T.);
#284=ORIENTED_EDGE('',*,*,#856,.T.);
#285=ORIENTED_EDGE('',*,*,#857,.T.);
#286=ORIENTED_EDGE('',*,*,#858,.T.);
#287=ORIENTED_EDGE('',*,*,#859,.T.);
#288=ORIENTED_EDGE('',*,*,#860,.T.);
#289=ORIENTED_EDGE('',*,*,#861,.T.);
#290=ORIENTED_EDGE('',*,*,#862,.T.);
#291=ORIENTED_EDGE('',*,*,#863,.T.);
#292=ORIENTED_EDGE('',*,*,#864,.T.);
#293=ORIENTED_EDGE('',*,*,#865,.T.);
#294=ORIENTED_EDGE('',*,*,#866,.T.);
#295=ORIENTED_EDGE('',*,*,#867,.T.);
#296=ORIENTED_EDGE('',*,*,#868,.T.);
#297=ORIENTED_EDGE('',*,*,#869,.T.);
#298=ORIENTED_EDGE('',*,*,#870,.T.);
#299=ORIENTED_EDGE('',*,*,#871,.T.);
#300=ORIENTED_EDGE('',*,*,#872,.F.);
#301=ORIENTED_EDGE('',*,*,#873,.F.);
#302=ORIENTED_EDGE('',*,*,#874,.F.);
#303=ORIENTED_EDGE('',*,*,#875,.F.);
#304=ORIENTED_EDGE('',*,*,#876,.F.);
#305=ORIENTED_EDGE('',*,*,#877,.F.);
#306=ORIENTED_EDGE('',*,*,#878,.T.);
#307=ORIENTED_EDGE('',*,*,#879,.T.);
#308=ORIENTED_EDGE('',*,*,#880,.T.);
#309=ORIENTED_EDGE('',*,*,#881,.T.);
#310=ORIENTED_EDGE('',*,*,#882,.F.);
#311=ORIENTED_EDGE('',*,*,#883,.T.);
#312=ORIENTED_EDGE('',*,*,#884,.F.);
#313=ORIENTED_EDGE('',*,*,#885,.T.);
#314=ORIENTED_EDGE('',*,*,#886,.F.);
#315=ORIENTED_EDGE('',*,*,#887,.T.);
#316=ORIENTED_EDGE('',*,*,#888,.F.);
#317=ORIENTED_EDGE('',*,*,#889,.T.);
#318=ORIENTED_EDGE('',*,*,#890,.F.);
#319=ORIENTED_EDGE('',*,*,#891,.T.);
#320=ORIENTED_EDGE('',*,*,#892,.F.);
#321=ORIENTED_EDGE('',*,*,#893,.T.);
#322=ORIENTED_EDGE('',*,*,#894,.F.);
#323=ORIENTED_EDGE('',*,*,#895,.T.);
#324=ORIENTED_EDGE('',*,*,#896,.F.);
#325=ORIENTED_EDGE('',*,*,#897,.T.);
#326=ORIENTED_EDGE('',*,*,#898,.F.);
#327=ORIENTED_EDGE('',*,*,#899,.F.);
#328=ORIENTED_EDGE('',*,*,#900,.F.);
#329=ORIENTED_EDGE('',*,*,#901,.F.);
#330=ORIENTED_EDGE('',*,*,#902,.F.);
#331=ORIENTED_EDGE('',*,*,#903,.F.);
#332=ORIENTED_EDGE('',*,*,#904,.F.);
#333=ORIENTED_EDGE('',*,*,#905,.F.);
#334=ORIENTED_EDGE('',*,*,#802,.T.);
#335=ORIENTED_EDGE('',*,*,#906,.T.);
#336=ORIENTED_EDGE('',*,*,#878,.F.);
#337=ORIENTED_EDGE('',*,*,#907,.T.);
#338=ORIENTED_EDGE('',*,*,#804,.F.);
#339=ORIENTED_EDGE('',*,*,#908,.T.);
#340=ORIENTED_EDGE('',*,*,#884,.T.);
#341=ORIENTED_EDGE('',*,*,#909,.T.);
#342=ORIENTED_EDGE('',*,*,#882,.T.);
#343=ORIENTED_EDGE('',*,*,#910,.T.);
#344=ORIENTED_EDGE('',*,*,#806,.F.);
#345=ORIENTED_EDGE('',*,*,#911,.T.);
#346=ORIENTED_EDGE('',*,*,#880,.F.);
#347=ORIENTED_EDGE('',*,*,#912,.T.);
#348=ORIENTED_EDGE('',*,*,#800,.T.);
#349=ORIENTED_EDGE('',*,*,#913,.T.);
#350=ORIENTED_EDGE('',*,*,#914,.F.);
#351=ORIENTED_EDGE('',*,*,#877,.T.);
#352=ORIENTED_EDGE('',*,*,#914,.T.);
#353=ORIENTED_EDGE('',*,*,#799,.F.);
#354=ORIENTED_EDGE('',*,*,#915,.F.);
#355=ORIENTED_EDGE('',*,*,#876,.T.);
#356=ORIENTED_EDGE('',*,*,#915,.T.);
#357=ORIENTED_EDGE('',*,*,#798,.F.);
#358=ORIENTED_EDGE('',*,*,#916,.F.);
#359=ORIENTED_EDGE('',*,*,#875,.T.);
#360=ORIENTED_EDGE('',*,*,#916,.T.);
#361=ORIENTED_EDGE('',*,*,#797,.F.);
#362=ORIENTED_EDGE('',*,*,#917,.F.);
#363=ORIENTED_EDGE('',*,*,#874,.T.);
#364=ORIENTED_EDGE('',*,*,#917,.T.);
#365=ORIENTED_EDGE('',*,*,#796,.F.);
#366=ORIENTED_EDGE('',*,*,#918,.F.);
#367=ORIENTED_EDGE('',*,*,#873,.T.);
#368=ORIENTED_EDGE('',*,*,#918,.T.);
#369=ORIENTED_EDGE('',*,*,#795,.F.);
#370=ORIENTED_EDGE('',*,*,#919,.F.);
#371=ORIENTED_EDGE('',*,*,#872,.T.);
#372=ORIENTED_EDGE('',*,*,#919,.T.);
#373=ORIENTED_EDGE('',*,*,#794,.F.);
#374=ORIENTED_EDGE('',*,*,#920,.F.);
#375=ORIENTED_EDGE('',*,*,#921,.T.);
#376=ORIENTED_EDGE('',*,*,#922,.F.);
#377=ORIENTED_EDGE('',*,*,#923,.T.);
#378=ORIENTED_EDGE('',*,*,#924,.F.);
#379=ORIENTED_EDGE('',*,*,#925,.T.);
#380=ORIENTED_EDGE('',*,*,#926,.F.);
#381=ORIENTED_EDGE('',*,*,#927,.T.);
#382=ORIENTED_EDGE('',*,*,#923,.F.);
#383=ORIENTED_EDGE('',*,*,#928,.T.);
#384=ORIENTED_EDGE('',*,*,#921,.F.);
#385=ORIENTED_EDGE('',*,*,#929,.T.);
#386=ORIENTED_EDGE('',*,*,#927,.F.);
#387=ORIENTED_EDGE('',*,*,#930,.T.);
#388=ORIENTED_EDGE('',*,*,#925,.F.);
#389=ORIENTED_EDGE('',*,*,#931,.T.);
#390=ORIENTED_EDGE('',*,*,#790,.F.);
#391=ORIENTED_EDGE('',*,*,#931,.F.);
#392=ORIENTED_EDGE('',*,*,#791,.F.);
#393=ORIENTED_EDGE('',*,*,#930,.F.);
#394=ORIENTED_EDGE('',*,*,#792,.F.);
#395=ORIENTED_EDGE('',*,*,#929,.F.);
#396=ORIENTED_EDGE('',*,*,#793,.F.);
#397=ORIENTED_EDGE('',*,*,#928,.F.);
#398=ORIENTED_EDGE('',*,*,#898,.T.);
#399=ORIENTED_EDGE('',*,*,#871,.F.);
#400=ORIENTED_EDGE('',*,*,#900,.T.);
#401=ORIENTED_EDGE('',*,*,#870,.F.);
#402=ORIENTED_EDGE('',*,*,#902,.T.);
#403=ORIENTED_EDGE('',*,*,#869,.F.);
#404=ORIENTED_EDGE('',*,*,#904,.T.);
#405=ORIENTED_EDGE('',*,*,#868,.F.);
#406=ORIENTED_EDGE('',*,*,#784,.T.);
#407=ORIENTED_EDGE('',*,*,#932,.F.);
#408=ORIENTED_EDGE('',*,*,#933,.F.);
#409=ORIENTED_EDGE('',*,*,#934,.T.);
#410=ORIENTED_EDGE('',*,*,#789,.T.);
#411=ORIENTED_EDGE('',*,*,#935,.F.);
#412=ORIENTED_EDGE('',*,*,#936,.F.);
#413=ORIENTED_EDGE('',*,*,#932,.T.);
#414=ORIENTED_EDGE('',*,*,#788,.T.);
#415=ORIENTED_EDGE('',*,*,#937,.F.);
#416=ORIENTED_EDGE('',*,*,#938,.F.);
#417=ORIENTED_EDGE('',*,*,#935,.T.);
#418=ORIENTED_EDGE('',*,*,#787,.T.);
#419=ORIENTED_EDGE('',*,*,#939,.F.);
#420=ORIENTED_EDGE('',*,*,#940,.F.);
#421=ORIENTED_EDGE('',*,*,#937,.T.);
#422=ORIENTED_EDGE('',*,*,#786,.T.);
#423=ORIENTED_EDGE('',*,*,#941,.F.);
#424=ORIENTED_EDGE('',*,*,#942,.F.);
#425=ORIENTED_EDGE('',*,*,#939,.T.);
#426=ORIENTED_EDGE('',*,*,#785,.T.);
#427=ORIENTED_EDGE('',*,*,#934,.F.);
#428=ORIENTED_EDGE('',*,*,#943,.F.);
#429=ORIENTED_EDGE('',*,*,#941,.T.);
#430=ORIENTED_EDGE('',*,*,#905,.T.);
#431=ORIENTED_EDGE('',*,*,#933,.T.);
#432=ORIENTED_EDGE('',*,*,#936,.T.);
#433=ORIENTED_EDGE('',*,*,#938,.T.);
#434=ORIENTED_EDGE('',*,*,#940,.T.);
#435=ORIENTED_EDGE('',*,*,#942,.T.);
#436=ORIENTED_EDGE('',*,*,#943,.T.);
#437=ORIENTED_EDGE('',*,*,#778,.T.);
#438=ORIENTED_EDGE('',*,*,#944,.F.);
#439=ORIENTED_EDGE('',*,*,#945,.F.);
#440=ORIENTED_EDGE('',*,*,#946,.T.);
#441=ORIENTED_EDGE('',*,*,#783,.T.);
#442=ORIENTED_EDGE('',*,*,#947,.F.);
#443=ORIENTED_EDGE('',*,*,#948,.F.);
#444=ORIENTED_EDGE('',*,*,#944,.T.);
#445=ORIENTED_EDGE('',*,*,#782,.T.);
#446=ORIENTED_EDGE('',*,*,#949,.F.);
#447=ORIENTED_EDGE('',*,*,#950,.F.);
#448=ORIENTED_EDGE('',*,*,#947,.T.);
#449=ORIENTED_EDGE('',*,*,#781,.T.);
#450=ORIENTED_EDGE('',*,*,#951,.F.);
#451=ORIENTED_EDGE('',*,*,#952,.F.);
#452=ORIENTED_EDGE('',*,*,#949,.T.);
#453=ORIENTED_EDGE('',*,*,#780,.T.);
#454=ORIENTED_EDGE('',*,*,#953,.F.);
#455=ORIENTED_EDGE('',*,*,#954,.F.);
#456=ORIENTED_EDGE('',*,*,#951,.T.);
#457=ORIENTED_EDGE('',*,*,#779,.T.);
#458=ORIENTED_EDGE('',*,*,#946,.F.);
#459=ORIENTED_EDGE('',*,*,#955,.F.);
#460=ORIENTED_EDGE('',*,*,#953,.T.);
#461=ORIENTED_EDGE('',*,*,#903,.T.);
#462=ORIENTED_EDGE('',*,*,#945,.T.);
#463=ORIENTED_EDGE('',*,*,#948,.T.);
#464=ORIENTED_EDGE('',*,*,#950,.T.);
#465=ORIENTED_EDGE('',*,*,#952,.T.);
#466=ORIENTED_EDGE('',*,*,#954,.T.);
#467=ORIENTED_EDGE('',*,*,#955,.T.);
#468=ORIENTED_EDGE('',*,*,#772,.T.);
#469=ORIENTED_EDGE('',*,*,#956,.F.);
#470=ORIENTED_EDGE('',*,*,#957,.F.);
#471=ORIENTED_EDGE('',*,*,#958,.T.);
#472=ORIENTED_EDGE('',*,*,#777,.T.);
#473=ORIENTED_EDGE('',*,*,#959,.F.);
#474=ORIENTED_EDGE('',*,*,#960,.F.);
#475=ORIENTED_EDGE('',*,*,#956,.T.);
#476=ORIENTED_EDGE('',*,*,#776,.T.);
#477=ORIENTED_EDGE('',*,*,#961,.F.);
#478=ORIENTED_EDGE('',*,*,#962,.F.);
#479=ORIENTED_EDGE('',*,*,#959,.T.);
#480=ORIENTED_EDGE('',*,*,#775,.T.);
#481=ORIENTED_EDGE('',*,*,#963,.F.);
#482=ORIENTED_EDGE('',*,*,#964,.F.);
#483=ORIENTED_EDGE('',*,*,#961,.T.);
#484=ORIENTED_EDGE('',*,*,#774,.T.);
#485=ORIENTED_EDGE('',*,*,#965,.F.);
#486=ORIENTED_EDGE('',*,*,#966,.F.);
#487=ORIENTED_EDGE('',*,*,#963,.T.);
#488=ORIENTED_EDGE('',*,*,#773,.T.);
#489=ORIENTED_EDGE('',*,*,#958,.F.);
#490=ORIENTED_EDGE('',*,*,#967,.F.);
#491=ORIENTED_EDGE('',*,*,#965,.T.);
#492=ORIENTED_EDGE('',*,*,#901,.T.);
#493=ORIENTED_EDGE('',*,*,#957,.T.);
#494=ORIENTED_EDGE('',*,*,#960,.T.);
#495=ORIENTED_EDGE('',*,*,#962,.T.);
#496=ORIENTED_EDGE('',*,*,#964,.T.);
#497=ORIENTED_EDGE('',*,*,#966,.T.);
#498=ORIENTED_EDGE('',*,*,#967,.T.);
#499=ORIENTED_EDGE('',*,*,#766,.T.);
#500=ORIENTED_EDGE('',*,*,#968,.F.);
#501=ORIENTED_EDGE('',*,*,#969,.F.);
#502=ORIENTED_EDGE('',*,*,#970,.T.);
#503=ORIENTED_EDGE('',*,*,#771,.T.);
#504=ORIENTED_EDGE('',*,*,#971,.F.);
#505=ORIENTED_EDGE('',*,*,#972,.F.);
#506=ORIENTED_EDGE('',*,*,#968,.T.);
#507=ORIENTED_EDGE('',*,*,#770,.T.);
#508=ORIENTED_EDGE('',*,*,#973,.F.);
#509=ORIENTED_EDGE('',*,*,#974,.F.);
#510=ORIENTED_EDGE('',*,*,#971,.T.);
#511=ORIENTED_EDGE('',*,*,#769,.T.);
#512=ORIENTED_EDGE('',*,*,#975,.F.);
#513=ORIENTED_EDGE('',*,*,#976,.F.);
#514=ORIENTED_EDGE('',*,*,#973,.T.);
#515=ORIENTED_EDGE('',*,*,#768,.T.);
#516=ORIENTED_EDGE('',*,*,#977,.F.);
#517=ORIENTED_EDGE('',*,*,#978,.F.);
#518=ORIENTED_EDGE('',*,*,#975,.T.);
#519=ORIENTED_EDGE('',*,*,#767,.T.);
#520=ORIENTED_EDGE('',*,*,#970,.F.);
#521=ORIENTED_EDGE('',*,*,#979,.F.);
#522=ORIENTED_EDGE('',*,*,#977,.T.);
#523=ORIENTED_EDGE('',*,*,#899,.T.);
#524=ORIENTED_EDGE('',*,*,#969,.T.);
#525=ORIENTED_EDGE('',*,*,#972,.T.);
#526=ORIENTED_EDGE('',*,*,#974,.T.);
#527=ORIENTED_EDGE('',*,*,#976,.T.);
#528=ORIENTED_EDGE('',*,*,#978,.T.);
#529=ORIENTED_EDGE('',*,*,#979,.T.);
#530=ORIENTED_EDGE('',*,*,#801,.F.);
#531=ORIENTED_EDGE('',*,*,#912,.F.);
#532=ORIENTED_EDGE('',*,*,#879,.F.);
#533=ORIENTED_EDGE('',*,*,#906,.F.);
#534=ORIENTED_EDGE('',*,*,#803,.F.);
#535=ORIENTED_EDGE('',*,*,#907,.F.);
#536=ORIENTED_EDGE('',*,*,#885,.F.);
#537=ORIENTED_EDGE('',*,*,#908,.F.);
#538=ORIENTED_EDGE('',*,*,#807,.F.);
#539=ORIENTED_EDGE('',*,*,#910,.F.);
#540=ORIENTED_EDGE('',*,*,#881,.F.);
#541=ORIENTED_EDGE('',*,*,#913,.F.);
#542=ORIENTED_EDGE('',*,*,#805,.F.);
#543=ORIENTED_EDGE('',*,*,#909,.F.);
#544=ORIENTED_EDGE('',*,*,#883,.F.);
#545=ORIENTED_EDGE('',*,*,#911,.F.);
#546=ORIENTED_EDGE('',*,*,#866,.F.);
#547=ORIENTED_EDGE('',*,*,#980,.T.);
#548=ORIENTED_EDGE('',*,*,#760,.T.);
#549=ORIENTED_EDGE('',*,*,#981,.T.);
#550=ORIENTED_EDGE('',*,*,#764,.T.);
#551=ORIENTED_EDGE('',*,*,#982,.T.);
#552=ORIENTED_EDGE('',*,*,#862,.F.);
#553=ORIENTED_EDGE('',*,*,#983,.T.);
#554=ORIENTED_EDGE('',*,*,#762,.T.);
#555=ORIENTED_EDGE('',*,*,#984,.T.);
#556=ORIENTED_EDGE('',*,*,#864,.F.);
#557=ORIENTED_EDGE('',*,*,#985,.T.);
#558=ORIENTED_EDGE('',*,*,#860,.F.);
#559=ORIENTED_EDGE('',*,*,#986,.T.);
#560=ORIENTED_EDGE('',*,*,#754,.T.);
#561=ORIENTED_EDGE('',*,*,#987,.T.);
#562=ORIENTED_EDGE('',*,*,#856,.F.);
#563=ORIENTED_EDGE('',*,*,#988,.T.);
#564=ORIENTED_EDGE('',*,*,#758,.T.);
#565=ORIENTED_EDGE('',*,*,#989,.T.);
#566=ORIENTED_EDGE('',*,*,#756,.T.);
#567=ORIENTED_EDGE('',*,*,#990,.T.);
#568=ORIENTED_EDGE('',*,*,#858,.F.);
#569=ORIENTED_EDGE('',*,*,#991,.T.);
#570=ORIENTED_EDGE('',*,*,#812,.F.);
#571=ORIENTED_EDGE('',*,*,#992,.T.);
#572=ORIENTED_EDGE('',*,*,#850,.T.);
#573=ORIENTED_EDGE('',*,*,#993,.T.);
#574=ORIENTED_EDGE('',*,*,#810,.F.);
#575=ORIENTED_EDGE('',*,*,#994,.T.);
#576=ORIENTED_EDGE('',*,*,#852,.T.);
#577=ORIENTED_EDGE('',*,*,#995,.T.);
#578=ORIENTED_EDGE('',*,*,#854,.T.);
#579=ORIENTED_EDGE('',*,*,#996,.T.);
#580=ORIENTED_EDGE('',*,*,#808,.F.);
#581=ORIENTED_EDGE('',*,*,#997,.T.);
#582=ORIENTED_EDGE('',*,*,#818,.F.);
#583=ORIENTED_EDGE('',*,*,#998,.T.);
#584=ORIENTED_EDGE('',*,*,#886,.T.);
#585=ORIENTED_EDGE('',*,*,#999,.T.);
#586=ORIENTED_EDGE('',*,*,#888,.T.);
#587=ORIENTED_EDGE('',*,*,#1000,.T.);
#588=ORIENTED_EDGE('',*,*,#816,.F.);
#589=ORIENTED_EDGE('',*,*,#1001,.T.);
#590=ORIENTED_EDGE('',*,*,#814,.F.);
#591=ORIENTED_EDGE('',*,*,#1002,.T.);
#592=ORIENTED_EDGE('',*,*,#890,.T.);
#593=ORIENTED_EDGE('',*,*,#1003,.T.);
#594=ORIENTED_EDGE('',*,*,#848,.F.);
#595=ORIENTED_EDGE('',*,*,#1004,.T.);
#596=ORIENTED_EDGE('',*,*,#748,.T.);
#597=ORIENTED_EDGE('',*,*,#1005,.T.);
#598=ORIENTED_EDGE('',*,*,#752,.T.);
#599=ORIENTED_EDGE('',*,*,#1006,.T.);
#600=ORIENTED_EDGE('',*,*,#844,.F.);
#601=ORIENTED_EDGE('',*,*,#1007,.T.);
#602=ORIENTED_EDGE('',*,*,#846,.F.);
#603=ORIENTED_EDGE('',*,*,#1008,.T.);
#604=ORIENTED_EDGE('',*,*,#750,.T.);
#605=ORIENTED_EDGE('',*,*,#1009,.T.);
#606=ORIENTED_EDGE('',*,*,#842,.F.);
#607=ORIENTED_EDGE('',*,*,#1010,.T.);
#608=ORIENTED_EDGE('',*,*,#742,.T.);
#609=ORIENTED_EDGE('',*,*,#1011,.T.);
#610=ORIENTED_EDGE('',*,*,#746,.T.);
#611=ORIENTED_EDGE('',*,*,#1012,.T.);
#612=ORIENTED_EDGE('',*,*,#838,.F.);
#613=ORIENTED_EDGE('',*,*,#1013,.T.);
#614=ORIENTED_EDGE('',*,*,#744,.T.);
#615=ORIENTED_EDGE('',*,*,#1014,.T.);
#616=ORIENTED_EDGE('',*,*,#840,.F.);
#617=ORIENTED_EDGE('',*,*,#1015,.T.);
#618=ORIENTED_EDGE('',*,*,#832,.T.);
#619=ORIENTED_EDGE('',*,*,#1016,.T.);
#620=ORIENTED_EDGE('',*,*,#824,.F.);
#621=ORIENTED_EDGE('',*,*,#1017,.T.);
#622=ORIENTED_EDGE('',*,*,#822,.F.);
#623=ORIENTED_EDGE('',*,*,#1018,.T.);
#624=ORIENTED_EDGE('',*,*,#834,.T.);
#625=ORIENTED_EDGE('',*,*,#1019,.T.);
#626=ORIENTED_EDGE('',*,*,#820,.F.);
#627=ORIENTED_EDGE('',*,*,#1020,.T.);
#628=ORIENTED_EDGE('',*,*,#836,.T.);
#629=ORIENTED_EDGE('',*,*,#1021,.T.);
#630=ORIENTED_EDGE('',*,*,#830,.F.);
#631=ORIENTED_EDGE('',*,*,#1022,.T.);
#632=ORIENTED_EDGE('',*,*,#892,.T.);
#633=ORIENTED_EDGE('',*,*,#1023,.T.);
#634=ORIENTED_EDGE('',*,*,#894,.T.);
#635=ORIENTED_EDGE('',*,*,#1024,.T.);
#636=ORIENTED_EDGE('',*,*,#828,.F.);
#637=ORIENTED_EDGE('',*,*,#1025,.T.);
#638=ORIENTED_EDGE('',*,*,#826,.F.);
#639=ORIENTED_EDGE('',*,*,#1026,.T.);
#640=ORIENTED_EDGE('',*,*,#896,.T.);
#641=ORIENTED_EDGE('',*,*,#1027,.T.);
#642=ORIENTED_EDGE('',*,*,#853,.F.);
#643=ORIENTED_EDGE('',*,*,#994,.F.);
#644=ORIENTED_EDGE('',*,*,#809,.F.);
#645=ORIENTED_EDGE('',*,*,#996,.F.);
#646=ORIENTED_EDGE('',*,*,#893,.F.);
#647=ORIENTED_EDGE('',*,*,#1022,.F.);
#648=ORIENTED_EDGE('',*,*,#829,.F.);
#649=ORIENTED_EDGE('',*,*,#1024,.F.);
#650=ORIENTED_EDGE('',*,*,#837,.F.);
#651=ORIENTED_EDGE('',*,*,#1020,.F.);
#652=ORIENTED_EDGE('',*,*,#825,.F.);
#653=ORIENTED_EDGE('',*,*,#1016,.F.);
#654=ORIENTED_EDGE('',*,*,#835,.F.);
#655=ORIENTED_EDGE('',*,*,#1018,.F.);
#656=ORIENTED_EDGE('',*,*,#821,.F.);
#657=ORIENTED_EDGE('',*,*,#1021,.F.);
#658=ORIENTED_EDGE('',*,*,#845,.F.);
#659=ORIENTED_EDGE('',*,*,#1006,.F.);
#660=ORIENTED_EDGE('',*,*,#751,.F.);
#661=ORIENTED_EDGE('',*,*,#1008,.F.);
#662=ORIENTED_EDGE('',*,*,#897,.F.);
#663=ORIENTED_EDGE('',*,*,#1026,.F.);
#664=ORIENTED_EDGE('',*,*,#831,.F.);
#665=ORIENTED_EDGE('',*,*,#1023,.F.);
#666=ORIENTED_EDGE('',*,*,#895,.F.);
#667=ORIENTED_EDGE('',*,*,#1025,.F.);
#668=ORIENTED_EDGE('',*,*,#827,.F.);
#669=ORIENTED_EDGE('',*,*,#1027,.F.);
#670=ORIENTED_EDGE('',*,*,#833,.F.);
#671=ORIENTED_EDGE('',*,*,#1017,.F.);
#672=ORIENTED_EDGE('',*,*,#823,.F.);
#673=ORIENTED_EDGE('',*,*,#1019,.F.);
#674=ORIENTED_EDGE('',*,*,#847,.F.);
#675=ORIENTED_EDGE('',*,*,#1009,.F.);
#676=ORIENTED_EDGE('',*,*,#749,.F.);
#677=ORIENTED_EDGE('',*,*,#1004,.F.);
#678=ORIENTED_EDGE('',*,*,#841,.F.);
#679=ORIENTED_EDGE('',*,*,#1014,.F.);
#680=ORIENTED_EDGE('',*,*,#743,.F.);
#681=ORIENTED_EDGE('',*,*,#1010,.F.);
#682=ORIENTED_EDGE('',*,*,#839,.F.);
#683=ORIENTED_EDGE('',*,*,#1012,.F.);
#684=ORIENTED_EDGE('',*,*,#745,.F.);
#685=ORIENTED_EDGE('',*,*,#1015,.F.);
#686=ORIENTED_EDGE('',*,*,#843,.F.);
#687=ORIENTED_EDGE('',*,*,#1011,.F.);
#688=ORIENTED_EDGE('',*,*,#747,.F.);
#689=ORIENTED_EDGE('',*,*,#1013,.F.);
#690=ORIENTED_EDGE('',*,*,#849,.F.);
#691=ORIENTED_EDGE('',*,*,#1005,.F.);
#692=ORIENTED_EDGE('',*,*,#753,.F.);
#693=ORIENTED_EDGE('',*,*,#1007,.F.);
#694=ORIENTED_EDGE('',*,*,#887,.F.);
#695=ORIENTED_EDGE('',*,*,#998,.F.);
#696=ORIENTED_EDGE('',*,*,#817,.F.);
#697=ORIENTED_EDGE('',*,*,#1000,.F.);
#698=ORIENTED_EDGE('',*,*,#891,.F.);
#699=ORIENTED_EDGE('',*,*,#1002,.F.);
#700=ORIENTED_EDGE('',*,*,#819,.F.);
#701=ORIENTED_EDGE('',*,*,#999,.F.);
#702=ORIENTED_EDGE('',*,*,#889,.F.);
#703=ORIENTED_EDGE('',*,*,#1001,.F.);
#704=ORIENTED_EDGE('',*,*,#815,.F.);
#705=ORIENTED_EDGE('',*,*,#1003,.F.);
#706=ORIENTED_EDGE('',*,*,#851,.F.);
#707=ORIENTED_EDGE('',*,*,#992,.F.);
#708=ORIENTED_EDGE('',*,*,#811,.F.);
#709=ORIENTED_EDGE('',*,*,#995,.F.);
#710=ORIENTED_EDGE('',*,*,#855,.F.);
#711=ORIENTED_EDGE('',*,*,#997,.F.);
#712=ORIENTED_EDGE('',*,*,#813,.F.);
#713=ORIENTED_EDGE('',*,*,#993,.F.);
#714=ORIENTED_EDGE('',*,*,#859,.F.);
#715=ORIENTED_EDGE('',*,*,#990,.F.);
#716=ORIENTED_EDGE('',*,*,#755,.F.);
#717=ORIENTED_EDGE('',*,*,#986,.F.);
#718=ORIENTED_EDGE('',*,*,#861,.F.);
#719=ORIENTED_EDGE('',*,*,#987,.F.);
#720=ORIENTED_EDGE('',*,*,#759,.F.);
#721=ORIENTED_EDGE('',*,*,#988,.F.);
#722=ORIENTED_EDGE('',*,*,#857,.F.);
#723=ORIENTED_EDGE('',*,*,#989,.F.);
#724=ORIENTED_EDGE('',*,*,#757,.F.);
#725=ORIENTED_EDGE('',*,*,#991,.F.);
#726=ORIENTED_EDGE('',*,*,#865,.F.);
#727=ORIENTED_EDGE('',*,*,#984,.F.);
#728=ORIENTED_EDGE('',*,*,#761,.F.);
#729=ORIENTED_EDGE('',*,*,#980,.F.);
#730=ORIENTED_EDGE('',*,*,#863,.F.);
#731=ORIENTED_EDGE('',*,*,#982,.F.);
#732=ORIENTED_EDGE('',*,*,#763,.F.);
#733=ORIENTED_EDGE('',*,*,#985,.F.);
#734=ORIENTED_EDGE('',*,*,#867,.F.);
#735=ORIENTED_EDGE('',*,*,#981,.F.);
#736=ORIENTED_EDGE('',*,*,#765,.F.);
#737=ORIENTED_EDGE('',*,*,#983,.F.);
#738=ORIENTED_EDGE('',*,*,#926,.T.);
#739=ORIENTED_EDGE('',*,*,#924,.T.);
#740=ORIENTED_EDGE('',*,*,#922,.T.);
#741=ORIENTED_EDGE('',*,*,#920,.T.);
#742=EDGE_CURVE('',#1028,#1029,#1234,.T.);
#743=EDGE_CURVE('',#1028,#1030,#68,.F.);
#744=EDGE_CURVE('',#1031,#1030,#1235,.T.);
#745=EDGE_CURVE('',#1031,#1032,#69,.F.);
#746=EDGE_CURVE('',#1033,#1032,#1236,.T.);
#747=EDGE_CURVE('',#1033,#1029,#70,.F.);
#748=EDGE_CURVE('',#1034,#1035,#1237,.T.);
#749=EDGE_CURVE('',#1034,#1036,#71,.F.);
#750=EDGE_CURVE('',#1037,#1036,#1238,.T.);
#751=EDGE_CURVE('',#1037,#1038,#72,.F.);
#752=EDGE_CURVE('',#1039,#1038,#1239,.T.);
#753=EDGE_CURVE('',#1039,#1035,#73,.F.);
#754=EDGE_CURVE('',#1040,#1041,#1240,.T.);
#755=EDGE_CURVE('',#1040,#1042,#74,.F.);
#756=EDGE_CURVE('',#1043,#1042,#1241,.T.);
#757=EDGE_CURVE('',#1043,#1044,#75,.F.);
#758=EDGE_CURVE('',#1045,#1044,#1242,.T.);
#759=EDGE_CURVE('',#1045,#1041,#76,.F.);
#760=EDGE_CURVE('',#1046,#1047,#1243,.T.);
#761=EDGE_CURVE('',#1046,#1048,#77,.F.);
#762=EDGE_CURVE('',#1049,#1048,#1244,.T.);
#763=EDGE_CURVE('',#1049,#1050,#78,.F.);
#764=EDGE_CURVE('',#1051,#1050,#1245,.T.);
#765=EDGE_CURVE('',#1051,#1047,#79,.F.);
#766=EDGE_CURVE('',#1052,#1053,#1246,.T.);
#767=EDGE_CURVE('',#1054,#1052,#1247,.T.);
#768=EDGE_CURVE('',#1055,#1054,#1248,.T.);
#769=EDGE_CURVE('',#1056,#1055,#1249,.T.);
#770=EDGE_CURVE('',#1057,#1056,#1250,.T.);
#771=EDGE_CURVE('',#1053,#1057,#1251,.T.);
#772=EDGE_CURVE('',#1058,#1059,#1252,.T.);
#773=EDGE_CURVE('',#1060,#1058,#1253,.T.);
#774=EDGE_CURVE('',#1061,#1060,#1254,.T.);
#775=EDGE_CURVE('',#1062,#1061,#1255,.T.);
#776=EDGE_CURVE('',#1063,#1062,#1256,.T.);
#777=EDGE_CURVE('',#1059,#1063,#1257,.T.);
#778=EDGE_CURVE('',#1064,#1065,#1258,.T.);
#779=EDGE_CURVE('',#1066,#1064,#1259,.T.);
#780=EDGE_CURVE('',#1067,#1066,#1260,.T.);
#781=EDGE_CURVE('',#1068,#1067,#1261,.T.);
#782=EDGE_CURVE('',#1069,#1068,#1262,.T.);
#783=EDGE_CURVE('',#1065,#1069,#1263,.T.);
#784=EDGE_CURVE('',#1070,#1071,#1264,.T.);
#785=EDGE_CURVE('',#1072,#1070,#1265,.T.);
#786=EDGE_CURVE('',#1073,#1072,#1266,.T.);
#787=EDGE_CURVE('',#1074,#1073,#1267,.T.);
#788=EDGE_CURVE('',#1075,#1074,#1268,.T.);
#789=EDGE_CURVE('',#1071,#1075,#1269,.T.);
#790=EDGE_CURVE('',#1076,#1076,#80,.F.);
#791=EDGE_CURVE('',#1077,#1077,#81,.F.);
#792=EDGE_CURVE('',#1078,#1078,#82,.F.);
#793=EDGE_CURVE('',#1079,#1079,#83,.F.);
#794=EDGE_CURVE('',#1080,#1080,#84,.T.);
#795=EDGE_CURVE('',#1081,#1081,#85,.T.);
#796=EDGE_CURVE('',#1082,#1082,#86,.T.);
#797=EDGE_CURVE('',#1083,#1083,#87,.T.);
#798=EDGE_CURVE('',#1084,#1084,#88,.T.);
#799=EDGE_CURVE('',#1085,#1085,#89,.T.);
#800=EDGE_CURVE('',#1086,#1087,#1270,.T.);
#801=EDGE_CURVE('',#1086,#1088,#90,.T.);
#802=EDGE_CURVE('',#1089,#1088,#1271,.T.);
#803=EDGE_CURVE('',#1089,#1090,#91,.T.);
#804=EDGE_CURVE('',#1090,#1091,#1272,.T.);
#805=EDGE_CURVE('',#1091,#1092,#92,.T.);
#806=EDGE_CURVE('',#1092,#1093,#1273,.T.);
#807=EDGE_CURVE('',#1093,#1087,#93,.T.);
#808=EDGE_CURVE('',#1094,#1095,#1274,.T.);
#809=EDGE_CURVE('',#1095,#1096,#94,.F.);
#810=EDGE_CURVE('',#1096,#1097,#1275,.T.);
#811=EDGE_CURVE('',#1097,#1098,#95,.F.);
#812=EDGE_CURVE('',#1098,#1099,#1276,.T.);
#813=EDGE_CURVE('',#1099,#1094,#96,.F.);
#814=EDGE_CURVE('',#1100,#1101,#1277,.T.);
#815=EDGE_CURVE('',#1101,#1102,#97,.F.);
#816=EDGE_CURVE('',#1102,#1103,#1278,.T.);
#817=EDGE_CURVE('',#1103,#1104,#98,.F.);
#818=EDGE_CURVE('',#1104,#1105,#1279,.T.);
#819=EDGE_CURVE('',#1105,#1100,#99,.F.);
#820=EDGE_CURVE('',#1106,#1107,#1280,.T.);
#821=EDGE_CURVE('',#1107,#1108,#100,.F.);
#822=EDGE_CURVE('',#1108,#1109,#1281,.T.);
#823=EDGE_CURVE('',#1109,#1110,#101,.F.);
#824=EDGE_CURVE('',#1110,#1111,#1282,.T.);
#825=EDGE_CURVE('',#1111,#1106,#102,.F.);
#826=EDGE_CURVE('',#1112,#1113,#1283,.T.);
#827=EDGE_CURVE('',#1113,#1114,#103,.F.);
#828=EDGE_CURVE('',#1114,#1115,#1284,.T.);
#829=EDGE_CURVE('',#1115,#1116,#104,.F.);
#830=EDGE_CURVE('',#1116,#1117,#1285,.T.);
#831=EDGE_CURVE('',#1117,#1112,#105,.F.);
#832=EDGE_CURVE('',#1118,#1119,#1286,.T.);
#833=EDGE_CURVE('',#1118,#1120,#106,.T.);
#834=EDGE_CURVE('',#1121,#1120,#1287,.T.);
#835=EDGE_CURVE('',#1121,#1122,#107,.T.);
#836=EDGE_CURVE('',#1123,#1122,#1288,.T.);
#837=EDGE_CURVE('',#1123,#1119,#108,.T.);
#838=EDGE_CURVE('',#1124,#1125,#1289,.T.);
#839=EDGE_CURVE('',#1125,#1126,#109,.T.);
#840=EDGE_CURVE('',#1126,#1127,#1290,.T.);
#841=EDGE_CURVE('',#1127,#1128,#110,.T.);
#842=EDGE_CURVE('',#1128,#1129,#1291,.T.);
#843=EDGE_CURVE('',#1129,#1124,#111,.T.);
#844=EDGE_CURVE('',#1130,#1131,#1292,.T.);
#845=EDGE_CURVE('',#1131,#1132,#112,.T.);
#846=EDGE_CURVE('',#1132,#1133,#1293,.T.);
#847=EDGE_CURVE('',#1133,#1134,#113,.T.);
#848=EDGE_CURVE('',#1134,#1135,#1294,.T.);
#849=EDGE_CURVE('',#1135,#1130,#114,.T.);
#850=EDGE_CURVE('',#1136,#1137,#1295,.T.);
#851=EDGE_CURVE('',#1136,#1138,#115,.T.);
#852=EDGE_CURVE('',#1139,#1138,#1296,.T.);
#853=EDGE_CURVE('',#1139,#1140,#116,.T.);
#854=EDGE_CURVE('',#1141,#1140,#1297,.T.);
#855=EDGE_CURVE('',#1141,#1137,#117,.T.);
#856=EDGE_CURVE('',#1142,#1143,#1298,.T.);
#857=EDGE_CURVE('',#1143,#1144,#118,.T.);
#858=EDGE_CURVE('',#1144,#1145,#1299,.T.);
#859=EDGE_CURVE('',#1145,#1146,#119,.T.);
#860=EDGE_CURVE('',#1146,#1147,#1300,.T.);
#861=EDGE_CURVE('',#1147,#1142,#120,.T.);
#862=EDGE_CURVE('',#1148,#1149,#1301,.T.);
#863=EDGE_CURVE('',#1149,#1150,#121,.T.);
#864=EDGE_CURVE('',#1150,#1151,#1302,.T.);
#865=EDGE_CURVE('',#1151,#1152,#122,.T.);
#866=EDGE_CURVE('',#1152,#1153,#1303,.T.);
#867=EDGE_CURVE('',#1153,#1148,#123,.T.);
#868=EDGE_CURVE('',#1154,#1154,#124,.T.);
#869=EDGE_CURVE('',#1155,#1155,#125,.T.);
#870=EDGE_CURVE('',#1156,#1156,#126,.T.);
#871=EDGE_CURVE('',#1157,#1157,#127,.T.);
#872=EDGE_CURVE('',#1158,#1158,#128,.F.);
#873=EDGE_CURVE('',#1159,#1159,#129,.F.);
#874=EDGE_CURVE('',#1160,#1160,#130,.F.);
#875=EDGE_CURVE('',#1161,#1161,#131,.F.);
#876=EDGE_CURVE('',#1162,#1162,#132,.F.);
#877=EDGE_CURVE('',#1163,#1163,#133,.F.);
#878=EDGE_CURVE('',#1164,#1165,#1304,.T.);
#879=EDGE_CURVE('',#1165,#1166,#134,.F.);
#880=EDGE_CURVE('',#1166,#1167,#1305,.T.);
#881=EDGE_CURVE('',#1167,#1168,#135,.F.);
#882=EDGE_CURVE('',#1169,#1168,#1306,.T.);
#883=EDGE_CURVE('',#1169,#1170,#136,.F.);
#884=EDGE_CURVE('',#1171,#1170,#1307,.T.);
#885=EDGE_CURVE('',#1171,#1164,#137,.F.);
#886=EDGE_CURVE('',#1172,#1173,#1308,.T.);
#887=EDGE_CURVE('',#1172,#1174,#138,.T.);
#888=EDGE_CURVE('',#1175,#1174,#1309,.T.);
#889=EDGE_CURVE('',#1175,#1176,#139,.T.);
#890=EDGE_CURVE('',#1177,#1176,#1310,.T.);
#891=EDGE_CURVE('',#1177,#1173,#140,.T.);
#892=EDGE_CURVE('',#1178,#1179,#1311,.T.);
#893=EDGE_CURVE('',#1178,#1180,#141,.T.);
#894=EDGE_CURVE('',#1181,#1180,#1312,.T.);
#895=EDGE_CURVE('',#1181,#1182,#142,.T.);
#896=EDGE_CURVE('',#1183,#1182,#1313,.T.);
#897=EDGE_CURVE('',#1183,#1179,#143,.T.);
#898=EDGE_CURVE('',#1184,#1184,#144,.T.);
#899=EDGE_CURVE('',#1185,#1185,#145,.F.);
#900=EDGE_CURVE('',#1186,#1186,#146,.T.);
#901=EDGE_CURVE('',#1187,#1187,#147,.F.);
#902=EDGE_CURVE('',#1188,#1188,#148,.T.);
#903=EDGE_CURVE('',#1189,#1189,#149,.F.);
#904=EDGE_CURVE('',#1190,#1190,#150,.T.);
#905=EDGE_CURVE('',#1191,#1191,#151,.F.);
#906=EDGE_CURVE('',#1088,#1165,#1314,.T.);
#907=EDGE_CURVE('',#1164,#1089,#1315,.F.);
#908=EDGE_CURVE('',#1090,#1171,#1316,.T.);
#909=EDGE_CURVE('',#1170,#1091,#1317,.F.);
#910=EDGE_CURVE('',#1168,#1093,#1318,.F.);
#911=EDGE_CURVE('',#1092,#1169,#1319,.T.);
#912=EDGE_CURVE('',#1166,#1086,#1320,.F.);
#913=EDGE_CURVE('',#1087,#1167,#1321,.T.);
#914=EDGE_CURVE('',#1192,#1192,#152,.T.);
#915=EDGE_CURVE('',#1193,#1193,#153,.T.);
#916=EDGE_CURVE('',#1194,#1194,#154,.T.);
#917=EDGE_CURVE('',#1195,#1195,#155,.T.);
#918=EDGE_CURVE('',#1196,#1196,#156,.T.);
#919=EDGE_CURVE('',#1197,#1197,#157,.T.);
#920=EDGE_CURVE('',#1198,#1198,#158,.T.);
#921=EDGE_CURVE('',#1199,#1199,#159,.T.);
#922=EDGE_CURVE('',#1200,#1200,#160,.T.);
#923=EDGE_CURVE('',#1201,#1201,#161,.T.);
#924=EDGE_CURVE('',#1202,#1202,#162,.T.);
#925=EDGE_CURVE('',#1203,#1203,#163,.T.);
#926=EDGE_CURVE('',#1204,#1204,#164,.T.);
#927=EDGE_CURVE('',#1205,#1205,#165,.T.);
#928=EDGE_CURVE('',#1206,#1206,#166,.T.);
#929=EDGE_CURVE('',#1207,#1207,#167,.T.);
#930=EDGE_CURVE('',#1208,#1208,#168,.T.);
#931=EDGE_CURVE('',#1209,#1209,#169,.T.);
#932=EDGE_CURVE('',#1210,#1071,#1322,.T.);
#933=EDGE_CURVE('',#1211,#1210,#1323,.T.);
#934=EDGE_CURVE('',#1211,#1070,#1324,.T.);
#935=EDGE_CURVE('',#1212,#1075,#1325,.T.);
#936=EDGE_CURVE('',#1210,#1212,#1326,.T.);
#937=EDGE_CURVE('',#1213,#1074,#1327,.T.);
#938=EDGE_CURVE('',#1212,#1213,#1328,.T.);
#939=EDGE_CURVE('',#1214,#1073,#1329,.T.);
#940=EDGE_CURVE('',#1213,#1214,#1330,.T.);
#941=EDGE_CURVE('',#1215,#1072,#1331,.T.);
#942=EDGE_CURVE('',#1214,#1215,#1332,.T.);
#943=EDGE_CURVE('',#1215,#1211,#1333,.T.);
#944=EDGE_CURVE('',#1216,#1065,#1334,.T.);
#945=EDGE_CURVE('',#1217,#1216,#1335,.T.);
#946=EDGE_CURVE('',#1217,#1064,#1336,.T.);
#947=EDGE_CURVE('',#1218,#1069,#1337,.T.);
#948=EDGE_CURVE('',#1216,#1218,#1338,.T.);
#949=EDGE_CURVE('',#1219,#1068,#1339,.T.);
#950=EDGE_CURVE('',#1218,#1219,#1340,.T.);
#951=EDGE_CURVE('',#1220,#1067,#1341,.T.);
#952=EDGE_CURVE('',#1219,#1220,#1342,.T.);
#953=EDGE_CURVE('',#1221,#1066,#1343,.T.);
#954=EDGE_CURVE('',#1220,#1221,#1344,.T.);
#955=EDGE_CURVE('',#1221,#1217,#1345,.T.);
#956=EDGE_CURVE('',#1222,#1059,#1346,.T.);
#957=EDGE_CURVE('',#1223,#1222,#1347,.T.);
#958=EDGE_CURVE('',#1223,#1058,#1348,.T.);
#959=EDGE_CURVE('',#1224,#1063,#1349,.T.);
#960=EDGE_CURVE('',#1222,#1224,#1350,.T.);
#961=EDGE_CURVE('',#1225,#1062,#1351,.T.);
#962=EDGE_CURVE('',#1224,#1225,#1352,.T.);
#963=EDGE_CURVE('',#1226,#1061,#1353,.T.);
#964=EDGE_CURVE('',#1225,#1226,#1354,.T.);
#965=EDGE_CURVE('',#1227,#1060,#1355,.T.);
#966=EDGE_CURVE('',#1226,#1227,#1356,.T.);
#967=EDGE_CURVE('',#1227,#1223,#1357,.T.);
#968=EDGE_CURVE('',#1228,#1053,#1358,.T.);
#969=EDGE_CURVE('',#1229,#1228,#1359,.T.);
#970=EDGE_CURVE('',#1229,#1052,#1360,.T.);
#971=EDGE_CURVE('',#1230,#1057,#1361,.T.);
#972=EDGE_CURVE('',#1228,#1230,#1362,.T.);
#973=EDGE_CURVE('',#1231,#1056,#1363,.T.);
#974=EDGE_CURVE('',#1230,#1231,#1364,.T.);
#975=EDGE_CURVE('',#1232,#1055,#1365,.T.);
#976=EDGE_CURVE('',#1231,#1232,#1366,.T.);
#977=EDGE_CURVE('',#1233,#1054,#1367,.T.);
#978=EDGE_CURVE('',#1232,#1233,#1368,.T.);
#979=EDGE_CURVE('',#1233,#1229,#1369,.T.);
#980=EDGE_CURVE('',#1152,#1046,#1370,.T.);
#981=EDGE_CURVE('',#1047,#1153,#1371,.F.);
#982=EDGE_CURVE('',#1050,#1149,#1372,.F.);
#983=EDGE_CURVE('',#1148,#1051,#1373,.T.);
#984=EDGE_CURVE('',#1048,#1151,#1374,.F.);
#985=EDGE_CURVE('',#1150,#1049,#1375,.T.);
#986=EDGE_CURVE('',#1146,#1040,#1376,.T.);
#987=EDGE_CURVE('',#1041,#1147,#1377,.F.);
#988=EDGE_CURVE('',#1142,#1045,#1378,.T.);
#989=EDGE_CURVE('',#1044,#1143,#1379,.F.);
#990=EDGE_CURVE('',#1042,#1145,#1380,.F.);
#991=EDGE_CURVE('',#1144,#1043,#1381,.T.);
#992=EDGE_CURVE('',#1098,#1136,#1382,.F.);
#993=EDGE_CURVE('',#1137,#1099,#1383,.T.);
#994=EDGE_CURVE('',#1096,#1139,#1384,.F.);
#995=EDGE_CURVE('',#1138,#1097,#1385,.T.);
#996=EDGE_CURVE('',#1140,#1095,#1386,.T.);
#997=EDGE_CURVE('',#1094,#1141,#1387,.F.);
#998=EDGE_CURVE('',#1104,#1172,#1388,.F.);
#999=EDGE_CURVE('',#1173,#1105,#1389,.T.);
#1000=EDGE_CURVE('',#1174,#1103,#1390,.T.);
#1001=EDGE_CURVE('',#1102,#1175,#1391,.F.);
#1002=EDGE_CURVE('',#1100,#1177,#1392,.F.);
#1003=EDGE_CURVE('',#1176,#1101,#1393,.T.);
#1004=EDGE_CURVE('',#1134,#1034,#1394,.T.);
#1005=EDGE_CURVE('',#1035,#1135,#1395,.F.);
#1006=EDGE_CURVE('',#1038,#1131,#1396,.F.);
#1007=EDGE_CURVE('',#1130,#1039,#1397,.T.);
#1008=EDGE_CURVE('',#1132,#1037,#1398,.T.);
#1009=EDGE_CURVE('',#1036,#1133,#1399,.F.);
#1010=EDGE_CURVE('',#1128,#1028,#1400,.T.);
#1011=EDGE_CURVE('',#1029,#1129,#1401,.F.);
#1012=EDGE_CURVE('',#1032,#1125,#1402,.F.);
#1013=EDGE_CURVE('',#1124,#1033,#1403,.T.);
#1014=EDGE_CURVE('',#1030,#1127,#1404,.F.);
#1015=EDGE_CURVE('',#1126,#1031,#1405,.T.);
#1016=EDGE_CURVE('',#1119,#1111,#1406,.T.);
#1017=EDGE_CURVE('',#1110,#1118,#1407,.F.);
#1018=EDGE_CURVE('',#1108,#1121,#1408,.F.);
#1019=EDGE_CURVE('',#1120,#1109,#1409,.T.);
#1020=EDGE_CURVE('',#1106,#1123,#1410,.F.);
#1021=EDGE_CURVE('',#1122,#1107,#1411,.T.);
#1022=EDGE_CURVE('',#1116,#1178,#1412,.F.);
#1023=EDGE_CURVE('',#1179,#1117,#1413,.T.);
#1024=EDGE_CURVE('',#1180,#1115,#1414,.T.);
#1025=EDGE_CURVE('',#1114,#1181,#1415,.F.);
#1026=EDGE_CURVE('',#1112,#1183,#1416,.F.);
#1027=EDGE_CURVE('',#1182,#1113,#1417,.T.);
#1028=VERTEX_POINT('',#3060);
#1029=VERTEX_POINT('',#3061);
#1030=VERTEX_POINT('',#3063);
#1031=VERTEX_POINT('',#3065);
#1032=VERTEX_POINT('',#3067);
#1033=VERTEX_POINT('',#3069);
#1034=VERTEX_POINT('',#3072);
#1035=VERTEX_POINT('',#3073);
#1036=VERTEX_POINT('',#3075);
#1037=VERTEX_POINT('',#3077);
#1038=VERTEX_POINT('',#3079);
#1039=VERTEX_POINT('',#3081);
#1040=VERTEX_POINT('',#3084);
#1041=VERTEX_POINT('',#3085);
#1042=VERTEX_POINT('',#3087);
#1043=VERTEX_POINT('',#3089);
#1044=VERTEX_POINT('',#3091);
#1045=VERTEX_POINT('',#3093);
#1046=VERTEX_POINT('',#3096);
#1047=VERTEX_POINT('',#3097);
#1048=VERTEX_POINT('',#3099);
#1049=VERTEX_POINT('',#3101);
#1050=VERTEX_POINT('',#3103);
#1051=VERTEX_POINT('',#3105);
#1052=VERTEX_POINT('',#3108);
#1053=VERTEX_POINT('',#3109);
#1054=VERTEX_POINT('',#3111);
#1055=VERTEX_POINT('',#3113);
#1056=VERTEX_POINT('',#3115);
#1057=VERTEX_POINT('',#3117);
#1058=VERTEX_POINT('',#3120);
#1059=VERTEX_POINT('',#3121);
#1060=VERTEX_POINT('',#3123);
#1061=VERTEX_POINT('',#3125);
#1062=VERTEX_POINT('',#3127);
#1063=VERTEX_POINT('',#3129);
#1064=VERTEX_POINT('',#3132);
#1065=VERTEX_POINT('',#3133);
#1066=VERTEX_POINT('',#3135);
#1067=VERTEX_POINT('',#3137);
#1068=VERTEX_POINT('',#3139);
#1069=VERTEX_POINT('',#3141);
#1070=VERTEX_POINT('',#3144);
#1071=VERTEX_POINT('',#3145);
#1072=VERTEX_POINT('',#3147);
#1073=VERTEX_POINT('',#3149);
#1074=VERTEX_POINT('',#3151);
#1075=VERTEX_POINT('',#3153);
#1076=VERTEX_POINT('',#3156);
#1077=VERTEX_POINT('',#3158);
#1078=VERTEX_POINT('',#3160);
#1079=VERTEX_POINT('',#3162);
#1080=VERTEX_POINT('',#3164);
#1081=VERTEX_POINT('',#3166);
#1082=VERTEX_POINT('',#3168);
#1083=VERTEX_POINT('',#3170);
#1084=VERTEX_POINT('',#3172);
#1085=VERTEX_POINT('',#3174);
#1086=VERTEX_POINT('',#3176);
#1087=VERTEX_POINT('',#3177);
#1088=VERTEX_POINT('',#3179);
#1089=VERTEX_POINT('',#3181);
#1090=VERTEX_POINT('',#3183);
#1091=VERTEX_POINT('',#3185);
#1092=VERTEX_POINT('',#3187);
#1093=VERTEX_POINT('',#3189);
#1094=VERTEX_POINT('',#3192);
#1095=VERTEX_POINT('',#3193);
#1096=VERTEX_POINT('',#3195);
#1097=VERTEX_POINT('',#3197);
#1098=VERTEX_POINT('',#3199);
#1099=VERTEX_POINT('',#3201);
#1100=VERTEX_POINT('',#3204);
#1101=VERTEX_POINT('',#3205);
#1102=VERTEX_POINT('',#3207);
#1103=VERTEX_POINT('',#3209);
#1104=VERTEX_POINT('',#3211);
#1105=VERTEX_POINT('',#3213);
#1106=VERTEX_POINT('',#3216);
#1107=VERTEX_POINT('',#3217);
#1108=VERTEX_POINT('',#3219);
#1109=VERTEX_POINT('',#3221);
#1110=VERTEX_POINT('',#3223);
#1111=VERTEX_POINT('',#3225);
#1112=VERTEX_POINT('',#3228);
#1113=VERTEX_POINT('',#3229);
#1114=VERTEX_POINT('',#3231);
#1115=VERTEX_POINT('',#3233);
#1116=VERTEX_POINT('',#3235);
#1117=VERTEX_POINT('',#3237);
#1118=VERTEX_POINT('',#3241);
#1119=VERTEX_POINT('',#3242);
#1120=VERTEX_POINT('',#3244);
#1121=VERTEX_POINT('',#3246);
#1122=VERTEX_POINT('',#3248);
#1123=VERTEX_POINT('',#3250);
#1124=VERTEX_POINT('',#3253);
#1125=VERTEX_POINT('',#3254);
#1126=VERTEX_POINT('',#3256);
#1127=VERTEX_POINT('',#3258);
#1128=VERTEX_POINT('',#3260);
#1129=VERTEX_POINT('',#3262);
#1130=VERTEX_POINT('',#3265);
#1131=VERTEX_POINT('',#3266);
#1132=VERTEX_POINT('',#3268);
#1133=VERTEX_POINT('',#3270);
#1134=VERTEX_POINT('',#3272);
#1135=VERTEX_POINT('',#3274);
#1136=VERTEX_POINT('',#3277);
#1137=VERTEX_POINT('',#3278);
#1138=VERTEX_POINT('',#3280);
#1139=VERTEX_POINT('',#3282);
#1140=VERTEX_POINT('',#3284);
#1141=VERTEX_POINT('',#3286);
#1142=VERTEX_POINT('',#3289);
#1143=VERTEX_POINT('',#3290);
#1144=VERTEX_POINT('',#3292);
#1145=VERTEX_POINT('',#3294);
#1146=VERTEX_POINT('',#3296);
#1147=VERTEX_POINT('',#3298);
#1148=VERTEX_POINT('',#3301);
#1149=VERTEX_POINT('',#3302);
#1150=VERTEX_POINT('',#3304);
#1151=VERTEX_POINT('',#3306);
#1152=VERTEX_POINT('',#3308);
#1153=VERTEX_POINT('',#3310);
#1154=VERTEX_POINT('',#3313);
#1155=VERTEX_POINT('',#3315);
#1156=VERTEX_POINT('',#3317);
#1157=VERTEX_POINT('',#3319);
#1158=VERTEX_POINT('',#3321);
#1159=VERTEX_POINT('',#3323);
#1160=VERTEX_POINT('',#3325);
#1161=VERTEX_POINT('',#3327);
#1162=VERTEX_POINT('',#3329);
#1163=VERTEX_POINT('',#3331);
#1164=VERTEX_POINT('',#3333);
#1165=VERTEX_POINT('',#3334);
#1166=VERTEX_POINT('',#3336);
#1167=VERTEX_POINT('',#3338);
#1168=VERTEX_POINT('',#3340);
#1169=VERTEX_POINT('',#3342);
#1170=VERTEX_POINT('',#3344);
#1171=VERTEX_POINT('',#3346);
#1172=VERTEX_POINT('',#3349);
#1173=VERTEX_POINT('',#3350);
#1174=VERTEX_POINT('',#3352);
#1175=VERTEX_POINT('',#3354);
#1176=VERTEX_POINT('',#3356);
#1177=VERTEX_POINT('',#3358);
#1178=VERTEX_POINT('',#3361);
#1179=VERTEX_POINT('',#3362);
#1180=VERTEX_POINT('',#3364);
#1181=VERTEX_POINT('',#3366);
#1182=VERTEX_POINT('',#3368);
#1183=VERTEX_POINT('',#3370);
#1184=VERTEX_POINT('',#3374);
#1185=VERTEX_POINT('',#3376);
#1186=VERTEX_POINT('',#3379);
#1187=VERTEX_POINT('',#3381);
#1188=VERTEX_POINT('',#3384);
#1189=VERTEX_POINT('',#3386);
#1190=VERTEX_POINT('',#3389);
#1191=VERTEX_POINT('',#3391);
#1192=VERTEX_POINT('',#3406);
#1193=VERTEX_POINT('',#3410);
#1194=VERTEX_POINT('',#3414);
#1195=VERTEX_POINT('',#3418);
#1196=VERTEX_POINT('',#3422);
#1197=VERTEX_POINT('',#3426);
#1198=VERTEX_POINT('',#3430);
#1199=VERTEX_POINT('',#3432);
#1200=VERTEX_POINT('',#3435);
#1201=VERTEX_POINT('',#3437);
#1202=VERTEX_POINT('',#3440);
#1203=VERTEX_POINT('',#3442);
#1204=VERTEX_POINT('',#3445);
#1205=VERTEX_POINT('',#3447);
#1206=VERTEX_POINT('',#3450);
#1207=VERTEX_POINT('',#3453);
#1208=VERTEX_POINT('',#3456);
#1209=VERTEX_POINT('',#3459);
#1210=VERTEX_POINT('',#3470);
#1211=VERTEX_POINT('',#3472);
#1212=VERTEX_POINT('',#3476);
#1213=VERTEX_POINT('',#3480);
#1214=VERTEX_POINT('',#3484);
#1215=VERTEX_POINT('',#3488);
#1216=VERTEX_POINT('',#3495);
#1217=VERTEX_POINT('',#3497);
#1218=VERTEX_POINT('',#3501);
#1219=VERTEX_POINT('',#3505);
#1220=VERTEX_POINT('',#3509);
#1221=VERTEX_POINT('',#3513);
#1222=VERTEX_POINT('',#3520);
#1223=VERTEX_POINT('',#3522);
#1224=VERTEX_POINT('',#3526);
#1225=VERTEX_POINT('',#3530);
#1226=VERTEX_POINT('',#3534);
#1227=VERTEX_POINT('',#3538);
#1228=VERTEX_POINT('',#3545);
#1229=VERTEX_POINT('',#3547);
#1230=VERTEX_POINT('',#3551);
#1231=VERTEX_POINT('',#3555);
#1232=VERTEX_POINT('',#3559);
#1233=VERTEX_POINT('',#3563);
#1234=LINE('',#3059,#1418);
#1235=LINE('',#3064,#1419);
#1236=LINE('',#3068,#1420);
#1237=LINE('',#3071,#1421);
#1238=LINE('',#3076,#1422);
#1239=LINE('',#3080,#1423);
#1240=LINE('',#3083,#1424);
#1241=LINE('',#3088,#1425);
#1242=LINE('',#3092,#1426);
#1243=LINE('',#3095,#1427);
#1244=LINE('',#3100,#1428);
#1245=LINE('',#3104,#1429);
#1246=LINE('',#3107,#1430);
#1247=LINE('',#3110,#1431);
#1248=LINE('',#3112,#1432);
#1249=LINE('',#3114,#1433);
#1250=LINE('',#3116,#1434);
#1251=LINE('',#3118,#1435);
#1252=LINE('',#3119,#1436);
#1253=LINE('',#3122,#1437);
#1254=LINE('',#3124,#1438);
#1255=LINE('',#3126,#1439);
#1256=LINE('',#3128,#1440);
#1257=LINE('',#3130,#1441);
#1258=LINE('',#3131,#1442);
#1259=LINE('',#3134,#1443);
#1260=LINE('',#3136,#1444);
#1261=LINE('',#3138,#1445);
#1262=LINE('',#3140,#1446);
#1263=LINE('',#3142,#1447);
#1264=LINE('',#3143,#1448);
#1265=LINE('',#3146,#1449);
#1266=LINE('',#3148,#1450);
#1267=LINE('',#3150,#1451);
#1268=LINE('',#3152,#1452);
#1269=LINE('',#3154,#1453);
#1270=LINE('',#3175,#1454);
#1271=LINE('',#3180,#1455);
#1272=LINE('',#3184,#1456);
#1273=LINE('',#3188,#1457);
#1274=LINE('',#3191,#1458);
#1275=LINE('',#3196,#1459);
#1276=LINE('',#3200,#1460);
#1277=LINE('',#3203,#1461);
#1278=LINE('',#3208,#1462);
#1279=LINE('',#3212,#1463);
#1280=LINE('',#3215,#1464);
#1281=LINE('',#3220,#1465);
#1282=LINE('',#3224,#1466);
#1283=LINE('',#3227,#1467);
#1284=LINE('',#3232,#1468);
#1285=LINE('',#3236,#1469);
#1286=LINE('',#3240,#1470);
#1287=LINE('',#3245,#1471);
#1288=LINE('',#3249,#1472);
#1289=LINE('',#3252,#1473);
#1290=LINE('',#3257,#1474);
#1291=LINE('',#3261,#1475);
#1292=LINE('',#3264,#1476);
#1293=LINE('',#3269,#1477);
#1294=LINE('',#3273,#1478);
#1295=LINE('',#3276,#1479);
#1296=LINE('',#3281,#1480);
#1297=LINE('',#3285,#1481);
#1298=LINE('',#3288,#1482);
#1299=LINE('',#3293,#1483);
#1300=LINE('',#3297,#1484);
#1301=LINE('',#3300,#1485);
#1302=LINE('',#3305,#1486);
#1303=LINE('',#3309,#1487);
#1304=LINE('',#3332,#1488);
#1305=LINE('',#3337,#1489);
#1306=LINE('',#3341,#1490);
#1307=LINE('',#3345,#1491);
#1308=LINE('',#3348,#1492);
#1309=LINE('',#3353,#1493);
#1310=LINE('',#3357,#1494);
#1311=LINE('',#3360,#1495);
#1312=LINE('',#3365,#1496);
#1313=LINE('',#3369,#1497);
#1314=LINE('',#3393,#1498);
#1315=LINE('',#3394,#1499);
#1316=LINE('',#3396,#1500);
#1317=LINE('',#3397,#1501);
#1318=LINE('',#3399,#1502);
#1319=LINE('',#3400,#1503);
#1320=LINE('',#3402,#1504);
#1321=LINE('',#3403,#1505);
#1322=LINE('',#3469,#1506);
#1323=LINE('',#3471,#1507);
#1324=LINE('',#3473,#1508);
#1325=LINE('',#3475,#1509);
#1326=LINE('',#3477,#1510);
#1327=LINE('',#3479,#1511);
#1328=LINE('',#3481,#1512);
#1329=LINE('',#3483,#1513);
#1330=LINE('',#3485,#1514);
#1331=LINE('',#3487,#1515);
#1332=LINE('',#3489,#1516);
#1333=LINE('',#3491,#1517);
#1334=LINE('',#3494,#1518);
#1335=LINE('',#3496,#1519);
#1336=LINE('',#3498,#1520);
#1337=LINE('',#3500,#1521);
#1338=LINE('',#3502,#1522);
#1339=LINE('',#3504,#1523);
#1340=LINE('',#3506,#1524);
#1341=LINE('',#3508,#1525);
#1342=LINE('',#3510,#1526);
#1343=LINE('',#3512,#1527);
#1344=LINE('',#3514,#1528);
#1345=LINE('',#3516,#1529);
#1346=LINE('',#3519,#1530);
#1347=LINE('',#3521,#1531);
#1348=LINE('',#3523,#1532);
#1349=LINE('',#3525,#1533);
#1350=LINE('',#3527,#1534);
#1351=LINE('',#3529,#1535);
#1352=LINE('',#3531,#1536);
#1353=LINE('',#3533,#1537);
#1354=LINE('',#3535,#1538);
#1355=LINE('',#3537,#1539);
#1356=LINE('',#3539,#1540);
#1357=LINE('',#3541,#1541);
#1358=LINE('',#3544,#1542);
#1359=LINE('',#3546,#1543);
#1360=LINE('',#3548,#1544);
#1361=LINE('',#3550,#1545);
#1362=LINE('',#3552,#1546);
#1363=LINE('',#3554,#1547);
#1364=LINE('',#3556,#1548);
#1365=LINE('',#3558,#1549);
#1366=LINE('',#3560,#1550);
#1367=LINE('',#3562,#1551);
#1368=LINE('',#3564,#1552);
#1369=LINE('',#3566,#1553);
#1370=LINE('',#3573,#1554);
#1371=LINE('',#3574,#1555);
#1372=LINE('',#3576,#1556);
#1373=LINE('',#3577,#1557);
#1374=LINE('',#3579,#1558);
#1375=LINE('',#3580,#1559);
#1376=LINE('',#3582,#1560);
#1377=LINE('',#3583,#1561);
#1378=LINE('',#3585,#1562);
#1379=LINE('',#3586,#1563);
#1380=LINE('',#3588,#1564);
#1381=LINE('',#3589,#1565);
#1382=LINE('',#3591,#1566);
#1383=LINE('',#3592,#1567);
#1384=LINE('',#3594,#1568);
#1385=LINE('',#3595,#1569);
#1386=LINE('',#3597,#1570);
#1387=LINE('',#3598,#1571);
#1388=LINE('',#3600,#1572);
#1389=LINE('',#3601,#1573);
#1390=LINE('',#3603,#1574);
#1391=LINE('',#3604,#1575);
#1392=LINE('',#3606,#1576);
#1393=LINE('',#3607,#1577);
#1394=LINE('',#3609,#1578);
#1395=LINE('',#3610,#1579);
#1396=LINE('',#3612,#1580);
#1397=LINE('',#3613,#1581);
#1398=LINE('',#3615,#1582);
#1399=LINE('',#3616,#1583);
#1400=LINE('',#3618,#1584);
#1401=LINE('',#3619,#1585);
#1402=LINE('',#3621,#1586);
#1403=LINE('',#3622,#1587);
#1404=LINE('',#3624,#1588);
#1405=LINE('',#3625,#1589);
#1406=LINE('',#3627,#1590);
#1407=LINE('',#3628,#1591);
#1408=LINE('',#3630,#1592);
#1409=LINE('',#3631,#1593);
#1410=LINE('',#3633,#1594);
#1411=LINE('',#3634,#1595);
#1412=LINE('',#3636,#1596);
#1413=LINE('',#3637,#1597);
#1414=LINE('',#3639,#1598);
#1415=LINE('',#3640,#1599);
#1416=LINE('',#3642,#1600);
#1417=LINE('',#3643,#1601);
#1418=VECTOR('',#2427,1.);
#1419=VECTOR('',#2430,1.);
#1420=VECTOR('',#2433,1.);
#1421=VECTOR('',#2436,1.);
#1422=VECTOR('',#2439,1.);
#1423=VECTOR('',#2442,1.);
#1424=VECTOR('',#2445,1.);
#1425=VECTOR('',#2448,1.);
#1426=VECTOR('',#2451,1.);
#1427=VECTOR('',#2454,1.);
#1428=VECTOR('',#2457,1.);
#1429=VECTOR('',#2460,1.);
#1430=VECTOR('',#2463,1.);
#1431=VECTOR('',#2464,1.);
#1432=VECTOR('',#2465,1.);
#1433=VECTOR('',#2466,1.);
#1434=VECTOR('',#2467,1.);
#1435=VECTOR('',#2468,1.);
#1436=VECTOR('',#2469,1.);
#1437=VECTOR('',#2470,1.);
#1438=VECTOR('',#2471,1.);
#1439=VECTOR('',#2472,1.);
#1440=VECTOR('',#2473,1.);
#1441=VECTOR('',#2474,1.);
#1442=VECTOR('',#2475,1.);
#1443=VECTOR('',#2476,1.);
#1444=VECTOR('',#2477,1.);
#1445=VECTOR('',#2478,1.);
#1446=VECTOR('',#2479,1.);
#1447=VECTOR('',#2480,1.);
#1448=VECTOR('',#2481,1.);
#1449=VECTOR('',#2482,1.);
#1450=VECTOR('',#2483,1.);
#1451=VECTOR('',#2484,1.);
#1452=VECTOR('',#2485,1.);
#1453=VECTOR('',#2486,1.);
#1454=VECTOR('',#2507,1.);
#1455=VECTOR('',#2510,1.);
#1456=VECTOR('',#2513,1.);
#1457=VECTOR('',#2516,1.);
#1458=VECTOR('',#2519,1.);
#1459=VECTOR('',#2522,1.);
#1460=VECTOR('',#2525,1.);
#1461=VECTOR('',#2528,1.);
#1462=VECTOR('',#2531,1.);
#1463=VECTOR('',#2534,1.);
#1464=VECTOR('',#2537,1.);
#1465=VECTOR('',#2540,1.);
#1466=VECTOR('',#2543,1.);
#1467=VECTOR('',#2546,1.);
#1468=VECTOR('',#2549,1.);
#1469=VECTOR('',#2552,1.);
#1470=VECTOR('',#2557,1.);
#1471=VECTOR('',#2560,1.);
#1472=VECTOR('',#2563,1.);
#1473=VECTOR('',#2566,1.);
#1474=VECTOR('',#2569,1.);
#1475=VECTOR('',#2572,1.);
#1476=VECTOR('',#2575,1.);
#1477=VECTOR('',#2578,1.);
#1478=VECTOR('',#2581,1.);
#1479=VECTOR('',#2584,1.);
#1480=VECTOR('',#2587,1.);
#1481=VECTOR('',#2590,1.);
#1482=VECTOR('',#2593,1.);
#1483=VECTOR('',#2596,1.);
#1484=VECTOR('',#2599,1.);
#1485=VECTOR('',#2602,1.);
#1486=VECTOR('',#2605,1.);
#1487=VECTOR('',#2608,1.);
#1488=VECTOR('',#2631,1.);
#1489=VECTOR('',#2634,1.);
#1490=VECTOR('',#2637,1.);
#1491=VECTOR('',#2640,1.);
#1492=VECTOR('',#2643,1.);
#1493=VECTOR('',#2646,1.);
#1494=VECTOR('',#2649,1.);
#1495=VECTOR('',#2652,1.);
#1496=VECTOR('',#2655,1.);
#1497=VECTOR('',#2658,1.);
#1498=VECTOR('',#2687,1.);
#1499=VECTOR('',#2688,1.);
#1500=VECTOR('',#2691,1.);
#1501=VECTOR('',#2692,1.);
#1502=VECTOR('',#2695,1.);
#1503=VECTOR('',#2696,1.);
#1504=VECTOR('',#2699,1.);
#1505=VECTOR('',#2700,1.);
#1506=VECTOR('',#2795,1.);
#1507=VECTOR('',#2796,1.);
#1508=VECTOR('',#2797,1.);
#1509=VECTOR('',#2800,1.);
#1510=VECTOR('',#2801,1.);
#1511=VECTOR('',#2804,1.);
#1512=VECTOR('',#2805,1.);
#1513=VECTOR('',#2808,1.);
#1514=VECTOR('',#2809,1.);
#1515=VECTOR('',#2812,1.);
#1516=VECTOR('',#2813,1.);
#1517=VECTOR('',#2816,1.);
#1518=VECTOR('',#2821,1.);
#1519=VECTOR('',#2822,1.);
#1520=VECTOR('',#2823,1.);
#1521=VECTOR('',#2826,1.);
#1522=VECTOR('',#2827,1.);
#1523=VECTOR('',#2830,1.);
#1524=VECTOR('',#2831,1.);
#1525=VECTOR('',#2834,1.);
#1526=VECTOR('',#2835,1.);
#1527=VECTOR('',#2838,1.);
#1528=VECTOR('',#2839,1.);
#1529=VECTOR('',#2842,1.);
#1530=VECTOR('',#2847,1.);
#1531=VECTOR('',#2848,1.);
#1532=VECTOR('',#2849,1.);
#1533=VECTOR('',#2852,1.);
#1534=VECTOR('',#2853,1.);
#1535=VECTOR('',#2856,1.);
#1536=VECTOR('',#2857,1.);
#1537=VECTOR('',#2860,1.);
#1538=VECTOR('',#2861,1.);
#1539=VECTOR('',#2864,1.);
#1540=VECTOR('',#2865,1.);
#1541=VECTOR('',#2868,1.);
#1542=VECTOR('',#2873,1.);
#1543=VECTOR('',#2874,1.);
#1544=VECTOR('',#2875,1.);
#1545=VECTOR('',#2878,1.);
#1546=VECTOR('',#2879,1.);
#1547=VECTOR('',#2882,1.);
#1548=VECTOR('',#2883,1.);
#1549=VECTOR('',#2886,1.);
#1550=VECTOR('',#2887,1.);
#1551=VECTOR('',#2890,1.);
#1552=VECTOR('',#2891,1.);
#1553=VECTOR('',#2894,1.);
#1554=VECTOR('',#2907,1.);
#1555=VECTOR('',#2908,1.);
#1556=VECTOR('',#2911,1.);
#1557=VECTOR('',#2912,1.);
#1558=VECTOR('',#2915,1.);
#1559=VECTOR('',#2916,1.);
#1560=VECTOR('',#2919,1.);
#1561=VECTOR('',#2920,1.);
#1562=VECTOR('',#2923,1.);
#1563=VECTOR('',#2924,1.);
#1564=VECTOR('',#2927,1.);
#1565=VECTOR('',#2928,1.);
#1566=VECTOR('',#2931,1.);
#1567=VECTOR('',#2932,1.);
#1568=VECTOR('',#2935,1.);
#1569=VECTOR('',#2936,1.);
#1570=VECTOR('',#2939,1.);
#1571=VECTOR('',#2940,1.);
#1572=VECTOR('',#2943,1.);
#1573=VECTOR('',#2944,1.);
#1574=VECTOR('',#2947,1.);
#1575=VECTOR('',#2948,1.);
#1576=VECTOR('',#2951,1.);
#1577=VECTOR('',#2952,1.);
#1578=VECTOR('',#2955,1.);
#1579=VECTOR('',#2956,1.);
#1580=VECTOR('',#2959,1.);
#1581=VECTOR('',#2960,1.);
#1582=VECTOR('',#2963,1.);
#1583=VECTOR('',#2964,1.);
#1584=VECTOR('',#2967,1.);
#1585=VECTOR('',#2968,1.);
#1586=VECTOR('',#2971,1.);
#1587=VECTOR('',#2972,1.);
#1588=VECTOR('',#2975,1.);
#1589=VECTOR('',#2976,1.);
#1590=VECTOR('',#2979,1.);
#1591=VECTOR('',#2980,1.);
#1592=VECTOR('',#2983,1.);
#1593=VECTOR('',#2984,1.);
#1594=VECTOR('',#2987,1.);
#1595=VECTOR('',#2988,1.);
#1596=VECTOR('',#2991,1.);
#1597=VECTOR('',#2992,1.);
#1598=VECTOR('',#2995,1.);
#1599=VECTOR('',#2996,1.);
#1600=VECTOR('',#2999,1.);
#1601=VECTOR('',#3000,1.);
#1602=EDGE_LOOP('',(#170,#171,#172,#173,#174,#175));
#1603=EDGE_LOOP('',(#176,#177,#178,#179,#180,#181));
#1604=EDGE_LOOP('',(#182,#183,#184,#185,#186,#187));
#1605=EDGE_LOOP('',(#188,#189,#190,#191,#192,#193));
#1606=EDGE_LOOP('',(#194,#195,#196,#197,#198,#199));
#1607=EDGE_LOOP('',(#200,#201,#202,#203,#204,#205));
#1608=EDGE_LOOP('',(#206,#207,#208,#209,#210,#211));
#1609=EDGE_LOOP('',(#212,#213,#214,#215,#216,#217));
#1610=EDGE_LOOP('',(#218));
#1611=EDGE_LOOP('',(#219));
#1612=EDGE_LOOP('',(#220));
#1613=EDGE_LOOP('',(#221));
#1614=EDGE_LOOP('',(#222));
#1615=EDGE_LOOP('',(#223));
#1616=EDGE_LOOP('',(#224));
#1617=EDGE_LOOP('',(#225));
#1618=EDGE_LOOP('',(#226));
#1619=EDGE_LOOP('',(#227));
#1620=EDGE_LOOP('',(#228,#229,#230,#231,#232,#233,#234,#235));
#1621=EDGE_LOOP('',(#236,#237,#238,#239,#240,#241));
#1622=EDGE_LOOP('',(#242,#243,#244,#245,#246,#247));
#1623=EDGE_LOOP('',(#248,#249,#250,#251,#252,#253));
#1624=EDGE_LOOP('',(#254,#255,#256,#257,#258,#259));
#1625=EDGE_LOOP('',(#260,#261,#262,#263,#264,#265));
#1626=EDGE_LOOP('',(#266,#267,#268,#269,#270,#271));
#1627=EDGE_LOOP('',(#272,#273,#274,#275,#276,#277));
#1628=EDGE_LOOP('',(#278,#279,#280,#281,#282,#283));
#1629=EDGE_LOOP('',(#284,#285,#286,#287,#288,#289));
#1630=EDGE_LOOP('',(#290,#291,#292,#293,#294,#295));
#1631=EDGE_LOOP('',(#296));
#1632=EDGE_LOOP('',(#297));
#1633=EDGE_LOOP('',(#298));
#1634=EDGE_LOOP('',(#299));
#1635=EDGE_LOOP('',(#300));
#1636=EDGE_LOOP('',(#301));
#1637=EDGE_LOOP('',(#302));
#1638=EDGE_LOOP('',(#303));
#1639=EDGE_LOOP('',(#304));
#1640=EDGE_LOOP('',(#305));
#1641=EDGE_LOOP('',(#306,#307,#308,#309,#310,#311,#312,#313));
#1642=EDGE_LOOP('',(#314,#315,#316,#317,#318,#319));
#1643=EDGE_LOOP('',(#320,#321,#322,#323,#324,#325));
#1644=EDGE_LOOP('',(#326));
#1645=EDGE_LOOP('',(#327));
#1646=EDGE_LOOP('',(#328));
#1647=EDGE_LOOP('',(#329));
#1648=EDGE_LOOP('',(#330));
#1649=EDGE_LOOP('',(#331));
#1650=EDGE_LOOP('',(#332));
#1651=EDGE_LOOP('',(#333));
#1652=EDGE_LOOP('',(#334,#335,#336,#337));
#1653=EDGE_LOOP('',(#338,#339,#340,#341));
#1654=EDGE_LOOP('',(#342,#343,#344,#345));
#1655=EDGE_LOOP('',(#346,#347,#348,#349));
#1656=EDGE_LOOP('',(#350));
#1657=EDGE_LOOP('',(#351));
#1658=EDGE_LOOP('',(#352));
#1659=EDGE_LOOP('',(#353));
#1660=EDGE_LOOP('',(#354));
#1661=EDGE_LOOP('',(#355));
#1662=EDGE_LOOP('',(#356));
#1663=EDGE_LOOP('',(#357));
#1664=EDGE_LOOP('',(#358));
#1665=EDGE_LOOP('',(#359));
#1666=EDGE_LOOP('',(#360));
#1667=EDGE_LOOP('',(#361));
#1668=EDGE_LOOP('',(#362));
#1669=EDGE_LOOP('',(#363));
#1670=EDGE_LOOP('',(#364));
#1671=EDGE_LOOP('',(#365));
#1672=EDGE_LOOP('',(#366));
#1673=EDGE_LOOP('',(#367));
#1674=EDGE_LOOP('',(#368));
#1675=EDGE_LOOP('',(#369));
#1676=EDGE_LOOP('',(#370));
#1677=EDGE_LOOP('',(#371));
#1678=EDGE_LOOP('',(#372));
#1679=EDGE_LOOP('',(#373));
#1680=EDGE_LOOP('',(#374));
#1681=EDGE_LOOP('',(#375));
#1682=EDGE_LOOP('',(#376));
#1683=EDGE_LOOP('',(#377));
#1684=EDGE_LOOP('',(#378));
#1685=EDGE_LOOP('',(#379));
#1686=EDGE_LOOP('',(#380));
#1687=EDGE_LOOP('',(#381));
#1688=EDGE_LOOP('',(#382));
#1689=EDGE_LOOP('',(#383));
#1690=EDGE_LOOP('',(#384));
#1691=EDGE_LOOP('',(#385));
#1692=EDGE_LOOP('',(#386));
#1693=EDGE_LOOP('',(#387));
#1694=EDGE_LOOP('',(#388));
#1695=EDGE_LOOP('',(#389));
#1696=EDGE_LOOP('',(#390));
#1697=EDGE_LOOP('',(#391));
#1698=EDGE_LOOP('',(#392));
#1699=EDGE_LOOP('',(#393));
#1700=EDGE_LOOP('',(#394));
#1701=EDGE_LOOP('',(#395));
#1702=EDGE_LOOP('',(#396));
#1703=EDGE_LOOP('',(#397));
#1704=EDGE_LOOP('',(#398));
#1705=EDGE_LOOP('',(#399));
#1706=EDGE_LOOP('',(#400));
#1707=EDGE_LOOP('',(#401));
#1708=EDGE_LOOP('',(#402));
#1709=EDGE_LOOP('',(#403));
#1710=EDGE_LOOP('',(#404));
#1711=EDGE_LOOP('',(#405));
#1712=EDGE_LOOP('',(#406,#407,#408,#409));
#1713=EDGE_LOOP('',(#410,#411,#412,#413));
#1714=EDGE_LOOP('',(#414,#415,#416,#417));
#1715=EDGE_LOOP('',(#418,#419,#420,#421));
#1716=EDGE_LOOP('',(#422,#423,#424,#425));
#1717=EDGE_LOOP('',(#426,#427,#428,#429));
#1718=EDGE_LOOP('',(#430));
#1719=EDGE_LOOP('',(#431,#432,#433,#434,#435,#436));
#1720=EDGE_LOOP('',(#437,#438,#439,#440));
#1721=EDGE_LOOP('',(#441,#442,#443,#444));
#1722=EDGE_LOOP('',(#445,#446,#447,#448));
#1723=EDGE_LOOP('',(#449,#450,#451,#452));
#1724=EDGE_LOOP('',(#453,#454,#455,#456));
#1725=EDGE_LOOP('',(#457,#458,#459,#460));
#1726=EDGE_LOOP('',(#461));
#1727=EDGE_LOOP('',(#462,#463,#464,#465,#466,#467));
#1728=EDGE_LOOP('',(#468,#469,#470,#471));
#1729=EDGE_LOOP('',(#472,#473,#474,#475));
#1730=EDGE_LOOP('',(#476,#477,#478,#479));
#1731=EDGE_LOOP('',(#480,#481,#482,#483));
#1732=EDGE_LOOP('',(#484,#485,#486,#487));
#1733=EDGE_LOOP('',(#488,#489,#490,#491));
#1734=EDGE_LOOP('',(#492));
#1735=EDGE_LOOP('',(#493,#494,#495,#496,#497,#498));
#1736=EDGE_LOOP('',(#499,#500,#501,#502));
#1737=EDGE_LOOP('',(#503,#504,#505,#506));
#1738=EDGE_LOOP('',(#507,#508,#509,#510));
#1739=EDGE_LOOP('',(#511,#512,#513,#514));
#1740=EDGE_LOOP('',(#515,#516,#517,#518));
#1741=EDGE_LOOP('',(#519,#520,#521,#522));
#1742=EDGE_LOOP('',(#523));
#1743=EDGE_LOOP('',(#524,#525,#526,#527,#528,#529));
#1744=EDGE_LOOP('',(#530,#531,#532,#533));
#1745=EDGE_LOOP('',(#534,#535,#536,#537));
#1746=EDGE_LOOP('',(#538,#539,#540,#541));
#1747=EDGE_LOOP('',(#542,#543,#544,#545));
#1748=EDGE_LOOP('',(#546,#547,#548,#549));
#1749=EDGE_LOOP('',(#550,#551,#552,#553));
#1750=EDGE_LOOP('',(#554,#555,#556,#557));
#1751=EDGE_LOOP('',(#558,#559,#560,#561));
#1752=EDGE_LOOP('',(#562,#563,#564,#565));
#1753=EDGE_LOOP('',(#566,#567,#568,#569));
#1754=EDGE_LOOP('',(#570,#571,#572,#573));
#1755=EDGE_LOOP('',(#574,#575,#576,#577));
#1756=EDGE_LOOP('',(#578,#579,#580,#581));
#1757=EDGE_LOOP('',(#582,#583,#584,#585));
#1758=EDGE_LOOP('',(#586,#587,#588,#589));
#1759=EDGE_LOOP('',(#590,#591,#592,#593));
#1760=EDGE_LOOP('',(#594,#595,#596,#597));
#1761=EDGE_LOOP('',(#598,#599,#600,#601));
#1762=EDGE_LOOP('',(#602,#603,#604,#605));
#1763=EDGE_LOOP('',(#606,#607,#608,#609));
#1764=EDGE_LOOP('',(#610,#611,#612,#613));
#1765=EDGE_LOOP('',(#614,#615,#616,#617));
#1766=EDGE_LOOP('',(#618,#619,#620,#621));
#1767=EDGE_LOOP('',(#622,#623,#624,#625));
#1768=EDGE_LOOP('',(#626,#627,#628,#629));
#1769=EDGE_LOOP('',(#630,#631,#632,#633));
#1770=EDGE_LOOP('',(#634,#635,#636,#637));
#1771=EDGE_LOOP('',(#638,#639,#640,#641));
#1772=EDGE_LOOP('',(#642,#643,#644,#645));
#1773=EDGE_LOOP('',(#646,#647,#648,#649));
#1774=EDGE_LOOP('',(#650,#651,#652,#653));
#1775=EDGE_LOOP('',(#654,#655,#656,#657));
#1776=EDGE_LOOP('',(#658,#659,#660,#661));
#1777=EDGE_LOOP('',(#662,#663,#664,#665));
#1778=EDGE_LOOP('',(#666,#667,#668,#669));
#1779=EDGE_LOOP('',(#670,#671,#672,#673));
#1780=EDGE_LOOP('',(#674,#675,#676,#677));
#1781=EDGE_LOOP('',(#678,#679,#680,#681));
#1782=EDGE_LOOP('',(#682,#683,#684,#685));
#1783=EDGE_LOOP('',(#686,#687,#688,#689));
#1784=EDGE_LOOP('',(#690,#691,#692,#693));
#1785=EDGE_LOOP('',(#694,#695,#696,#697));
#1786=EDGE_LOOP('',(#698,#699,#700,#701));
#1787=EDGE_LOOP('',(#702,#703,#704,#705));
#1788=EDGE_LOOP('',(#706,#707,#708,#709));
#1789=EDGE_LOOP('',(#710,#711,#712,#713));
#1790=EDGE_LOOP('',(#714,#715,#716,#717));
#1791=EDGE_LOOP('',(#718,#719,#720,#721));
#1792=EDGE_LOOP('',(#722,#723,#724,#725));
#1793=EDGE_LOOP('',(#726,#727,#728,#729));
#1794=EDGE_LOOP('',(#730,#731,#732,#733));
#1795=EDGE_LOOP('',(#734,#735,#736,#737));
#1796=EDGE_LOOP('',(#738));
#1797=EDGE_LOOP('',(#739));
#1798=EDGE_LOOP('',(#740));
#1799=EDGE_LOOP('',(#741));
#1800=FACE_BOUND('',#1602,.T.);
#1801=FACE_BOUND('',#1603,.T.);
#1802=FACE_BOUND('',#1604,.T.);
#1803=FACE_BOUND('',#1605,.T.);
#1804=FACE_BOUND('',#1606,.T.);
#1805=FACE_BOUND('',#1607,.T.);
#1806=FACE_BOUND('',#1608,.T.);
#1807=FACE_BOUND('',#1609,.T.);
#1808=FACE_BOUND('',#1610,.T.);
#1809=FACE_BOUND('',#1611,.T.);
#1810=FACE_BOUND('',#1612,.T.);
#1811=FACE_BOUND('',#1613,.T.);
#1812=FACE_BOUND('',#1614,.T.);
#1813=FACE_BOUND('',#1615,.T.);
#1814=FACE_BOUND('',#1616,.T.);
#1815=FACE_BOUND('',#1617,.T.);
#1816=FACE_BOUND('',#1618,.T.);
#1817=FACE_BOUND('',#1619,.T.);
#1818=FACE_BOUND('',#1620,.T.);
#1819=FACE_BOUND('',#1621,.T.);
#1820=FACE_BOUND('',#1622,.T.);
#1821=FACE_BOUND('',#1623,.T.);
#1822=FACE_BOUND('',#1624,.T.);
#1823=FACE_BOUND('',#1625,.T.);
#1824=FACE_BOUND('',#1626,.T.);
#1825=FACE_BOUND('',#1627,.T.);
#1826=FACE_BOUND('',#1628,.T.);
#1827=FACE_BOUND('',#1629,.T.);
#1828=FACE_BOUND('',#1630,.T.);
#1829=FACE_BOUND('',#1631,.T.);
#1830=FACE_BOUND('',#1632,.T.);
#1831=FACE_BOUND('',#1633,.T.);
#1832=FACE_BOUND('',#1634,.T.);
#1833=FACE_BOUND('',#1635,.T.);
#1834=FACE_BOUND('',#1636,.T.);
#1835=FACE_BOUND('',#1637,.T.);
#1836=FACE_BOUND('',#1638,.T.);
#1837=FACE_BOUND('',#1639,.T.);
#1838=FACE_BOUND('',#1640,.T.);
#1839=FACE_BOUND('',#1641,.T.);
#1840=FACE_BOUND('',#1642,.T.);
#1841=FACE_BOUND('',#1643,.T.);
#1842=FACE_BOUND('',#1644,.T.);
#1843=FACE_BOUND('',#1645,.T.);
#1844=FACE_BOUND('',#1646,.T.);
#1845=FACE_BOUND('',#1647,.T.);
#1846=FACE_BOUND('',#1648,.T.);
#1847=FACE_BOUND('',#1649,.T.);
#1848=FACE_BOUND('',#1650,.T.);
#1849=FACE_BOUND('',#1651,.T.);
#1850=FACE_BOUND('',#1652,.T.);
#1851=FACE_BOUND('',#1653,.T.);
#1852=FACE_BOUND('',#1654,.T.);
#1853=FACE_BOUND('',#1655,.T.);
#1854=FACE_BOUND('',#1656,.T.);
#1855=FACE_BOUND('',#1657,.T.);
#1856=FACE_BOUND('',#1658,.T.);
#1857=FACE_BOUND('',#1659,.T.);
#1858=FACE_BOUND('',#1660,.T.);
#1859=FACE_BOUND('',#1661,.T.);
#1860=FACE_BOUND('',#1662,.T.);
#1861=FACE_BOUND('',#1663,.T.);
#1862=FACE_BOUND('',#1664,.T.);
#1863=FACE_BOUND('',#1665,.T.);
#1864=FACE_BOUND('',#1666,.T.);
#1865=FACE_BOUND('',#1667,.T.);
#1866=FACE_BOUND('',#1668,.T.);
#1867=FACE_BOUND('',#1669,.T.);
#1868=FACE_BOUND('',#1670,.T.);
#1869=FACE_BOUND('',#1671,.T.);
#1870=FACE_BOUND('',#1672,.T.);
#1871=FACE_BOUND('',#1673,.T.);
#1872=FACE_BOUND('',#1674,.T.);
#1873=FACE_BOUND('',#1675,.T.);
#1874=FACE_BOUND('',#1676,.T.);
#1875=FACE_BOUND('',#1677,.T.);
#1876=FACE_BOUND('',#1678,.T.);
#1877=FACE_BOUND('',#1679,.T.);
#1878=FACE_BOUND('',#1680,.T.);
#1879=FACE_BOUND('',#1681,.T.);
#1880=FACE_BOUND('',#1682,.T.);
#1881=FACE_BOUND('',#1683,.T.);
#1882=FACE_BOUND('',#1684,.T.);
#1883=FACE_BOUND('',#1685,.T.);
#1884=FACE_BOUND('',#1686,.T.);
#1885=FACE_BOUND('',#1687,.T.);
#1886=FACE_BOUND('',#1688,.T.);
#1887=FACE_BOUND('',#1689,.T.);
#1888=FACE_BOUND('',#1690,.T.);
#1889=FACE_BOUND('',#1691,.T.);
#1890=FACE_BOUND('',#1692,.T.);
#1891=FACE_BOUND('',#1693,.T.);
#1892=FACE_BOUND('',#1694,.T.);
#1893=FACE_BOUND('',#1695,.T.);
#1894=FACE_BOUND('',#1696,.T.);
#1895=FACE_BOUND('',#1697,.T.);
#1896=FACE_BOUND('',#1698,.T.);
#1897=FACE_BOUND('',#1699,.T.);
#1898=FACE_BOUND('',#1700,.T.);
#1899=FACE_BOUND('',#1701,.T.);
#1900=FACE_BOUND('',#1702,.T.);
#1901=FACE_BOUND('',#1703,.T.);
#1902=FACE_BOUND('',#1704,.T.);
#1903=FACE_BOUND('',#1705,.T.);
#1904=FACE_BOUND('',#1706,.T.);
#1905=FACE_BOUND('',#1707,.T.);
#1906=FACE_BOUND('',#1708,.T.);
#1907=FACE_BOUND('',#1709,.T.);
#1908=FACE_BOUND('',#1710,.T.);
#1909=FACE_BOUND('',#1711,.T.);
#1910=FACE_BOUND('',#1712,.T.);
#1911=FACE_BOUND('',#1713,.T.);
#1912=FACE_BOUND('',#1714,.T.);
#1913=FACE_BOUND('',#1715,.T.);
#1914=FACE_BOUND('',#1716,.T.);
#1915=FACE_BOUND('',#1717,.T.);
#1916=FACE_BOUND('',#1718,.T.);
#1917=FACE_BOUND('',#1719,.T.);
#1918=FACE_BOUND('',#1720,.T.);
#1919=FACE_BOUND('',#1721,.T.);
#1920=FACE_BOUND('',#1722,.T.);
#1921=FACE_BOUND('',#1723,.T.);
#1922=FACE_BOUND('',#1724,.T.);
#1923=FACE_BOUND('',#1725,.T.);
#1924=FACE_BOUND('',#1726,.T.);
#1925=FACE_BOUND('',#1727,.T.);
#1926=FACE_BOUND('',#1728,.T.);
#1927=FACE_BOUND('',#1729,.T.);
#1928=FACE_BOUND('',#1730,.T.);
#1929=FACE_BOUND('',#1731,.T.);
#1930=FACE_BOUND('',#1732,.T.);
#1931=FACE_BOUND('',#1733,.T.);
#1932=FACE_BOUND('',#1734,.T.);
#1933=FACE_BOUND('',#1735,.T.);
#1934=FACE_BOUND('',#1736,.T.);
#1935=FACE_BOUND('',#1737,.T.);
#1936=FACE_BOUND('',#1738,.T.);
#1937=FACE_BOUND('',#1739,.T.);
#1938=FACE_BOUND('',#1740,.T.);
#1939=FACE_BOUND('',#1741,.T.);
#1940=FACE_BOUND('',#1742,.T.);
#1941=FACE_BOUND('',#1743,.T.);
#1942=FACE_BOUND('',#1744,.T.);
#1943=FACE_BOUND('',#1745,.T.);
#1944=FACE_BOUND('',#1746,.T.);
#1945=FACE_BOUND('',#1747,.T.);
#1946=FACE_BOUND('',#1748,.T.);
#1947=FACE_BOUND('',#1749,.T.);
#1948=FACE_BOUND('',#1750,.T.);
#1949=FACE_BOUND('',#1751,.T.);
#1950=FACE_BOUND('',#1752,.T.);
#1951=FACE_BOUND('',#1753,.T.);
#1952=FACE_BOUND('',#1754,.T.);
#1953=FACE_BOUND('',#1755,.T.);
#1954=FACE_BOUND('',#1756,.T.);
#1955=FACE_BOUND('',#1757,.T.);
#1956=FACE_BOUND('',#1758,.T.);
#1957=FACE_BOUND('',#1759,.T.);
#1958=FACE_BOUND('',#1760,.T.);
#1959=FACE_BOUND('',#1761,.T.);
#1960=FACE_BOUND('',#1762,.T.);
#1961=FACE_BOUND('',#1763,.T.);
#1962=FACE_BOUND('',#1764,.T.);
#1963=FACE_BOUND('',#1765,.T.);
#1964=FACE_BOUND('',#1766,.T.);
#1965=FACE_BOUND('',#1767,.T.);
#1966=FACE_BOUND('',#1768,.T.);
#1967=FACE_BOUND('',#1769,.T.);
#1968=FACE_BOUND('',#1770,.T.);
#1969=FACE_BOUND('',#1771,.T.);
#1970=FACE_BOUND('',#1772,.T.);
#1971=FACE_BOUND('',#1773,.T.);
#1972=FACE_BOUND('',#1774,.T.);
#1973=FACE_BOUND('',#1775,.T.);
#1974=FACE_BOUND('',#1776,.T.);
#1975=FACE_BOUND('',#1777,.T.);
#1976=FACE_BOUND('',#1778,.T.);
#1977=FACE_BOUND('',#1779,.T.);
#1978=FACE_BOUND('',#1780,.T.);
#1979=FACE_BOUND('',#1781,.T.);
#1980=FACE_BOUND('',#1782,.T.);
#1981=FACE_BOUND('',#1783,.T.);
#1982=FACE_BOUND('',#1784,.T.);
#1983=FACE_BOUND('',#1785,.T.);
#1984=FACE_BOUND('',#1786,.T.);
#1985=FACE_BOUND('',#1787,.T.);
#1986=FACE_BOUND('',#1788,.T.);
#1987=FACE_BOUND('',#1789,.T.);
#1988=FACE_BOUND('',#1790,.T.);
#1989=FACE_BOUND('',#1791,.T.);
#1990=FACE_BOUND('',#1792,.T.);
#1991=FACE_BOUND('',#1793,.T.);
#1992=FACE_BOUND('',#1794,.T.);
#1993=FACE_BOUND('',#1795,.T.);
#1994=FACE_BOUND('',#1796,.T.);
#1995=FACE_BOUND('',#1797,.T.);
#1996=FACE_BOUND('',#1798,.T.);
#1997=FACE_BOUND('',#1799,.T.);
#1998=PLANE('',#2199);
#1999=PLANE('',#2238);
#2000=PLANE('',#2289);
#2001=PLANE('',#2290);
#2002=PLANE('',#2291);
#2003=PLANE('',#2292);
#2004=PLANE('',#2323);
#2005=PLANE('',#2325);
#2006=PLANE('',#2327);
#2007=PLANE('',#2329);
#2008=PLANE('',#2339);
#2009=PLANE('',#2340);
#2010=PLANE('',#2341);
#2011=PLANE('',#2342);
#2012=PLANE('',#2343);
#2013=PLANE('',#2344);
#2014=PLANE('',#2345);
#2015=PLANE('',#2346);
#2016=PLANE('',#2347);
#2017=PLANE('',#2348);
#2018=PLANE('',#2349);
#2019=PLANE('',#2350);
#2020=PLANE('',#2351);
#2021=PLANE('',#2352);
#2022=PLANE('',#2353);
#2023=PLANE('',#2354);
#2024=PLANE('',#2355);
#2025=PLANE('',#2356);
#2026=PLANE('',#2357);
#2027=PLANE('',#2358);
#2028=PLANE('',#2359);
#2029=PLANE('',#2360);
#2030=PLANE('',#2361);
#2031=PLANE('',#2362);
#2032=PLANE('',#2363);
#2033=PLANE('',#2364);
#2034=PLANE('',#2365);
#2035=PLANE('',#2366);
#2036=PLANE('',#2371);
#2037=PLANE('',#2372);
#2038=PLANE('',#2373);
#2039=PLANE('',#2374);
#2040=PLANE('',#2375);
#2041=PLANE('',#2376);
#2042=PLANE('',#2377);
#2043=PLANE('',#2378);
#2044=PLANE('',#2379);
#2045=PLANE('',#2380);
#2046=PLANE('',#2381);
#2047=PLANE('',#2382);
#2048=PLANE('',#2383);
#2049=PLANE('',#2384);
#2050=PLANE('',#2385);
#2051=PLANE('',#2386);
#2052=PLANE('',#2387);
#2053=PLANE('',#2388);
#2054=PLANE('',#2389);
#2055=PLANE('',#2390);
#2056=PLANE('',#2391);
#2057=PLANE('',#2392);
#2058=PLANE('',#2393);
#2059=PLANE('',#2394);
#2060=PLANE('',#2419);
#2061=PLANE('',#2420);
#2062=PLANE('',#2421);
#2063=PLANE('',#2422);
#2064=ADVANCED_FACE('',(#1800,#1801,#1802,#1803,#1804,#1805,#1806,#1807,
#1808,#1809,#1810,#1811,#1812,#1813,#1814,#1815,#1816,#1817,#1818,#1819,
#1820,#1821,#1822),#1998,.T.);
#2065=ADVANCED_FACE('',(#1823,#1824,#1825,#1826,#1827,#1828,#1829,#1830,
#1831,#1832,#1833,#1834,#1835,#1836,#1837,#1838,#1839,#1840,#1841),#1999,
 .F.);
#2066=ADVANCED_FACE('',(#1842,#1843),#26,.F.);
#2067=ADVANCED_FACE('',(#1844,#1845),#27,.F.);
#2068=ADVANCED_FACE('',(#1846,#1847),#28,.F.);
#2069=ADVANCED_FACE('',(#1848,#1849),#29,.F.);
#2070=ADVANCED_FACE('',(#1850),#2000,.T.);
#2071=ADVANCED_FACE('',(#1851),#2001,.F.);
#2072=ADVANCED_FACE('',(#1852),#2002,.F.);
#2073=ADVANCED_FACE('',(#1853),#2003,.T.);
#2074=ADVANCED_FACE('',(#1854,#1855),#30,.F.);
#2075=ADVANCED_FACE('',(#1856,#1857),#12,.F.);
#2076=ADVANCED_FACE('',(#1858,#1859),#31,.F.);
#2077=ADVANCED_FACE('',(#1860,#1861),#13,.F.);
#2078=ADVANCED_FACE('',(#1862,#1863),#32,.F.);
#2079=ADVANCED_FACE('',(#1864,#1865),#14,.F.);
#2080=ADVANCED_FACE('',(#1866,#1867),#33,.F.);
#2081=ADVANCED_FACE('',(#1868,#1869),#15,.F.);
#2082=ADVANCED_FACE('',(#1870,#1871),#34,.F.);
#2083=ADVANCED_FACE('',(#1872,#1873),#16,.F.);
#2084=ADVANCED_FACE('',(#1874,#1875),#35,.F.);
#2085=ADVANCED_FACE('',(#1876,#1877),#17,.F.);
#2086=ADVANCED_FACE('',(#1878,#1879),#36,.F.);
#2087=ADVANCED_FACE('',(#1880,#1881),#37,.F.);
#2088=ADVANCED_FACE('',(#1882,#1883),#38,.F.);
#2089=ADVANCED_FACE('',(#1884,#1885),#39,.F.);
#2090=ADVANCED_FACE('',(#1886,#1887),#2004,.T.);
#2091=ADVANCED_FACE('',(#1888,#1889),#2005,.T.);
#2092=ADVANCED_FACE('',(#1890,#1891),#2006,.T.);
#2093=ADVANCED_FACE('',(#1892,#1893),#2007,.T.);
#2094=ADVANCED_FACE('',(#1894,#1895),#18,.T.);
#2095=ADVANCED_FACE('',(#1896,#1897),#19,.T.);
#2096=ADVANCED_FACE('',(#1898,#1899),#20,.T.);
#2097=ADVANCED_FACE('',(#1900,#1901),#21,.T.);
#2098=ADVANCED_FACE('',(#1902,#1903),#22,.F.);
#2099=ADVANCED_FACE('',(#1904,#1905),#23,.F.);
#2100=ADVANCED_FACE('',(#1906,#1907),#24,.F.);
#2101=ADVANCED_FACE('',(#1908,#1909),#25,.F.);
#2102=ADVANCED_FACE('',(#1910),#2008,.F.);
#2103=ADVANCED_FACE('',(#1911),#2009,.F.);
#2104=ADVANCED_FACE('',(#1912),#2010,.F.);
#2105=ADVANCED_FACE('',(#1913),#2011,.F.);
#2106=ADVANCED_FACE('',(#1914),#2012,.F.);
#2107=ADVANCED_FACE('',(#1915),#2013,.F.);
#2108=ADVANCED_FACE('',(#1916,#1917),#2014,.T.);
#2109=ADVANCED_FACE('',(#1918),#2015,.F.);
#2110=ADVANCED_FACE('',(#1919),#2016,.F.);
#2111=ADVANCED_FACE('',(#1920),#2017,.F.);
#2112=ADVANCED_FACE('',(#1921),#2018,.F.);
#2113=ADVANCED_FACE('',(#1922),#2019,.F.);
#2114=ADVANCED_FACE('',(#1923),#2020,.F.);
#2115=ADVANCED_FACE('',(#1924,#1925),#2021,.T.);
#2116=ADVANCED_FACE('',(#1926),#2022,.F.);
#2117=ADVANCED_FACE('',(#1927),#2023,.F.);
#2118=ADVANCED_FACE('',(#1928),#2024,.F.);
#2119=ADVANCED_FACE('',(#1929),#2025,.F.);
#2120=ADVANCED_FACE('',(#1930),#2026,.F.);
#2121=ADVANCED_FACE('',(#1931),#2027,.F.);
#2122=ADVANCED_FACE('',(#1932,#1933),#2028,.T.);
#2123=ADVANCED_FACE('',(#1934),#2029,.F.);
#2124=ADVANCED_FACE('',(#1935),#2030,.F.);
#2125=ADVANCED_FACE('',(#1936),#2031,.F.);
#2126=ADVANCED_FACE('',(#1937),#2032,.F.);
#2127=ADVANCED_FACE('',(#1938),#2033,.F.);
#2128=ADVANCED_FACE('',(#1939),#2034,.F.);
#2129=ADVANCED_FACE('',(#1940,#1941),#2035,.T.);
#2130=ADVANCED_FACE('',(#1942),#40,.T.);
#2131=ADVANCED_FACE('',(#1943),#41,.T.);
#2132=ADVANCED_FACE('',(#1944),#42,.T.);
#2133=ADVANCED_FACE('',(#1945),#43,.T.);
#2134=ADVANCED_FACE('',(#1946),#2036,.F.);
#2135=ADVANCED_FACE('',(#1947),#2037,.F.);
#2136=ADVANCED_FACE('',(#1948),#2038,.F.);
#2137=ADVANCED_FACE('',(#1949),#2039,.F.);
#2138=ADVANCED_FACE('',(#1950),#2040,.F.);
#2139=ADVANCED_FACE('',(#1951),#2041,.F.);
#2140=ADVANCED_FACE('',(#1952),#2042,.T.);
#2141=ADVANCED_FACE('',(#1953),#2043,.T.);
#2142=ADVANCED_FACE('',(#1954),#2044,.T.);
#2143=ADVANCED_FACE('',(#1955),#2045,.T.);
#2144=ADVANCED_FACE('',(#1956),#2046,.T.);
#2145=ADVANCED_FACE('',(#1957),#2047,.T.);
#2146=ADVANCED_FACE('',(#1958),#2048,.F.);
#2147=ADVANCED_FACE('',(#1959),#2049,.F.);
#2148=ADVANCED_FACE('',(#1960),#2050,.F.);
#2149=ADVANCED_FACE('',(#1961),#2051,.F.);
#2150=ADVANCED_FACE('',(#1962),#2052,.F.);
#2151=ADVANCED_FACE('',(#1963),#2053,.F.);
#2152=ADVANCED_FACE('',(#1964),#2054,.T.);
#2153=ADVANCED_FACE('',(#1965),#2055,.T.);
#2154=ADVANCED_FACE('',(#1966),#2056,.T.);
#2155=ADVANCED_FACE('',(#1967),#2057,.T.);
#2156=ADVANCED_FACE('',(#1968),#2058,.T.);
#2157=ADVANCED_FACE('',(#1969),#2059,.T.);
#2158=ADVANCED_FACE('',(#1970),#44,.F.);
#2159=ADVANCED_FACE('',(#1971),#45,.F.);
#2160=ADVANCED_FACE('',(#1972),#46,.F.);
#2161=ADVANCED_FACE('',(#1973),#47,.F.);
#2162=ADVANCED_FACE('',(#1974),#48,.F.);
#2163=ADVANCED_FACE('',(#1975),#49,.F.);
#2164=ADVANCED_FACE('',(#1976),#50,.F.);
#2165=ADVANCED_FACE('',(#1977),#51,.F.);
#2166=ADVANCED_FACE('',(#1978),#52,.F.);
#2167=ADVANCED_FACE('',(#1979),#53,.F.);
#2168=ADVANCED_FACE('',(#1980),#54,.F.);
#2169=ADVANCED_FACE('',(#1981),#55,.F.);
#2170=ADVANCED_FACE('',(#1982),#56,.F.);
#2171=ADVANCED_FACE('',(#1983),#57,.F.);
#2172=ADVANCED_FACE('',(#1984),#58,.F.);
#2173=ADVANCED_FACE('',(#1985),#59,.F.);
#2174=ADVANCED_FACE('',(#1986),#60,.F.);
#2175=ADVANCED_FACE('',(#1987),#61,.F.);
#2176=ADVANCED_FACE('',(#1988),#62,.F.);
#2177=ADVANCED_FACE('',(#1989),#63,.F.);
#2178=ADVANCED_FACE('',(#1990),#64,.F.);
#2179=ADVANCED_FACE('',(#1991),#65,.F.);
#2180=ADVANCED_FACE('',(#1992),#66,.F.);
#2181=ADVANCED_FACE('',(#1993),#67,.F.);
#2182=ADVANCED_FACE('',(#1994),#2060,.T.);
#2183=ADVANCED_FACE('',(#1995),#2061,.T.);
#2184=ADVANCED_FACE('',(#1996),#2062,.T.);
#2185=ADVANCED_FACE('',(#1997),#2063,.T.);
#2186=CLOSED_SHELL('',(#2064,#2065,#2066,#2067,#2068,#2069,#2070,#2071,
#2072,#2073,#2074,#2075,#2076,#2077,#2078,#2079,#2080,#2081,#2082,#2083,
#2084,#2085,#2086,#2087,#2088,#2089,#2090,#2091,#2092,#2093,#2094,#2095,
#2096,#2097,#2098,#2099,#2100,#2101,#2102,#2103,#2104,#2105,#2106,#2107,
#2108,#2109,#2110,#2111,#2112,#2113,#2114,#2115,#2116,#2117,#2118,#2119,
#2120,#2121,#2122,#2123,#2124,#2125,#2126,#2127,#2128,#2129,#2130,#2131,
#2132,#2133,#2134,#2135,#2136,#2137,#2138,#2139,#2140,#2141,#2142,#2143,
#2144,#2145,#2146,#2147,#2148,#2149,#2150,#2151,#2152,#2153,#2154,#2155,
#2156,#2157,#2158,#2159,#2160,#2161,#2162,#2163,#2164,#2165,#2166,#2167,
#2168,#2169,#2170,#2171,#2172,#2173,#2174,#2175,#2176,#2177,#2178,#2179,
#2180,#2181,#2182,#2183,#2184,#2185));
#2187=STYLED_ITEM('',(#2188),#2195);
#2188=PRESENTATION_STYLE_ASSIGNMENT((#2189));
#2189=SURFACE_STYLE_USAGE(.BOTH.,#2190);
#2190=SURFACE_SIDE_STYLE('',(#2191));
#2191=SURFACE_STYLE_FILL_AREA(#2192);
#2192=FILL_AREA_STYLE('',(#2193));
#2193=FILL_AREA_STYLE_COLOUR('',#2194);
#2194=COLOUR_RGB('',0.301960784313725,0.301960784313725,0.301960784313725);
#2195=MANIFOLD_SOLID_BREP('Part 1',#2186);
#2196=SHAPE_DEFINITION_REPRESENTATION(#3678,#2197);
#2197=SHAPE_REPRESENTATION('Part 1',(#2198),#3673);
#2198=AXIS2_PLACEMENT_3D('',#3057,#2423,#2424);
#2199=AXIS2_PLACEMENT_3D('',#3058,#2425,#2426);
#2200=AXIS2_PLACEMENT_3D('',#3062,#2428,#2429);
#2201=AXIS2_PLACEMENT_3D('',#3066,#2431,#2432);
#2202=AXIS2_PLACEMENT_3D('',#3070,#2434,#2435);
#2203=AXIS2_PLACEMENT_3D('',#3074,#2437,#2438);
#2204=AXIS2_PLACEMENT_3D('',#3078,#2440,#2441);
#2205=AXIS2_PLACEMENT_3D('',#3082,#2443,#2444);
#2206=AXIS2_PLACEMENT_3D('',#3086,#2446,#2447);
#2207=AXIS2_PLACEMENT_3D('',#3090,#2449,#2450);
#2208=AXIS2_PLACEMENT_3D('',#3094,#2452,#2453);
#2209=AXIS2_PLACEMENT_3D('',#3098,#2455,#2456);
#2210=AXIS2_PLACEMENT_3D('',#3102,#2458,#2459);
#2211=AXIS2_PLACEMENT_3D('',#3106,#2461,#2462);
#2212=AXIS2_PLACEMENT_3D('',#3155,#2487,#2488);
#2213=AXIS2_PLACEMENT_3D('',#3157,#2489,#2490);
#2214=AXIS2_PLACEMENT_3D('',#3159,#2491,#2492);
#2215=AXIS2_PLACEMENT_3D('',#3161,#2493,#2494);
#2216=AXIS2_PLACEMENT_3D('',#3163,#2495,#2496);
#2217=AXIS2_PLACEMENT_3D('',#3165,#2497,#2498);
#2218=AXIS2_PLACEMENT_3D('',#3167,#2499,#2500);
#2219=AXIS2_PLACEMENT_3D('',#3169,#2501,#2502);
#2220=AXIS2_PLACEMENT_3D('',#3171,#2503,#2504);
#2221=AXIS2_PLACEMENT_3D('',#3173,#2505,#2506);
#2222=AXIS2_PLACEMENT_3D('',#3178,#2508,#2509);
#2223=AXIS2_PLACEMENT_3D('',#3182,#2511,#2512);
#2224=AXIS2_PLACEMENT_3D('',#3186,#2514,#2515);
#2225=AXIS2_PLACEMENT_3D('',#3190,#2517,#2518);
#2226=AXIS2_PLACEMENT_3D('',#3194,#2520,#2521);
#2227=AXIS2_PLACEMENT_3D('',#3198,#2523,#2524);
#2228=AXIS2_PLACEMENT_3D('',#3202,#2526,#2527);
#2229=AXIS2_PLACEMENT_3D('',#3206,#2529,#2530);
#2230=AXIS2_PLACEMENT_3D('',#3210,#2532,#2533);
#2231=AXIS2_PLACEMENT_3D('',#3214,#2535,#2536);
#2232=AXIS2_PLACEMENT_3D('',#3218,#2538,#2539);
#2233=AXIS2_PLACEMENT_3D('',#3222,#2541,#2542);
#2234=AXIS2_PLACEMENT_3D('',#3226,#2544,#2545);
#2235=AXIS2_PLACEMENT_3D('',#3230,#2547,#2548);
#2236=AXIS2_PLACEMENT_3D('',#3234,#2550,#2551);
#2237=AXIS2_PLACEMENT_3D('',#3238,#2553,#2554);
#2238=AXIS2_PLACEMENT_3D('',#3239,#2555,#2556);
#2239=AXIS2_PLACEMENT_3D('',#3243,#2558,#2559);
#2240=AXIS2_PLACEMENT_3D('',#3247,#2561,#2562);
#2241=AXIS2_PLACEMENT_3D('',#3251,#2564,#2565);
#2242=AXIS2_PLACEMENT_3D('',#3255,#2567,#2568);
#2243=AXIS2_PLACEMENT_3D('',#3259,#2570,#2571);
#2244=AXIS2_PLACEMENT_3D('',#3263,#2573,#2574);
#2245=AXIS2_PLACEMENT_3D('',#3267,#2576,#2577);
#2246=AXIS2_PLACEMENT_3D('',#3271,#2579,#2580);
#2247=AXIS2_PLACEMENT_3D('',#3275,#2582,#2583);
#2248=AXIS2_PLACEMENT_3D('',#3279,#2585,#2586);
#2249=AXIS2_PLACEMENT_3D('',#3283,#2588,#2589);
#2250=AXIS2_PLACEMENT_3D('',#3287,#2591,#2592);
#2251=AXIS2_PLACEMENT_3D('',#3291,#2594,#2595);
#2252=AXIS2_PLACEMENT_3D('',#3295,#2597,#2598);
#2253=AXIS2_PLACEMENT_3D('',#3299,#2600,#2601);
#2254=AXIS2_PLACEMENT_3D('',#3303,#2603,#2604);
#2255=AXIS2_PLACEMENT_3D('',#3307,#2606,#2607);
#2256=AXIS2_PLACEMENT_3D('',#3311,#2609,#2610);
#2257=AXIS2_PLACEMENT_3D('',#3312,#2611,#2612);
#2258=AXIS2_PLACEMENT_3D('',#3314,#2613,#2614);
#2259=AXIS2_PLACEMENT_3D('',#3316,#2615,#2616);
#2260=AXIS2_PLACEMENT_3D('',#3318,#2617,#2618);
#2261=AXIS2_PLACEMENT_3D('',#3320,#2619,#2620);
#2262=AXIS2_PLACEMENT_3D('',#3322,#2621,#2622);
#2263=AXIS2_PLACEMENT_3D('',#3324,#2623,#2624);
#2264=AXIS2_PLACEMENT_3D('',#3326,#2625,#2626);
#2265=AXIS2_PLACEMENT_3D('',#3328,#2627,#2628);
#2266=AXIS2_PLACEMENT_3D('',#3330,#2629,#2630);
#2267=AXIS2_PLACEMENT_3D('',#3335,#2632,#2633);
#2268=AXIS2_PLACEMENT_3D('',#3339,#2635,#2636);
#2269=AXIS2_PLACEMENT_3D('',#3343,#2638,#2639);
#2270=AXIS2_PLACEMENT_3D('',#3347,#2641,#2642);
#2271=AXIS2_PLACEMENT_3D('',#3351,#2644,#2645);
#2272=AXIS2_PLACEMENT_3D('',#3355,#2647,#2648);
#2273=AXIS2_PLACEMENT_3D('',#3359,#2650,#2651);
#2274=AXIS2_PLACEMENT_3D('',#3363,#2653,#2654);
#2275=AXIS2_PLACEMENT_3D('',#3367,#2656,#2657);
#2276=AXIS2_PLACEMENT_3D('',#3371,#2659,#2660);
#2277=AXIS2_PLACEMENT_3D('',#3372,#2661,#2662);
#2278=AXIS2_PLACEMENT_3D('',#3373,#2663,#2664);
#2279=AXIS2_PLACEMENT_3D('',#3375,#2665,#2666);
#2280=AXIS2_PLACEMENT_3D('',#3377,#2667,#2668);
#2281=AXIS2_PLACEMENT_3D('',#3378,#2669,#2670);
#2282=AXIS2_PLACEMENT_3D('',#3380,#2671,#2672);
#2283=AXIS2_PLACEMENT_3D('',#3382,#2673,#2674);
#2284=AXIS2_PLACEMENT_3D('',#3383,#2675,#2676);
#2285=AXIS2_PLACEMENT_3D('',#3385,#2677,#2678);
#2286=AXIS2_PLACEMENT_3D('',#3387,#2679,#2680);
#2287=AXIS2_PLACEMENT_3D('',#3388,#2681,#2682);
#2288=AXIS2_PLACEMENT_3D('',#3390,#2683,#2684);
#2289=AXIS2_PLACEMENT_3D('',#3392,#2685,#2686);
#2290=AXIS2_PLACEMENT_3D('',#3395,#2689,#2690);
#2291=AXIS2_PLACEMENT_3D('',#3398,#2693,#2694);
#2292=AXIS2_PLACEMENT_3D('',#3401,#2697,#2698);
#2293=AXIS2_PLACEMENT_3D('',#3404,#2701,#2702);
#2294=AXIS2_PLACEMENT_3D('',#3405,#2703,#2704);
#2295=AXIS2_PLACEMENT_3D('',#3407,#2705,#2706);
#2296=AXIS2_PLACEMENT_3D('',#3408,#2707,#2708);
#2297=AXIS2_PLACEMENT_3D('',#3409,#2709,#2710);
#2298=AXIS2_PLACEMENT_3D('',#3411,#2711,#2712);
#2299=AXIS2_PLACEMENT_3D('',#3412,#2713,#2714);
#2300=AXIS2_PLACEMENT_3D('',#3413,#2715,#2716);
#2301=AXIS2_PLACEMENT_3D('',#3415,#2717,#2718);
#2302=AXIS2_PLACEMENT_3D('',#3416,#2719,#2720);
#2303=AXIS2_PLACEMENT_3D('',#3417,#2721,#2722);
#2304=AXIS2_PLACEMENT_3D('',#3419,#2723,#2724);
#2305=AXIS2_PLACEMENT_3D('',#3420,#2725,#2726);
#2306=AXIS2_PLACEMENT_3D('',#3421,#2727,#2728);
#2307=AXIS2_PLACEMENT_3D('',#3423,#2729,#2730);
#2308=AXIS2_PLACEMENT_3D('',#3424,#2731,#2732);
#2309=AXIS2_PLACEMENT_3D('',#3425,#2733,#2734);
#2310=AXIS2_PLACEMENT_3D('',#3427,#2735,#2736);
#2311=AXIS2_PLACEMENT_3D('',#3428,#2737,#2738);
#2312=AXIS2_PLACEMENT_3D('',#3429,#2739,#2740);
#2313=AXIS2_PLACEMENT_3D('',#3431,#2741,#2742);
#2314=AXIS2_PLACEMENT_3D('',#3433,#2743,#2744);
#2315=AXIS2_PLACEMENT_3D('',#3434,#2745,#2746);
#2316=AXIS2_PLACEMENT_3D('',#3436,#2747,#2748);
#2317=AXIS2_PLACEMENT_3D('',#3438,#2749,#2750);
#2318=AXIS2_PLACEMENT_3D('',#3439,#2751,#2752);
#2319=AXIS2_PLACEMENT_3D('',#3441,#2753,#2754);
#2320=AXIS2_PLACEMENT_3D('',#3443,#2755,#2756);
#2321=AXIS2_PLACEMENT_3D('',#3444,#2757,#2758);
#2322=AXIS2_PLACEMENT_3D('',#3446,#2759,#2760);
#2323=AXIS2_PLACEMENT_3D('',#3448,#2761,#2762);
#2324=AXIS2_PLACEMENT_3D('',#3449,#2763,#2764);
#2325=AXIS2_PLACEMENT_3D('',#3451,#2765,#2766);
#2326=AXIS2_PLACEMENT_3D('',#3452,#2767,#2768);
#2327=AXIS2_PLACEMENT_3D('',#3454,#2769,#2770);
#2328=AXIS2_PLACEMENT_3D('',#3455,#2771,#2772);
#2329=AXIS2_PLACEMENT_3D('',#3457,#2773,#2774);
#2330=AXIS2_PLACEMENT_3D('',#3458,#2775,#2776);
#2331=AXIS2_PLACEMENT_3D('',#3460,#2777,#2778);
#2332=AXIS2_PLACEMENT_3D('',#3461,#2779,#2780);
#2333=AXIS2_PLACEMENT_3D('',#3462,#2781,#2782);
#2334=AXIS2_PLACEMENT_3D('',#3463,#2783,#2784);
#2335=AXIS2_PLACEMENT_3D('',#3464,#2785,#2786);
#2336=AXIS2_PLACEMENT_3D('',#3465,#2787,#2788);
#2337=AXIS2_PLACEMENT_3D('',#3466,#2789,#2790);
#2338=AXIS2_PLACEMENT_3D('',#3467,#2791,#2792);
#2339=AXIS2_PLACEMENT_3D('',#3468,#2793,#2794);
#2340=AXIS2_PLACEMENT_3D('',#3474,#2798,#2799);
#2341=AXIS2_PLACEMENT_3D('',#3478,#2802,#2803);
#2342=AXIS2_PLACEMENT_3D('',#3482,#2806,#2807);
#2343=AXIS2_PLACEMENT_3D('',#3486,#2810,#2811);
#2344=AXIS2_PLACEMENT_3D('',#3490,#2814,#2815);
#2345=AXIS2_PLACEMENT_3D('',#3492,#2817,#2818);
#2346=AXIS2_PLACEMENT_3D('',#3493,#2819,#2820);
#2347=AXIS2_PLACEMENT_3D('',#3499,#2824,#2825);
#2348=AXIS2_PLACEMENT_3D('',#3503,#2828,#2829);
#2349=AXIS2_PLACEMENT_3D('',#3507,#2832,#2833);
#2350=AXIS2_PLACEMENT_3D('',#3511,#2836,#2837);
#2351=AXIS2_PLACEMENT_3D('',#3515,#2840,#2841);
#2352=AXIS2_PLACEMENT_3D('',#3517,#2843,#2844);
#2353=AXIS2_PLACEMENT_3D('',#3518,#2845,#2846);
#2354=AXIS2_PLACEMENT_3D('',#3524,#2850,#2851);
#2355=AXIS2_PLACEMENT_3D('',#3528,#2854,#2855);
#2356=AXIS2_PLACEMENT_3D('',#3532,#2858,#2859);
#2357=AXIS2_PLACEMENT_3D('',#3536,#2862,#2863);
#2358=AXIS2_PLACEMENT_3D('',#3540,#2866,#2867);
#2359=AXIS2_PLACEMENT_3D('',#3542,#2869,#2870);
#2360=AXIS2_PLACEMENT_3D('',#3543,#2871,#2872);
#2361=AXIS2_PLACEMENT_3D('',#3549,#2876,#2877);
#2362=AXIS2_PLACEMENT_3D('',#3553,#2880,#2881);
#2363=AXIS2_PLACEMENT_3D('',#3557,#2884,#2885);
#2364=AXIS2_PLACEMENT_3D('',#3561,#2888,#2889);
#2365=AXIS2_PLACEMENT_3D('',#3565,#2892,#2893);
#2366=AXIS2_PLACEMENT_3D('',#3567,#2895,#2896);
#2367=AXIS2_PLACEMENT_3D('',#3568,#2897,#2898);
#2368=AXIS2_PLACEMENT_3D('',#3569,#2899,#2900);
#2369=AXIS2_PLACEMENT_3D('',#3570,#2901,#2902);
#2370=AXIS2_PLACEMENT_3D('',#3571,#2903,#2904);
#2371=AXIS2_PLACEMENT_3D('',#3572,#2905,#2906);
#2372=AXIS2_PLACEMENT_3D('',#3575,#2909,#2910);
#2373=AXIS2_PLACEMENT_3D('',#3578,#2913,#2914);
#2374=AXIS2_PLACEMENT_3D('',#3581,#2917,#2918);
#2375=AXIS2_PLACEMENT_3D('',#3584,#2921,#2922);
#2376=AXIS2_PLACEMENT_3D('',#3587,#2925,#2926);
#2377=AXIS2_PLACEMENT_3D('',#3590,#2929,#2930);
#2378=AXIS2_PLACEMENT_3D('',#3593,#2933,#2934);
#2379=AXIS2_PLACEMENT_3D('',#3596,#2937,#2938);
#2380=AXIS2_PLACEMENT_3D('',#3599,#2941,#2942);
#2381=AXIS2_PLACEMENT_3D('',#3602,#2945,#2946);
#2382=AXIS2_PLACEMENT_3D('',#3605,#2949,#2950);
#2383=AXIS2_PLACEMENT_3D('',#3608,#2953,#2954);
#2384=AXIS2_PLACEMENT_3D('',#3611,#2957,#2958);
#2385=AXIS2_PLACEMENT_3D('',#3614,#2961,#2962);
#2386=AXIS2_PLACEMENT_3D('',#3617,#2965,#2966);
#2387=AXIS2_PLACEMENT_3D('',#3620,#2969,#2970);
#2388=AXIS2_PLACEMENT_3D('',#3623,#2973,#2974);
#2389=AXIS2_PLACEMENT_3D('',#3626,#2977,#2978);
#2390=AXIS2_PLACEMENT_3D('',#3629,#2981,#2982);
#2391=AXIS2_PLACEMENT_3D('',#3632,#2985,#2986);
#2392=AXIS2_PLACEMENT_3D('',#3635,#2989,#2990);
#2393=AXIS2_PLACEMENT_3D('',#3638,#2993,#2994);
#2394=AXIS2_PLACEMENT_3D('',#3641,#2997,#2998);
#2395=AXIS2_PLACEMENT_3D('',#3644,#3001,#3002);
#2396=AXIS2_PLACEMENT_3D('',#3645,#3003,#3004);
#2397=AXIS2_PLACEMENT_3D('',#3646,#3005,#3006);
#2398=AXIS2_PLACEMENT_3D('',#3647,#3007,#3008);
#2399=AXIS2_PLACEMENT_3D('',#3648,#3009,#3010);
#2400=AXIS2_PLACEMENT_3D('',#3649,#3011,#3012);
#2401=AXIS2_PLACEMENT_3D('',#3650,#3013,#3014);
#2402=AXIS2_PLACEMENT_3D('',#3651,#3015,#3016);
#2403=AXIS2_PLACEMENT_3D('',#3652,#3017,#3018);
#2404=AXIS2_PLACEMENT_3D('',#3653,#3019,#3020);
#2405=AXIS2_PLACEMENT_3D('',#3654,#3021,#3022);
#2406=AXIS2_PLACEMENT_3D('',#3655,#3023,#3024);
#2407=AXIS2_PLACEMENT_3D('',#3656,#3025,#3026);
#2408=AXIS2_PLACEMENT_3D('',#3657,#3027,#3028);
#2409=AXIS2_PLACEMENT_3D('',#3658,#3029,#3030);
#2410=AXIS2_PLACEMENT_3D('',#3659,#3031,#3032);
#2411=AXIS2_PLACEMENT_3D('',#3660,#3033,#3034);
#2412=AXIS2_PLACEMENT_3D('',#3661,#3035,#3036);
#2413=AXIS2_PLACEMENT_3D('',#3662,#3037,#3038);
#2414=AXIS2_PLACEMENT_3D('',#3663,#3039,#3040);
#2415=AXIS2_PLACEMENT_3D('',#3664,#3041,#3042);
#2416=AXIS2_PLACEMENT_3D('',#3665,#3043,#3044);
#2417=AXIS2_PLACEMENT_3D('',#3666,#3045,#3046);
#2418=AXIS2_PLACEMENT_3D('',#3667,#3047,#3048);
#2419=AXIS2_PLACEMENT_3D('',#3668,#3049,#3050);
#2420=AXIS2_PLACEMENT_3D('',#3669,#3051,#3052);
#2421=AXIS2_PLACEMENT_3D('',#3670,#3053,#3054);
#2422=AXIS2_PLACEMENT_3D('',#3671,#3055,#3056);
#2423=DIRECTION('',(0.,0.,1.));
#2424=DIRECTION('',(1.,0.,0.));
#2425=DIRECTION('',(0.,0.,1.));
#2426=DIRECTION('',(1.,0.,0.));
#2427=DIRECTION('',(-0.746513271675722,0.665370524754448,0.));
#2428=DIRECTION('',(0.,0.,1.));
#2429=DIRECTION('',(1.,0.,0.));
#2430=DIRECTION('',(0.746513271675722,0.665370524754448,0.));
#2431=DIRECTION('',(0.,0.,1.));
#2432=DIRECTION('',(1.,0.,0.));
#2433=DIRECTION('',(0.,-1.,0.));
#2434=DIRECTION('',(0.,0.,1.));
#2435=DIRECTION('',(1.,0.,0.));
#2436=DIRECTION('',(-1.,-1.82714869661285E-16,0.));
#2437=DIRECTION('',(0.,0.,1.));
#2438=DIRECTION('',(1.,0.,0.));
#2439=DIRECTION('',(0.746513271675722,0.665370524754448,0.));
#2440=DIRECTION('',(0.,0.,1.));
#2441=DIRECTION('',(1.,0.,0.));
#2442=DIRECTION('',(0.746513271675722,-0.665370524754448,0.));
#2443=DIRECTION('',(0.,0.,1.));
#2444=DIRECTION('',(1.,0.,0.));
#2445=DIRECTION('',(-1.,-1.29372022668005E-16,0.));
#2446=DIRECTION('',(0.,0.,1.));
#2447=DIRECTION('',(1.,0.,0.));
#2448=DIRECTION('',(0.686623532963714,0.72701315254982,0.));
#2449=DIRECTION('',(0.,0.,1.));
#2450=DIRECTION('',(1.,0.,0.));
#2451=DIRECTION('',(0.72701315254982,-0.686623532963714,0.));
#2452=DIRECTION('',(0.,0.,1.));
#2453=DIRECTION('',(1.,0.,0.));
#2454=DIRECTION('',(-0.72701315254982,0.686623532963715,0.));
#2455=DIRECTION('',(0.,0.,1.));
#2456=DIRECTION('',(1.,0.,0.));
#2457=DIRECTION('',(0.727013152549819,0.686623532963715,0.));
#2458=DIRECTION('',(0.,0.,1.));
#2459=DIRECTION('',(1.,0.,0.));
#2460=DIRECTION('',(1.02042557410401E-16,-1.,0.));
#2461=DIRECTION('',(0.,0.,1.));
#2462=DIRECTION('',(1.,0.,0.));
#2463=DIRECTION('',(-0.866025403784441,-0.5,0.));
#2464=DIRECTION('',(-0.866025403784436,0.5,0.));
#2465=DIRECTION('',(4.6225064576528E-15,1.,0.));
#2466=DIRECTION('',(0.866025403784441,0.5,0.));
#2467=DIRECTION('',(0.866025403784437,-0.5,0.));
#2468=DIRECTION('',(-4.6225064576528E-15,-1.,0.));
#2469=DIRECTION('',(-0.866025403784439,-0.5,0.));
#2470=DIRECTION('',(-0.866025403784438,0.5,0.));
#2471=DIRECTION('',(1.84900258306112E-15,1.,0.));
#2472=DIRECTION('',(0.866025403784439,0.5,0.));
#2473=DIRECTION('',(0.866025403784438,-0.5,0.));
#2474=DIRECTION('',(0.,-1.,0.));
#2475=DIRECTION('',(-0.86602540378444,-0.5,0.));
#2476=DIRECTION('',(-0.866025403784437,0.5,0.));
#2477=DIRECTION('',(3.69800516612223E-15,1.,0.));
#2478=DIRECTION('',(0.866025403784441,0.5,0.));
#2479=DIRECTION('',(0.866025403784438,-0.5,0.));
#2480=DIRECTION('',(-3.69800516612223E-15,-1.,0.));
#2481=DIRECTION('',(-0.866025403784438,-0.5,0.));
#2482=DIRECTION('',(-0.86602540378444,0.5,0.));
#2483=DIRECTION('',(-2.3112532288264E-15,1.,0.));
#2484=DIRECTION('',(0.866025403784438,0.5,0.));
#2485=DIRECTION('',(0.86602540378444,-0.5,0.));
#2486=DIRECTION('',(2.3112532288264E-15,-1.,0.));
#2487=DIRECTION('',(0.,0.,1.));
#2488=DIRECTION('',(1.,0.,0.));
#2489=DIRECTION('',(0.,0.,1.));
#2490=DIRECTION('',(1.,0.,0.));
#2491=DIRECTION('',(0.,0.,1.));
#2492=DIRECTION('',(1.,0.,0.));
#2493=DIRECTION('',(0.,0.,1.));
#2494=DIRECTION('',(1.,0.,0.));
#2495=DIRECTION('',(0.,0.,-1.));
#2496=DIRECTION('',(-1.,0.,0.));
#2497=DIRECTION('',(0.,0.,-1.));
#2498=DIRECTION('',(-1.,0.,0.));
#2499=DIRECTION('',(0.,0.,-1.));
#2500=DIRECTION('',(-1.,0.,0.));
#2501=DIRECTION('',(0.,0.,-1.));
#2502=DIRECTION('',(-1.,0.,0.));
#2503=DIRECTION('',(0.,0.,-1.));
#2504=DIRECTION('',(-1.,0.,0.));
#2505=DIRECTION('',(0.,0.,-1.));
#2506=DIRECTION('',(-1.,0.,0.));
#2507=DIRECTION('',(0.,-1.,0.));
#2508=DIRECTION('',(0.,0.,1.));
#2509=DIRECTION('',(1.,0.,0.));
#2510=DIRECTION('',(1.,0.,0.));
#2511=DIRECTION('',(0.,0.,1.));
#2512=DIRECTION('',(1.,0.,0.));
#2513=DIRECTION('',(0.,-1.,0.));
#2514=DIRECTION('',(0.,0.,1.));
#2515=DIRECTION('',(1.,0.,0.));
#2516=DIRECTION('',(1.,0.,0.));
#2517=DIRECTION('',(0.,0.,1.));
#2518=DIRECTION('',(1.,0.,0.));
#2519=DIRECTION('',(0.,-1.,0.));
#2520=DIRECTION('',(0.,0.,1.));
#2521=DIRECTION('',(1.,0.,0.));
#2522=DIRECTION('',(-0.727013152549819,0.686623532963715,0.));
#2523=DIRECTION('',(0.,0.,1.));
#2524=DIRECTION('',(1.,0.,0.));
#2525=DIRECTION('',(0.72701315254982,0.686623532963715,0.));
#2526=DIRECTION('',(0.,0.,1.));
#2527=DIRECTION('',(1.,0.,0.));
#2528=DIRECTION('',(0.72701315254982,0.686623532963714,0.));
#2529=DIRECTION('',(0.,0.,1.));
#2530=DIRECTION('',(1.,0.,0.));
#2531=DIRECTION('',(0.686623532963714,-0.72701315254982,0.));
#2532=DIRECTION('',(0.,0.,1.));
#2533=DIRECTION('',(1.,0.,0.));
#2534=DIRECTION('',(-1.,1.29372022668005E-16,0.));
#2535=DIRECTION('',(0.,0.,1.));
#2536=DIRECTION('',(1.,0.,0.));
#2537=DIRECTION('',(-1.,-3.65429739322569E-16,0.));
#2538=DIRECTION('',(0.,0.,1.));
#2539=DIRECTION('',(1.,0.,0.));
#2540=DIRECTION('',(0.746513271675722,0.665370524754449,0.));
#2541=DIRECTION('',(0.,0.,1.));
#2542=DIRECTION('',(1.,0.,0.));
#2543=DIRECTION('',(0.746513271675722,-0.665370524754448,0.));
#2544=DIRECTION('',(0.,0.,1.));
#2545=DIRECTION('',(1.,0.,0.));
#2546=DIRECTION('',(0.746513271675722,0.665370524754448,0.));
#2547=DIRECTION('',(0.,0.,1.));
#2548=DIRECTION('',(1.,0.,0.));
#2549=DIRECTION('',(8.46206573647223E-17,-1.,0.));
#2550=DIRECTION('',(0.,0.,1.));
#2551=DIRECTION('',(1.,0.,0.));
#2552=DIRECTION('',(-0.746513271675722,0.665370524754448,0.));
#2553=DIRECTION('',(0.,0.,1.));
#2554=DIRECTION('',(1.,0.,0.));
#2555=DIRECTION('',(0.,0.,1.));
#2556=DIRECTION('',(1.,0.,0.));
#2557=DIRECTION('',(0.746513271675722,-0.665370524754448,0.));
#2558=DIRECTION('',(0.,0.,1.));
#2559=DIRECTION('',(1.,0.,0.));
#2560=DIRECTION('',(0.746513271675722,0.665370524754449,0.));
#2561=DIRECTION('',(0.,0.,1.));
#2562=DIRECTION('',(1.,0.,0.));
#2563=DIRECTION('',(-1.,-3.65429739322569E-16,0.));
#2564=DIRECTION('',(0.,0.,1.));
#2565=DIRECTION('',(1.,0.,0.));
#2566=DIRECTION('',(0.,-1.,0.));
#2567=DIRECTION('',(0.,0.,1.));
#2568=DIRECTION('',(1.,0.,0.));
#2569=DIRECTION('',(0.746513271675722,0.665370524754448,0.));
#2570=DIRECTION('',(0.,0.,1.));
#2571=DIRECTION('',(1.,0.,0.));
#2572=DIRECTION('',(-0.746513271675722,0.665370524754448,0.));
#2573=DIRECTION('',(0.,0.,1.));
#2574=DIRECTION('',(1.,0.,0.));
#2575=DIRECTION('',(0.746513271675722,-0.665370524754448,0.));
#2576=DIRECTION('',(0.,0.,1.));
#2577=DIRECTION('',(1.,0.,0.));
#2578=DIRECTION('',(0.746513271675722,0.665370524754448,0.));
#2579=DIRECTION('',(0.,0.,1.));
#2580=DIRECTION('',(1.,0.,0.));
#2581=DIRECTION('',(-1.,-1.82714869661285E-16,0.));
#2582=DIRECTION('',(0.,0.,1.));
#2583=DIRECTION('',(1.,0.,0.));
#2584=DIRECTION('',(0.72701315254982,0.686623532963715,0.));
#2585=DIRECTION('',(0.,0.,1.));
#2586=DIRECTION('',(1.,0.,0.));
#2587=DIRECTION('',(-0.727013152549819,0.686623532963715,0.));
#2588=DIRECTION('',(0.,0.,1.));
#2589=DIRECTION('',(1.,0.,0.));
#2590=DIRECTION('',(0.,-1.,0.));
#2591=DIRECTION('',(0.,0.,1.));
#2592=DIRECTION('',(1.,0.,0.));
#2593=DIRECTION('',(0.72701315254982,-0.686623532963714,0.));
#2594=DIRECTION('',(0.,0.,1.));
#2595=DIRECTION('',(1.,0.,0.));
#2596=DIRECTION('',(0.686623532963714,0.72701315254982,0.));
#2597=DIRECTION('',(0.,0.,1.));
#2598=DIRECTION('',(1.,0.,0.));
#2599=DIRECTION('',(-1.,-1.29372022668005E-16,0.));
#2600=DIRECTION('',(0.,0.,1.));
#2601=DIRECTION('',(1.,0.,0.));
#2602=DIRECTION('',(1.02042557410401E-16,-1.,0.));
#2603=DIRECTION('',(0.,0.,1.));
#2604=DIRECTION('',(1.,0.,0.));
#2605=DIRECTION('',(0.727013152549819,0.686623532963715,0.));
#2606=DIRECTION('',(0.,0.,1.));
#2607=DIRECTION('',(1.,0.,0.));
#2608=DIRECTION('',(-0.72701315254982,0.686623532963715,0.));
#2609=DIRECTION('',(0.,0.,1.));
#2610=DIRECTION('',(1.,0.,0.));
#2611=DIRECTION('',(0.,0.,1.));
#2612=DIRECTION('',(1.,0.,0.));
#2613=DIRECTION('',(0.,0.,1.));
#2614=DIRECTION('',(1.,0.,0.));
#2615=DIRECTION('',(0.,0.,1.));
#2616=DIRECTION('',(1.,0.,0.));
#2617=DIRECTION('',(0.,0.,1.));
#2618=DIRECTION('',(1.,0.,0.));
#2619=DIRECTION('',(0.,0.,1.));
#2620=DIRECTION('',(1.,0.,0.));
#2621=DIRECTION('',(0.,0.,1.));
#2622=DIRECTION('',(1.,0.,0.));
#2623=DIRECTION('',(0.,0.,1.));
#2624=DIRECTION('',(1.,0.,0.));
#2625=DIRECTION('',(0.,0.,1.));
#2626=DIRECTION('',(1.,0.,0.));
#2627=DIRECTION('',(0.,0.,1.));
#2628=DIRECTION('',(1.,0.,0.));
#2629=DIRECTION('',(0.,0.,1.));
#2630=DIRECTION('',(1.,0.,0.));
#2631=DIRECTION('',(1.,0.,0.));
#2632=DIRECTION('',(0.,0.,1.));
#2633=DIRECTION('',(1.,0.,0.));
#2634=DIRECTION('',(0.,-1.,0.));
#2635=DIRECTION('',(0.,0.,1.));
#2636=DIRECTION('',(1.,0.,0.));
#2637=DIRECTION('',(1.,0.,0.));
#2638=DIRECTION('',(0.,0.,1.));
#2639=DIRECTION('',(1.,0.,0.));
#2640=DIRECTION('',(0.,-1.,0.));
#2641=DIRECTION('',(0.,0.,1.));
#2642=DIRECTION('',(1.,0.,0.));
#2643=DIRECTION('',(-1.,1.29372022668005E-16,0.));
#2644=DIRECTION('',(0.,0.,1.));
#2645=DIRECTION('',(1.,0.,0.));
#2646=DIRECTION('',(0.686623532963714,-0.72701315254982,0.));
#2647=DIRECTION('',(0.,0.,1.));
#2648=DIRECTION('',(1.,0.,0.));
#2649=DIRECTION('',(0.72701315254982,0.686623532963714,0.));
#2650=DIRECTION('',(0.,0.,1.));
#2651=DIRECTION('',(1.,0.,0.));
#2652=DIRECTION('',(-0.746513271675722,0.665370524754448,0.));
#2653=DIRECTION('',(0.,0.,1.));
#2654=DIRECTION('',(1.,0.,0.));
#2655=DIRECTION('',(8.46206573647224E-17,-1.,0.));
#2656=DIRECTION('',(0.,0.,1.));
#2657=DIRECTION('',(1.,0.,0.));
#2658=DIRECTION('',(0.746513271675722,0.665370524754448,0.));
#2659=DIRECTION('',(0.,0.,1.));
#2660=DIRECTION('',(1.,0.,0.));
#2661=DIRECTION('',(0.,0.,1.));
#2662=DIRECTION('',(1.,0.,0.));
#2663=DIRECTION('',(0.,0.,1.));
#2664=DIRECTION('',(1.,0.,0.));
#2665=DIRECTION('',(0.,0.,1.));
#2666=DIRECTION('',(1.,0.,0.));
#2667=DIRECTION('',(0.,0.,1.));
#2668=DIRECTION('',(1.,0.,0.));
#2669=DIRECTION('',(0.,0.,1.));
#2670=DIRECTION('',(1.,0.,0.));
#2671=DIRECTION('',(0.,0.,1.));
#2672=DIRECTION('',(1.,0.,0.));
#2673=DIRECTION('',(0.,0.,1.));
#2674=DIRECTION('',(1.,0.,0.));
#2675=DIRECTION('',(0.,0.,1.));
#2676=DIRECTION('',(1.,0.,0.));
#2677=DIRECTION('',(0.,0.,1.));
#2678=DIRECTION('',(1.,0.,0.));
#2679=DIRECTION('',(0.,0.,1.));
#2680=DIRECTION('',(1.,0.,0.));
#2681=DIRECTION('',(0.,0.,1.));
#2682=DIRECTION('',(1.,0.,0.));
#2683=DIRECTION('',(0.,0.,1.));
#2684=DIRECTION('',(1.,0.,0.));
#2685=DIRECTION('',(0.,1.,0.));
#2686=DIRECTION('',(0.,0.,1.));
#2687=DIRECTION('',(0.,0.,-1.));
#2688=DIRECTION('',(0.,0.,-1.));
#2689=DIRECTION('',(1.,0.,0.));
#2690=DIRECTION('',(0.,0.,-1.));
#2691=DIRECTION('',(0.,0.,-1.));
#2692=DIRECTION('',(0.,0.,-1.));
#2693=DIRECTION('',(0.,1.,0.));
#2694=DIRECTION('',(0.,0.,1.));
#2695=DIRECTION('',(0.,0.,-1.));
#2696=DIRECTION('',(0.,0.,-1.));
#2697=DIRECTION('',(1.,0.,0.));
#2698=DIRECTION('',(0.,0.,-1.));
#2699=DIRECTION('',(0.,0.,-1.));
#2700=DIRECTION('',(0.,0.,-1.));
#2701=DIRECTION('',(0.,0.,-1.));
#2702=DIRECTION('',(-1.,0.,0.));
#2703=DIRECTION('',(0.,0.,-1.));
#2704=DIRECTION('',(-1.,0.,0.));
#2705=DIRECTION('',(0.,0.,1.));
#2706=DIRECTION('',(1.,0.,0.));
#2707=DIRECTION('',(0.,0.,-1.));
#2708=DIRECTION('',(-1.,0.,0.));
#2709=DIRECTION('',(0.,0.,-1.));
#2710=DIRECTION('',(-1.,0.,0.));
#2711=DIRECTION('',(0.,0.,1.));
#2712=DIRECTION('',(1.,0.,0.));
#2713=DIRECTION('',(0.,0.,-1.));
#2714=DIRECTION('',(-1.,0.,0.));
#2715=DIRECTION('',(0.,0.,-1.));
#2716=DIRECTION('',(-1.,0.,0.));
#2717=DIRECTION('',(0.,0.,1.));
#2718=DIRECTION('',(1.,0.,0.));
#2719=DIRECTION('',(0.,0.,-1.));
#2720=DIRECTION('',(-1.,0.,0.));
#2721=DIRECTION('',(0.,0.,-1.));
#2722=DIRECTION('',(-1.,0.,0.));
#2723=DIRECTION('',(0.,0.,1.));
#2724=DIRECTION('',(1.,0.,0.));
#2725=DIRECTION('',(0.,0.,-1.));
#2726=DIRECTION('',(-1.,0.,0.));
#2727=DIRECTION('',(0.,0.,-1.));
#2728=DIRECTION('',(-1.,0.,0.));
#2729=DIRECTION('',(0.,0.,1.));
#2730=DIRECTION('',(1.,0.,0.));
#2731=DIRECTION('',(0.,0.,-1.));
#2732=DIRECTION('',(-1.,0.,0.));
#2733=DIRECTION('',(0.,0.,-1.));
#2734=DIRECTION('',(-1.,0.,0.));
#2735=DIRECTION('',(0.,0.,1.));
#2736=DIRECTION('',(1.,0.,0.));
#2737=DIRECTION('',(0.,0.,1.));
#2738=DIRECTION('',(1.,0.,0.));
#2739=DIRECTION('',(0.,0.,1.));
#2740=DIRECTION('',(1.,0.,0.));
#2741=DIRECTION('',(0.,0.,1.));
#2742=DIRECTION('',(1.,0.,0.));
#2743=DIRECTION('',(0.,0.,1.));
#2744=DIRECTION('',(1.,0.,0.));
#2745=DIRECTION('',(0.,0.,1.));
#2746=DIRECTION('',(1.,0.,0.));
#2747=DIRECTION('',(0.,0.,1.));
#2748=DIRECTION('',(1.,0.,0.));
#2749=DIRECTION('',(0.,0.,1.));
#2750=DIRECTION('',(1.,0.,0.));
#2751=DIRECTION('',(0.,0.,1.));
#2752=DIRECTION('',(1.,0.,0.));
#2753=DIRECTION('',(0.,0.,1.));
#2754=DIRECTION('',(1.,0.,0.));
#2755=DIRECTION('',(0.,0.,1.));
#2756=DIRECTION('',(1.,0.,0.));
#2757=DIRECTION('',(0.,0.,1.));
#2758=DIRECTION('',(1.,0.,0.));
#2759=DIRECTION('',(0.,0.,1.));
#2760=DIRECTION('',(1.,0.,0.));
#2761=DIRECTION('',(0.,0.,1.));
#2762=DIRECTION('',(1.,0.,0.));
#2763=DIRECTION('',(0.,0.,1.));
#2764=DIRECTION('',(1.,0.,0.));
#2765=DIRECTION('',(0.,0.,1.));
#2766=DIRECTION('',(1.,0.,0.));
#2767=DIRECTION('',(0.,0.,1.));
#2768=DIRECTION('',(1.,0.,0.));
#2769=DIRECTION('',(0.,0.,1.));
#2770=DIRECTION('',(1.,0.,0.));
#2771=DIRECTION('',(0.,0.,1.));
#2772=DIRECTION('',(1.,0.,0.));
#2773=DIRECTION('',(0.,0.,1.));
#2774=DIRECTION('',(1.,0.,0.));
#2775=DIRECTION('',(0.,0.,1.));
#2776=DIRECTION('',(1.,0.,0.));
#2777=DIRECTION('',(0.,0.,-1.));
#2778=DIRECTION('',(-1.,0.,0.));
#2779=DIRECTION('',(0.,0.,-1.));
#2780=DIRECTION('',(-1.,0.,0.));
#2781=DIRECTION('',(0.,0.,-1.));
#2782=DIRECTION('',(-1.,0.,0.));
#2783=DIRECTION('',(0.,0.,-1.));
#2784=DIRECTION('',(-1.,0.,0.));
#2785=DIRECTION('',(0.,0.,-1.));
#2786=DIRECTION('',(-1.,0.,0.));
#2787=DIRECTION('',(0.,0.,-1.));
#2788=DIRECTION('',(-1.,0.,0.));
#2789=DIRECTION('',(0.,0.,-1.));
#2790=DIRECTION('',(-1.,0.,0.));
#2791=DIRECTION('',(0.,0.,-1.));
#2792=DIRECTION('',(-1.,0.,0.));
#2793=DIRECTION('',(-0.5,0.866025403784437,0.));
#2794=DIRECTION('',(-0.866025403784438,-0.5,0.));
#2795=DIRECTION('',(0.,0.,1.));
#2796=DIRECTION('',(-0.866025403784437,-0.5,0.));
#2797=DIRECTION('',(0.,0.,1.));
#2798=DIRECTION('',(-1.,-2.3112532288264E-15,0.));
#2799=DIRECTION('',(2.3112532288264E-15,-1.,0.));
#2800=DIRECTION('',(0.,0.,1.));
#2801=DIRECTION('',(2.3112532288264E-15,-1.,0.));
#2802=DIRECTION('',(-0.5,-0.866025403784439,0.));
#2803=DIRECTION('',(0.86602540378444,-0.5,0.));
#2804=DIRECTION('',(0.,0.,1.));
#2805=DIRECTION('',(0.866025403784439,-0.5,0.));
#2806=DIRECTION('',(0.5,-0.866025403784437,0.));
#2807=DIRECTION('',(0.866025403784438,0.5,0.));
#2808=DIRECTION('',(0.,0.,1.));
#2809=DIRECTION('',(0.866025403784438,0.5,0.));
#2810=DIRECTION('',(1.,2.3112532288264E-15,0.));
#2811=DIRECTION('',(-2.3112532288264E-15,1.,0.));
#2812=DIRECTION('',(0.,0.,1.));
#2813=DIRECTION('',(-2.3112532288264E-15,1.,0.));
#2814=DIRECTION('',(0.5,0.86602540378444,0.));
#2815=DIRECTION('',(-0.86602540378444,0.5,0.));
#2816=DIRECTION('',(-0.86602540378444,0.5,0.));
#2817=DIRECTION('',(0.,0.,1.));
#2818=DIRECTION('',(1.,0.,0.));
#2819=DIRECTION('',(-0.5,0.86602540378444,0.));
#2820=DIRECTION('',(-0.86602540378444,-0.5,0.));
#2821=DIRECTION('',(0.,0.,1.));
#2822=DIRECTION('',(-0.86602540378444,-0.5,0.));
#2823=DIRECTION('',(0.,0.,1.));
#2824=DIRECTION('',(-1.,3.69800516612223E-15,0.));
#2825=DIRECTION('',(-3.69800516612223E-15,-1.,0.));
#2826=DIRECTION('',(0.,0.,1.));
#2827=DIRECTION('',(-3.69800516612223E-15,-1.,0.));
#2828=DIRECTION('',(-0.5,-0.866025403784437,0.));
#2829=DIRECTION('',(0.866025403784438,-0.5,0.));
#2830=DIRECTION('',(0.,0.,1.));
#2831=DIRECTION('',(0.866025403784438,-0.5,0.));
#2832=DIRECTION('',(0.5,-0.86602540378444,0.));
#2833=DIRECTION('',(0.866025403784441,0.5,0.));
#2834=DIRECTION('',(0.,0.,1.));
#2835=DIRECTION('',(0.86602540378444,0.5,0.));
#2836=DIRECTION('',(1.,-3.69800516612223E-15,0.));
#2837=DIRECTION('',(3.69800516612223E-15,1.,0.));
#2838=DIRECTION('',(0.,0.,1.));
#2839=DIRECTION('',(3.69800516612223E-15,1.,0.));
#2840=DIRECTION('',(0.5,0.866025403784437,0.));
#2841=DIRECTION('',(-0.866025403784437,0.5,0.));
#2842=DIRECTION('',(-0.866025403784437,0.5,0.));
#2843=DIRECTION('',(0.,0.,1.));
#2844=DIRECTION('',(1.,0.,0.));
#2845=DIRECTION('',(-0.5,0.866025403784439,0.));
#2846=DIRECTION('',(-0.866025403784439,-0.5,0.));
#2847=DIRECTION('',(0.,0.,1.));
#2848=DIRECTION('',(-0.866025403784439,-0.5,0.));
#2849=DIRECTION('',(0.,0.,1.));
#2850=DIRECTION('',(-1.,0.,0.));
#2851=DIRECTION('',(0.,0.,1.));
#2852=DIRECTION('',(0.,0.,1.));
#2853=DIRECTION('',(0.,-1.,0.));
#2854=DIRECTION('',(-0.5,-0.866025403784438,0.));
#2855=DIRECTION('',(0.866025403784438,-0.5,0.));
#2856=DIRECTION('',(0.,0.,1.));
#2857=DIRECTION('',(0.866025403784438,-0.5,0.));
#2858=DIRECTION('',(0.5,-0.866025403784439,0.));
#2859=DIRECTION('',(0.866025403784439,0.5,0.));
#2860=DIRECTION('',(0.,0.,1.));
#2861=DIRECTION('',(0.866025403784439,0.5,0.));
#2862=DIRECTION('',(1.,-1.84900258306112E-15,0.));
#2863=DIRECTION('',(1.84900258306112E-15,1.,0.));
#2864=DIRECTION('',(0.,0.,1.));
#2865=DIRECTION('',(1.84900258306112E-15,1.,0.));
#2866=DIRECTION('',(0.5,0.866025403784438,0.));
#2867=DIRECTION('',(-0.866025403784438,0.5,0.));
#2868=DIRECTION('',(-0.866025403784438,0.5,0.));
#2869=DIRECTION('',(0.,0.,1.));
#2870=DIRECTION('',(1.,0.,0.));
#2871=DIRECTION('',(-0.5,0.866025403784441,0.));
#2872=DIRECTION('',(-0.866025403784441,-0.5,0.));
#2873=DIRECTION('',(0.,0.,1.));
#2874=DIRECTION('',(-0.866025403784441,-0.5,0.));
#2875=DIRECTION('',(0.,0.,1.));
#2876=DIRECTION('',(-1.,4.62250645765279E-15,0.));
#2877=DIRECTION('',(-4.6225064576528E-15,-1.,0.));
#2878=DIRECTION('',(0.,0.,1.));
#2879=DIRECTION('',(-4.62250645765279E-15,-1.,0.));
#2880=DIRECTION('',(-0.5,-0.866025403784437,0.));
#2881=DIRECTION('',(0.866025403784437,-0.5,0.));
#2882=DIRECTION('',(0.,0.,1.));
#2883=DIRECTION('',(0.866025403784437,-0.5,0.));
#2884=DIRECTION('',(0.5,-0.866025403784441,0.));
#2885=DIRECTION('',(0.866025403784441,0.5,0.));
#2886=DIRECTION('',(0.,0.,1.));
#2887=DIRECTION('',(0.866025403784441,0.5,0.));
#2888=DIRECTION('',(1.,-4.6225064576528E-15,0.));
#2889=DIRECTION('',(4.6225064576528E-15,1.,0.));
#2890=DIRECTION('',(0.,0.,1.));
#2891=DIRECTION('',(4.6225064576528E-15,1.,0.));
#2892=DIRECTION('',(0.5,0.866025403784436,0.));
#2893=DIRECTION('',(-0.866025403784436,0.5,0.));
#2894=DIRECTION('',(-0.866025403784436,0.5,0.));
#2895=DIRECTION('',(0.,0.,1.));
#2896=DIRECTION('',(1.,0.,0.));
#2897=DIRECTION('',(0.,0.,-1.));
#2898=DIRECTION('',(-1.,0.,0.));
#2899=DIRECTION('',(0.,0.,1.));
#2900=DIRECTION('',(1.,0.,0.));
#2901=DIRECTION('',(0.,0.,1.));
#2902=DIRECTION('',(1.,0.,0.));
#2903=DIRECTION('',(0.,0.,-1.));
#2904=DIRECTION('',(-1.,0.,0.));
#2905=DIRECTION('',(0.686623532963715,0.72701315254982,0.));
#2906=DIRECTION('',(-0.72701315254982,0.686623532963715,0.));
#2907=DIRECTION('',(0.,0.,1.));
#2908=DIRECTION('',(0.,0.,1.));
#2909=DIRECTION('',(-1.,-1.02042557410401E-16,0.));
#2910=DIRECTION('',(1.02042557410401E-16,-1.,0.));
#2911=DIRECTION('',(0.,0.,1.));
#2912=DIRECTION('',(0.,0.,1.));
#2913=DIRECTION('',(0.686623532963715,-0.727013152549819,0.));
#2914=DIRECTION('',(0.727013152549819,0.686623532963715,0.));
#2915=DIRECTION('',(0.,0.,1.));
#2916=DIRECTION('',(0.,0.,1.));
#2917=DIRECTION('',(-1.29372022668005E-16,1.,0.));
#2918=DIRECTION('',(-1.,-1.29372022668005E-16,0.));
#2919=DIRECTION('',(0.,0.,1.));
#2920=DIRECTION('',(0.,0.,1.));
#2921=DIRECTION('',(-0.686623532963714,-0.72701315254982,0.));
#2922=DIRECTION('',(0.72701315254982,-0.686623532963714,0.));
#2923=DIRECTION('',(0.,0.,1.));
#2924=DIRECTION('',(0.,0.,1.));
#2925=DIRECTION('',(0.72701315254982,-0.686623532963714,0.));
#2926=DIRECTION('',(0.686623532963714,0.72701315254982,0.));
#2927=DIRECTION('',(0.,0.,1.));
#2928=DIRECTION('',(0.,0.,1.));
#2929=DIRECTION('',(0.686623532963715,-0.72701315254982,0.));
#2930=DIRECTION('',(0.72701315254982,0.686623532963715,0.));
#2931=DIRECTION('',(0.,0.,1.));
#2932=DIRECTION('',(0.,0.,1.));
#2933=DIRECTION('',(0.686623532963715,0.727013152549819,0.));
#2934=DIRECTION('',(-0.727013152549819,0.686623532963715,0.));
#2935=DIRECTION('',(0.,0.,1.));
#2936=DIRECTION('',(0.,0.,1.));
#2937=DIRECTION('',(-1.,0.,0.));
#2938=DIRECTION('',(0.,0.,1.));
#2939=DIRECTION('',(0.,0.,1.));
#2940=DIRECTION('',(0.,0.,1.));
#2941=DIRECTION('',(1.29372022668005E-16,1.,0.));
#2942=DIRECTION('',(-1.,1.29372022668005E-16,0.));
#2943=DIRECTION('',(0.,0.,1.));
#2944=DIRECTION('',(0.,0.,1.));
#2945=DIRECTION('',(-0.72701315254982,-0.686623532963714,0.));
#2946=DIRECTION('',(0.686623532963714,-0.72701315254982,0.));
#2947=DIRECTION('',(0.,0.,1.));
#2948=DIRECTION('',(0.,0.,1.));
#2949=DIRECTION('',(0.686623532963714,-0.72701315254982,0.));
#2950=DIRECTION('',(0.72701315254982,0.686623532963714,0.));
#2951=DIRECTION('',(0.,0.,1.));
#2952=DIRECTION('',(0.,0.,1.));
#2953=DIRECTION('',(-1.82714869661285E-16,1.,0.));
#2954=DIRECTION('',(-1.,-1.82714869661285E-16,0.));
#2955=DIRECTION('',(0.,0.,1.));
#2956=DIRECTION('',(0.,0.,1.));
#2957=DIRECTION('',(-0.665370524754448,-0.746513271675722,0.));
#2958=DIRECTION('',(0.746513271675722,-0.665370524754448,0.));
#2959=DIRECTION('',(0.,0.,1.));
#2960=DIRECTION('',(0.,0.,1.));
#2961=DIRECTION('',(0.665370524754448,-0.746513271675722,0.));
#2962=DIRECTION('',(0.746513271675722,0.665370524754448,0.));
#2963=DIRECTION('',(0.,0.,1.));
#2964=DIRECTION('',(0.,0.,1.));
#2965=DIRECTION('',(0.665370524754448,0.746513271675722,0.));
#2966=DIRECTION('',(-0.746513271675722,0.665370524754448,0.));
#2967=DIRECTION('',(0.,0.,1.));
#2968=DIRECTION('',(0.,0.,1.));
#2969=DIRECTION('',(-1.,0.,0.));
#2970=DIRECTION('',(0.,0.,1.));
#2971=DIRECTION('',(0.,0.,1.));
#2972=DIRECTION('',(0.,0.,1.));
#2973=DIRECTION('',(0.665370524754448,-0.746513271675722,0.));
#2974=DIRECTION('',(0.746513271675722,0.665370524754448,0.));
#2975=DIRECTION('',(0.,0.,1.));
#2976=DIRECTION('',(0.,0.,1.));
#2977=DIRECTION('',(-0.665370524754448,-0.746513271675722,0.));
#2978=DIRECTION('',(0.746513271675722,-0.665370524754448,0.));
#2979=DIRECTION('',(0.,0.,1.));
#2980=DIRECTION('',(0.,0.,1.));
#2981=DIRECTION('',(0.665370524754449,-0.746513271675722,0.));
#2982=DIRECTION('',(0.746513271675722,0.665370524754449,0.));
#2983=DIRECTION('',(0.,0.,1.));
#2984=DIRECTION('',(0.,0.,1.));
#2985=DIRECTION('',(-3.65429739322569E-16,1.,0.));
#2986=DIRECTION('',(-1.,-3.65429739322569E-16,0.));
#2987=DIRECTION('',(0.,0.,1.));
#2988=DIRECTION('',(0.,0.,1.));
#2989=DIRECTION('',(0.665370524754448,0.746513271675722,0.));
#2990=DIRECTION('',(-0.746513271675722,0.665370524754448,0.));
#2991=DIRECTION('',(0.,0.,1.));
#2992=DIRECTION('',(0.,0.,1.));
#2993=DIRECTION('',(-1.,-8.46206573647223E-17,0.));
#2994=DIRECTION('',(8.46206573647224E-17,-1.,0.));
#2995=DIRECTION('',(0.,0.,1.));
#2996=DIRECTION('',(0.,0.,1.));
#2997=DIRECTION('',(0.665370524754448,-0.746513271675722,0.));
#2998=DIRECTION('',(0.746513271675722,0.665370524754448,0.));
#2999=DIRECTION('',(0.,0.,1.));
#3000=DIRECTION('',(0.,0.,1.));
#3001=DIRECTION('',(0.,0.,-1.));
#3002=DIRECTION('',(-1.,0.,0.));
#3003=DIRECTION('',(0.,0.,-1.));
#3004=DIRECTION('',(-1.,0.,0.));
#3005=DIRECTION('',(0.,0.,-1.));
#3006=DIRECTION('',(-1.,0.,0.));
#3007=DIRECTION('',(0.,0.,-1.));
#3008=DIRECTION('',(-1.,0.,0.));
#3009=DIRECTION('',(0.,0.,-1.));
#3010=DIRECTION('',(-1.,0.,0.));
#3011=DIRECTION('',(0.,0.,-1.));
#3012=DIRECTION('',(-1.,0.,0.));
#3013=DIRECTION('',(0.,0.,-1.));
#3014=DIRECTION('',(-1.,0.,0.));
#3015=DIRECTION('',(0.,0.,-1.));
#3016=DIRECTION('',(-1.,0.,0.));
#3017=DIRECTION('',(0.,0.,-1.));
#3018=DIRECTION('',(-1.,0.,0.));
#3019=DIRECTION('',(0.,0.,-1.));
#3020=DIRECTION('',(-1.,0.,0.));
#3021=DIRECTION('',(0.,0.,-1.));
#3022=DIRECTION('',(-1.,0.,0.));
#3023=DIRECTION('',(0.,0.,-1.));
#3024=DIRECTION('',(-1.,0.,0.));
#3025=DIRECTION('',(0.,0.,-1.));
#3026=DIRECTION('',(-1.,0.,0.));
#3027=DIRECTION('',(0.,0.,-1.));
#3028=DIRECTION('',(-1.,0.,0.));
#3029=DIRECTION('',(0.,0.,-1.));
#3030=DIRECTION('',(-1.,0.,0.));
#3031=DIRECTION('',(0.,0.,-1.));
#3032=DIRECTION('',(-1.,0.,0.));
#3033=DIRECTION('',(0.,0.,-1.));
#3034=DIRECTION('',(-1.,0.,0.));
#3035=DIRECTION('',(0.,0.,-1.));
#3036=DIRECTION('',(-1.,0.,0.));
#3037=DIRECTION('',(0.,0.,-1.));
#3038=DIRECTION('',(-1.,0.,0.));
#3039=DIRECTION('',(0.,0.,-1.));
#3040=DIRECTION('',(-1.,0.,0.));
#3041=DIRECTION('',(0.,0.,-1.));
#3042=DIRECTION('',(-1.,0.,0.));
#3043=DIRECTION('',(0.,0.,-1.));
#3044=DIRECTION('',(-1.,0.,0.));
#3045=DIRECTION('',(0.,0.,-1.));
#3046=DIRECTION('',(-1.,0.,0.));
#3047=DIRECTION('',(0.,0.,-1.));
#3048=DIRECTION('',(-1.,0.,0.));
#3049=DIRECTION('',(0.,0.,1.));
#3050=DIRECTION('',(1.,0.,0.));
#3051=DIRECTION('',(0.,0.,1.));
#3052=DIRECTION('',(1.,0.,0.));
#3053=DIRECTION('',(0.,0.,1.));
#3054=DIRECTION('',(1.,0.,0.));
#3055=DIRECTION('',(0.,0.,1.));
#3056=DIRECTION('',(1.,0.,0.));
#3057=CARTESIAN_POINT('',(0.,0.,0.));
#3058=CARTESIAN_POINT('',(0.,0.,0.008));
#3059=CARTESIAN_POINT('',(-0.0534325,0.01275,0.008));
#3060=CARTESIAN_POINT('',(-0.0436076029510772,0.00399302654335146,0.008));
#3061=CARTESIAN_POINT('',(-0.0616017589504911,0.0200312960210899,0.008));
#3062=CARTESIAN_POINT('',(-0.0449383440005861,0.0025,0.008));
#3063=CARTESIAN_POINT('',(-0.0436076029510772,0.00100697345664857,0.008));
#3064=CARTESIAN_POINT('',(-0.0534325,-0.00775,0.008));
#3065=CARTESIAN_POINT('',(-0.0616017589504911,-0.0150312960210899,0.008));
#3066=CARTESIAN_POINT('',(-0.0629325,-0.0135382694777384,0.008));
#3067=CARTESIAN_POINT('',(-0.0649325,-0.0135382694777384,0.008));
#3068=CARTESIAN_POINT('',(-0.0649325,0.0025,0.008));
#3069=CARTESIAN_POINT('',(-0.0649325,0.0185382694777384,0.008));
#3070=CARTESIAN_POINT('',(-0.0629325,0.0185382694777384,0.008));
#3071=CARTESIAN_POINT('',(-0.0399325,0.023,0.008));
#3072=CARTESIAN_POINT('',(-0.0261939344407828,0.023,0.008));
#3073=CARTESIAN_POINT('',(-0.0536710655592172,0.023,0.008));
#3074=CARTESIAN_POINT('',(-0.0261939344407828,0.021,0.008));
#3075=CARTESIAN_POINT('',(-0.0248631933912739,0.0195069734566485,0.008));
#3076=CARTESIAN_POINT('',(-0.0304383440005861,0.0145378174787833,0.008));
#3077=CARTESIAN_POINT('',(-0.0386017589504911,0.00726173024082453,0.008));
#3078=CARTESIAN_POINT('',(-0.0399325,0.00875475678417597,0.008));
#3079=CARTESIAN_POINT('',(-0.0412632410495089,0.00726173024082452,0.008));
#3080=CARTESIAN_POINT('',(-0.0494266559994139,0.0145378174787833,0.008));
#3081=CARTESIAN_POINT('',(-0.0550018066087261,0.0195069734566485,0.008));
#3082=CARTESIAN_POINT('',(-0.0536710655592172,0.021,0.008));
#3083=CARTESIAN_POINT('',(0.0333019078751705,0.017,0.008));
#3084=CARTESIAN_POINT('',(0.0420708363337865,0.017,0.008));
#3085=CARTESIAN_POINT('',(0.0249235600492753,0.017,0.008));
#3086=CARTESIAN_POINT('',(0.0420708363337865,0.015,0.008));
#3087=CARTESIAN_POINT('',(0.0435248626388862,0.0136267529340725,0.008));
#3088=CARTESIAN_POINT('',(0.04038910354502,0.0103065374229199,0.008));
#3089=CARTESIAN_POINT('',(0.0354407470659275,0.00506710115093962,0.008));
#3090=CARTESIAN_POINT('',(0.0339867207608278,0.00644034821686705,0.008));
#3091=CARTESIAN_POINT('',(0.0326134736949003,0.0049863219117674,0.008));
#3092=CARTESIAN_POINT('',(0.0269803043301506,0.0103065374229199,0.008));
#3093=CARTESIAN_POINT('',(0.0235503129833478,0.0135459736949003,0.008));
#3094=CARTESIAN_POINT('',(0.0249235600492753,0.015,0.008));
#3095=CARTESIAN_POINT('',(0.0230675,0.0085,0.008));
#3096=CARTESIAN_POINT('',(0.0305279427357769,0.00145402630509964,0.008));
#3097=CARTESIAN_POINT('',(0.0174407470659274,0.0138141555488463,0.008));
#3098=CARTESIAN_POINT('',(0.0291546956698494,5.20417042793042E-18,0.008));
#3099=CARTESIAN_POINT('',(0.0305279427357769,-0.00145402630509963,0.008));
#3100=CARTESIAN_POINT('',(0.0230675,-0.0085,0.008));
#3101=CARTESIAN_POINT('',(0.0174407470659274,-0.0138141555488463,0.008));
#3102=CARTESIAN_POINT('',(0.0160675,-0.0123601292437466,0.008));
#3103=CARTESIAN_POINT('',(0.0140675,-0.0123601292437466,0.008));
#3104=CARTESIAN_POINT('',(0.0140675,-6.93889390390723E-18,0.008));
#3105=CARTESIAN_POINT('',(0.0140675,0.0123601292437466,0.008));
#3106=CARTESIAN_POINT('',(0.0160675,0.0123601292437466,0.008));
#3107=CARTESIAN_POINT('',(0.00998514173973654,-0.0172947728140006,0.008));
#3108=CARTESIAN_POINT('',(0.0100675,-0.0172472232502674,0.008));
#3109=CARTESIAN_POINT('',(0.0068175,-0.0191236116251337,0.008));
#3110=CARTESIAN_POINT('',(-0.0049513917397366,-0.00857606206140055,0.008));
#3111=CARTESIAN_POINT('',(0.0133175,-0.0191236116251338,0.008));
#3112=CARTESIAN_POINT('',(0.0133175,-6.15602297497916E-17,0.008));
#3113=CARTESIAN_POINT('',(0.0133175,-0.0228763883748663,0.008));
#3114=CARTESIAN_POINT('',(0.0132351417397365,-0.0229239379385995,0.008));
#3115=CARTESIAN_POINT('',(0.0100675,-0.0247527767497326,0.008));
#3116=CARTESIAN_POINT('',(-0.00820139173973663,-0.0142052271859994,0.008));
#3117=CARTESIAN_POINT('',(0.0068175,-0.0228763883748663,0.008));
#3118=CARTESIAN_POINT('',(0.0068175000000001,-3.15139377750484E-17,0.008));
#3119=CARTESIAN_POINT('',(0.0219851417397365,-0.038079382504827,0.008));
#3120=CARTESIAN_POINT('',(0.0580675,-0.0172472232502674,0.008));
#3121=CARTESIAN_POINT('',(0.0548175,-0.0191236116251337,0.008));
#3122=CARTESIAN_POINT('',(0.0070486082602635,0.012208547629426,0.008));
#3123=CARTESIAN_POINT('',(0.0613175,-0.0191236116251337,0.008));
#3124=CARTESIAN_POINT('',(0.0613175,-1.1337621588685E-16,0.008));
#3125=CARTESIAN_POINT('',(0.0613175,-0.0228763883748663,0.008));
#3126=CARTESIAN_POINT('',(0.0252351417397366,-0.0437085476294259,0.008));
#3127=CARTESIAN_POINT('',(0.0580675,-0.0247527767497326,0.008));
#3128=CARTESIAN_POINT('',(0.00379860826026348,0.00657938250482713,0.008));
#3129=CARTESIAN_POINT('',(0.0548175,-0.0228763883748663,0.008));
#3130=CARTESIAN_POINT('',(0.0548175,0.,0.008));
#3131=CARTESIAN_POINT('',(0.00379860826026331,-0.0065793825048269,0.008));
#3132=CARTESIAN_POINT('',(0.0580675,0.0247527767497326,0.008));
#3133=CARTESIAN_POINT('',(0.0548175,0.0228763883748663,0.008));
#3134=CARTESIAN_POINT('',(0.0252351417397369,0.0437085476294259,0.008));
#3135=CARTESIAN_POINT('',(0.0613175,0.0228763883748663,0.008));
#3136=CARTESIAN_POINT('',(0.0613175,-2.267524317737E-16,0.008));
#3137=CARTESIAN_POINT('',(0.0613175,0.0191236116251338,0.008));
#3138=CARTESIAN_POINT('',(0.00704860826026325,-0.0122085476294257,0.008));
#3139=CARTESIAN_POINT('',(0.0580675,0.0172472232502674,0.008));
#3140=CARTESIAN_POINT('',(0.0219851417397367,0.0380793825048271,0.008));
#3141=CARTESIAN_POINT('',(0.0548175,0.0191236116251338,0.008));
#3142=CARTESIAN_POINT('',(0.0548175,-2.02715398193905E-16,0.008));
#3143=CARTESIAN_POINT('',(-0.00820139173973662,0.0142052271859994,0.008));
#3144=CARTESIAN_POINT('',(0.0100675,0.0247527767497326,0.008));
#3145=CARTESIAN_POINT('',(0.0068175,0.0228763883748663,0.008));
#3146=CARTESIAN_POINT('',(0.0132351417397366,0.0229239379385994,0.008));
#3147=CARTESIAN_POINT('',(0.0133175,0.0228763883748663,0.008));
#3148=CARTESIAN_POINT('',(0.0133175,3.07801148748957E-17,0.008));
#3149=CARTESIAN_POINT('',(0.0133175,0.0191236116251337,0.008));
#3150=CARTESIAN_POINT('',(-0.00495139173973661,0.00857606206140061,0.008));
#3151=CARTESIAN_POINT('',(0.0100675,0.0172472232502674,0.008));
#3152=CARTESIAN_POINT('',(0.00998514173973657,0.0172947728140005,0.008));
#3153=CARTESIAN_POINT('',(0.0068175,0.0191236116251337,0.008));
#3154=CARTESIAN_POINT('',(0.0068175,1.57569688875241E-17,0.008));
#3155=CARTESIAN_POINT('',(-0.0689325,-0.022,0.008));
#3156=CARTESIAN_POINT('',(-0.0639325,-0.022,0.008));
#3157=CARTESIAN_POINT('',(-0.0109325,-0.022,0.008));
#3158=CARTESIAN_POINT('',(-0.0059325,-0.022,0.008));
#3159=CARTESIAN_POINT('',(-0.0109325,0.027,0.008));
#3160=CARTESIAN_POINT('',(-0.0059325,0.027,0.008));
#3161=CARTESIAN_POINT('',(-0.0689325,0.027,0.008));
#3162=CARTESIAN_POINT('',(-0.0639325,0.027,0.008));
#3163=CARTESIAN_POINT('',(-0.0809325,-3.46944695195361E-18,0.008));
#3164=CARTESIAN_POINT('',(-0.0854125,-3.46944695195361E-18,0.008));
#3165=CARTESIAN_POINT('',(-0.0809325,-0.03,0.008));
#3166=CARTESIAN_POINT('',(-0.0854125,-0.03,0.008));
#3167=CARTESIAN_POINT('',(0.0809325,0.03,0.008));
#3168=CARTESIAN_POINT('',(0.0764525,0.03,0.008));
#3169=CARTESIAN_POINT('',(0.0809325,3.46944695195361E-18,0.008));
#3170=CARTESIAN_POINT('',(0.0764525,3.46944695195361E-18,0.008));
#3171=CARTESIAN_POINT('',(0.0809325,-0.03,0.008));
#3172=CARTESIAN_POINT('',(0.0764525,-0.03,0.008));
#3173=CARTESIAN_POINT('',(-0.0809325,0.03,0.008));
#3174=CARTESIAN_POINT('',(-0.0854125,0.03,0.008));
#3175=CARTESIAN_POINT('',(0.0909325,6.93889390390723E-18,0.008));
#3176=CARTESIAN_POINT('',(0.0909325,0.032,0.008));
#3177=CARTESIAN_POINT('',(0.0909325,-0.032,0.008));
#3178=CARTESIAN_POINT('',(0.0829325,0.032,0.008));
#3179=CARTESIAN_POINT('',(0.0829325,0.04,0.008));
#3180=CARTESIAN_POINT('',(0.,0.04,0.008));
#3181=CARTESIAN_POINT('',(-0.0829325,0.04,0.008));
#3182=CARTESIAN_POINT('',(-0.0829325,0.032,0.008));
#3183=CARTESIAN_POINT('',(-0.0909325,0.032,0.008));
#3184=CARTESIAN_POINT('',(-0.0909325,0.,0.008));
#3185=CARTESIAN_POINT('',(-0.0909325,-0.032,0.008));
#3186=CARTESIAN_POINT('',(-0.0829325,-0.032,0.008));
#3187=CARTESIAN_POINT('',(-0.0829325,-0.04,0.008));
#3188=CARTESIAN_POINT('',(-6.93889390390723E-18,-0.04,0.008));
#3189=CARTESIAN_POINT('',(0.0829325,-0.04,0.008));
#3190=CARTESIAN_POINT('',(0.0829325,-0.032,0.008));
#3191=CARTESIAN_POINT('',(0.0540675,-6.93889390390723E-18,0.008));
#3192=CARTESIAN_POINT('',(0.0540675,0.0123601292437466,0.008));
#3193=CARTESIAN_POINT('',(0.0540675,-0.0123601292437466,0.008));
#3194=CARTESIAN_POINT('',(0.0520675,-0.0123601292437466,0.008));
#3195=CARTESIAN_POINT('',(0.0506942529340726,-0.0138141555488463,0.008));
#3196=CARTESIAN_POINT('',(0.0450675,-0.0085,0.008));
#3197=CARTESIAN_POINT('',(0.0376070572642231,-0.00145402630509964,0.008));
#3198=CARTESIAN_POINT('',(0.0389803043301506,-4.33680868994202E-18,0.008));
#3199=CARTESIAN_POINT('',(0.0376070572642231,0.00145402630509964,0.008));
#3200=CARTESIAN_POINT('',(0.0450675,0.0085,0.008));
#3201=CARTESIAN_POINT('',(0.0506942529340726,0.0138141555488462,0.008));
#3202=CARTESIAN_POINT('',(0.0520675,0.0123601292437466,0.008));
#3203=CARTESIAN_POINT('',(0.0269803043301506,-0.01030653742292,0.008));
#3204=CARTESIAN_POINT('',(0.0235503129833478,-0.0135459736949003,0.008));
#3205=CARTESIAN_POINT('',(0.0326134736949003,-0.00498632191176742,0.008));
#3206=CARTESIAN_POINT('',(0.0339867207608278,-0.00644034821686706,0.008));
#3207=CARTESIAN_POINT('',(0.0354407470659275,-0.00506710115093963,0.008));
#3208=CARTESIAN_POINT('',(0.04038910354502,-0.01030653742292,0.008));
#3209=CARTESIAN_POINT('',(0.0435248626388862,-0.0136267529340725,0.008));
#3210=CARTESIAN_POINT('',(0.0420708363337865,-0.015,0.008));
#3211=CARTESIAN_POINT('',(0.0420708363337865,-0.017,0.008));
#3212=CARTESIAN_POINT('',(0.0333019078751705,-0.017,0.008));
#3213=CARTESIAN_POINT('',(0.0249235600492753,-0.017,0.008));
#3214=CARTESIAN_POINT('',(0.0249235600492753,-0.015,0.008));
#3215=CARTESIAN_POINT('',(-0.0399325,-0.018,0.008));
#3216=CARTESIAN_POINT('',(-0.0261939344407828,-0.018,0.008));
#3217=CARTESIAN_POINT('',(-0.0536710655592172,-0.018,0.008));
#3218=CARTESIAN_POINT('',(-0.0536710655592172,-0.016,0.008));
#3219=CARTESIAN_POINT('',(-0.0550018066087261,-0.0145069734566486,0.008));
#3220=CARTESIAN_POINT('',(-0.0494266559994139,-0.0095378174787833,0.008));
#3221=CARTESIAN_POINT('',(-0.0412632410495089,-0.00226173024082452,0.008));
#3222=CARTESIAN_POINT('',(-0.0399325,-0.00375475678417597,0.008));
#3223=CARTESIAN_POINT('',(-0.0386017589504911,-0.00226173024082452,0.008));
#3224=CARTESIAN_POINT('',(-0.0304383440005861,-0.00953781747878328,0.008));
#3225=CARTESIAN_POINT('',(-0.0248631933912739,-0.0145069734566486,0.008));
#3226=CARTESIAN_POINT('',(-0.0261939344407828,-0.016,0.008));
#3227=CARTESIAN_POINT('',(-0.0264325,0.01275,0.008));
#3228=CARTESIAN_POINT('',(-0.0362573970489228,0.00399302654335146,0.008));
#3229=CARTESIAN_POINT('',(-0.0182632410495089,0.0200312960210899,0.008));
#3230=CARTESIAN_POINT('',(-0.0169325,0.0185382694777385,0.008));
#3231=CARTESIAN_POINT('',(-0.0149325,0.0185382694777385,0.008));
#3232=CARTESIAN_POINT('',(-0.0149325,0.0025,0.008));
#3233=CARTESIAN_POINT('',(-0.0149325,-0.0135382694777384,0.008));
#3234=CARTESIAN_POINT('',(-0.0169325,-0.0135382694777384,0.008));
#3235=CARTESIAN_POINT('',(-0.0182632410495089,-0.0150312960210899,0.008));
#3236=CARTESIAN_POINT('',(-0.0264325,-0.00775,0.008));
#3237=CARTESIAN_POINT('',(-0.0362573970489228,0.00100697345664858,0.008));
#3238=CARTESIAN_POINT('',(-0.0349266559994139,0.0025,0.008));
#3239=CARTESIAN_POINT('',(0.,0.,0.));
#3240=CARTESIAN_POINT('',(-0.0182131103581697,-0.0204342213774587,0.));
#3241=CARTESIAN_POINT('',(-0.0386017589504911,-0.00226173024082452,0.));
#3242=CARTESIAN_POINT('',(-0.0248631933912739,-0.0145069734566486,0.));
#3243=CARTESIAN_POINT('',(-0.0399325,-0.00375475678417597,0.));
#3244=CARTESIAN_POINT('',(-0.0412632410495089,-0.00226173024082451,0.));
#3245=CARTESIAN_POINT('',(-0.0171445575375374,0.0192353572372371,0.));
#3246=CARTESIAN_POINT('',(-0.0550018066087261,-0.0145069734566486,0.));
#3247=CARTESIAN_POINT('',(-0.0536710655592172,-0.016,0.));
#3248=CARTESIAN_POINT('',(-0.0536710655592172,-0.018,0.));
#3249=CARTESIAN_POINT('',(6.57773530780625E-18,-0.018,0.));
#3250=CARTESIAN_POINT('',(-0.0261939344407828,-0.018,0.));
#3251=CARTESIAN_POINT('',(-0.0261939344407828,-0.016,0.));
#3252=CARTESIAN_POINT('',(-0.0649325,0.,0.));
#3253=CARTESIAN_POINT('',(-0.0649325,0.0185382694777384,0.));
#3254=CARTESIAN_POINT('',(-0.0649325,-0.0135382694777384,0.));
#3255=CARTESIAN_POINT('',(-0.0629325,-0.0135382694777384,0.));
#3256=CARTESIAN_POINT('',(-0.0616017589504911,-0.0150312960210899,0.));
#3257=CARTESIAN_POINT('',(-0.0198060396365552,0.02222141032394,0.));
#3258=CARTESIAN_POINT('',(-0.0436076029510772,0.00100697345664856,0.));
#3259=CARTESIAN_POINT('',(-0.0449383440005861,0.0025,0.));
#3260=CARTESIAN_POINT('',(-0.0436076029510772,0.00399302654335146,0.));
#3261=CARTESIAN_POINT('',(-0.0173225,-0.019435,0.));
#3262=CARTESIAN_POINT('',(-0.0616017589504911,0.0200312960210899,0.));
#3263=CARTESIAN_POINT('',(-0.0629325,0.0185382694777384,0.));
#3264=CARTESIAN_POINT('',(-0.0146610179009822,-0.0164489469132971,0.));
#3265=CARTESIAN_POINT('',(-0.0550018066087261,0.0195069734566485,0.));
#3266=CARTESIAN_POINT('',(-0.0412632410495089,0.00726173024082453,0.));
#3267=CARTESIAN_POINT('',(-0.0399325,0.00875475678417597,0.));
#3268=CARTESIAN_POINT('',(-0.0386017589504911,0.00726173024082452,0.));
#3269=CARTESIAN_POINT('',(-0.0206966499947249,0.0232206317013987,0.));
#3270=CARTESIAN_POINT('',(-0.0248631933912739,0.0195069734566485,0.));
#3271=CARTESIAN_POINT('',(-0.0261939344407828,0.021,0.));
#3272=CARTESIAN_POINT('',(-0.0261939344407828,0.023,0.));
#3273=CARTESIAN_POINT('',(-4.20244200220955E-18,0.023,0.));
#3274=CARTESIAN_POINT('',(-0.0536710655592172,0.023,0.));
#3275=CARTESIAN_POINT('',(-0.0536710655592172,0.021,0.));
#3276=CARTESIAN_POINT('',(0.017004090538336,-0.0180043311582382,0.));
#3277=CARTESIAN_POINT('',(0.0376070572642231,0.00145402630509964,0.));
#3278=CARTESIAN_POINT('',(0.0506942529340726,0.0138141555488462,0.));
#3279=CARTESIAN_POINT('',(0.0389803043301506,-4.33680868994202E-18,0.));
#3280=CARTESIAN_POINT('',(0.0376070572642231,-0.00145402630509964,0.));
#3281=CARTESIAN_POINT('',(0.017004090538336,0.0180043311582382,0.));
#3282=CARTESIAN_POINT('',(0.0506942529340726,-0.0138141555488463,0.));
#3283=CARTESIAN_POINT('',(0.0520675,-0.0123601292437466,0.));
#3284=CARTESIAN_POINT('',(0.0540675,-0.0123601292437466,0.));
#3285=CARTESIAN_POINT('',(0.0540675,0.,0.));
#3286=CARTESIAN_POINT('',(0.0540675,0.0123601292437466,0.));
#3287=CARTESIAN_POINT('',(0.0520675,0.0123601292437466,0.));
#3288=CARTESIAN_POINT('',(0.0178647771661125,0.0189156464111781,0.));
#3289=CARTESIAN_POINT('',(0.0235503129833478,0.0135459736949003,0.));
#3290=CARTESIAN_POINT('',(0.0326134736949003,0.0049863219117674,0.));
#3291=CARTESIAN_POINT('',(0.0339867207608278,0.00644034821686705,0.));
#3292=CARTESIAN_POINT('',(0.0354407470659275,0.00506710115093962,0.));
#3293=CARTESIAN_POINT('',(0.0162027228338875,-0.0153025715653381,0.));
#3294=CARTESIAN_POINT('',(0.0435248626388862,0.0136267529340725,0.));
#3295=CARTESIAN_POINT('',(0.0420708363337865,0.015,0.));
#3296=CARTESIAN_POINT('',(0.0420708363337865,0.017,0.));
#3297=CARTESIAN_POINT('',(-2.19932438535607E-18,0.017,0.));
#3298=CARTESIAN_POINT('',(0.0249235600492753,0.017,0.));
#3299=CARTESIAN_POINT('',(0.0249235600492753,0.015,0.));
#3300=CARTESIAN_POINT('',(0.0140675,1.43548367637081E-18,0.));
#3301=CARTESIAN_POINT('',(0.0140675,0.0123601292437466,0.));
#3302=CARTESIAN_POINT('',(0.0140675,-0.0123601292437466,0.));
#3303=CARTESIAN_POINT('',(0.0160675,-0.0123601292437466,0.));
#3304=CARTESIAN_POINT('',(0.0174407470659274,-0.0138141555488463,0.));
#3305=CARTESIAN_POINT('',(0.0151182830342577,-0.0160075938009788,0.));
#3306=CARTESIAN_POINT('',(0.0305279427357769,-0.00145402630509963,0.));
#3307=CARTESIAN_POINT('',(0.0291546956698494,5.20417042793042E-18,0.));
#3308=CARTESIAN_POINT('',(0.0305279427357769,0.00145402630509965,0.));
#3309=CARTESIAN_POINT('',(0.0151182830342577,0.0160075938009788,0.));
#3310=CARTESIAN_POINT('',(0.0174407470659274,0.0138141555488463,0.));
#3311=CARTESIAN_POINT('',(0.0160675,0.0123601292437466,0.));
#3312=CARTESIAN_POINT('',(0.0100675,0.021,0.));
#3313=CARTESIAN_POINT('',(0.0134275,0.021,0.));
#3314=CARTESIAN_POINT('',(0.0580675,0.021,0.));
#3315=CARTESIAN_POINT('',(0.0614275,0.021,0.));
#3316=CARTESIAN_POINT('',(0.0580675,-0.021,0.));
#3317=CARTESIAN_POINT('',(0.0614275,-0.021,0.));
#3318=CARTESIAN_POINT('',(0.0100675,-0.021,0.));
#3319=CARTESIAN_POINT('',(0.0134275,-0.021,0.));
#3320=CARTESIAN_POINT('',(-0.0809325,-3.46944695195361E-18,0.));
#3321=CARTESIAN_POINT('',(-0.0786825,-3.46944695195361E-18,0.));
#3322=CARTESIAN_POINT('',(-0.0809325,-0.03,0.));
#3323=CARTESIAN_POINT('',(-0.0786825,-0.03,0.));
#3324=CARTESIAN_POINT('',(0.0809325,0.03,0.));
#3325=CARTESIAN_POINT('',(0.0831825,0.03,0.));
#3326=CARTESIAN_POINT('',(0.0809325,3.46944695195361E-18,0.));
#3327=CARTESIAN_POINT('',(0.0831825,3.46944695195361E-18,0.));
#3328=CARTESIAN_POINT('',(0.0809325,-0.03,0.));
#3329=CARTESIAN_POINT('',(0.0831825,-0.03,0.));
#3330=CARTESIAN_POINT('',(-0.0809325,0.03,0.));
#3331=CARTESIAN_POINT('',(-0.0786825,0.03,0.));
#3332=CARTESIAN_POINT('',(0.,0.04,0.));
#3333=CARTESIAN_POINT('',(-0.0829325,0.04,0.));
#3334=CARTESIAN_POINT('',(0.0829325,0.04,0.));
#3335=CARTESIAN_POINT('',(0.0829325,0.032,0.));
#3336=CARTESIAN_POINT('',(0.0909325,0.032,0.));
#3337=CARTESIAN_POINT('',(0.0909325,6.93889390390723E-18,0.));
#3338=CARTESIAN_POINT('',(0.0909325,-0.032,0.));
#3339=CARTESIAN_POINT('',(0.0829325,-0.032,0.));
#3340=CARTESIAN_POINT('',(0.0829325,-0.04,0.));
#3341=CARTESIAN_POINT('',(-6.93889390390723E-18,-0.04,0.));
#3342=CARTESIAN_POINT('',(-0.0829325,-0.04,0.));
#3343=CARTESIAN_POINT('',(-0.0829325,-0.032,0.));
#3344=CARTESIAN_POINT('',(-0.0909325,-0.032,0.));
#3345=CARTESIAN_POINT('',(-0.0909325,0.,0.));
#3346=CARTESIAN_POINT('',(-0.0909325,0.032,0.));
#3347=CARTESIAN_POINT('',(-0.0829325,0.032,0.));
#3348=CARTESIAN_POINT('',(-2.19932438535608E-18,-0.017,0.));
#3349=CARTESIAN_POINT('',(0.0420708363337865,-0.017,0.));
#3350=CARTESIAN_POINT('',(0.0249235600492753,-0.017,0.));
#3351=CARTESIAN_POINT('',(0.0420708363337865,-0.015,0.));
#3352=CARTESIAN_POINT('',(0.0435248626388862,-0.0136267529340725,0.));
#3353=CARTESIAN_POINT('',(0.0162027228338875,0.0153025715653381,0.));
#3354=CARTESIAN_POINT('',(0.0354407470659275,-0.00506710115093963,0.));
#3355=CARTESIAN_POINT('',(0.0339867207608278,-0.00644034821686706,0.));
#3356=CARTESIAN_POINT('',(0.0326134736949003,-0.00498632191176742,0.));
#3357=CARTESIAN_POINT('',(0.0178647771661126,-0.0189156464111781,0.));
#3358=CARTESIAN_POINT('',(0.0235503129833478,-0.0135459736949003,0.));
#3359=CARTESIAN_POINT('',(0.0249235600492753,-0.015,0.));
#3360=CARTESIAN_POINT('',(-0.0155516282591519,-0.0174481682907558,0.));
#3361=CARTESIAN_POINT('',(-0.0182632410495089,-0.0150312960210899,0.));
#3362=CARTESIAN_POINT('',(-0.0362573970489228,0.00100697345664857,0.));
#3363=CARTESIAN_POINT('',(-0.0169325,-0.0135382694777384,0.));
#3364=CARTESIAN_POINT('',(-0.0149325,-0.0135382694777384,0.));
#3365=CARTESIAN_POINT('',(-0.0149325,-1.26359796609872E-18,0.));
#3366=CARTESIAN_POINT('',(-0.0149325,0.0185382694777385,0.));
#3367=CARTESIAN_POINT('',(-0.0169325,0.0185382694777385,0.));
#3368=CARTESIAN_POINT('',(-0.0182632410495089,0.0200312960210899,0.));
#3369=CARTESIAN_POINT('',(-0.0180351678957071,0.0202345786146959,0.));
#3370=CARTESIAN_POINT('',(-0.0362573970489228,0.00399302654335146,0.));
#3371=CARTESIAN_POINT('',(-0.0349266559994139,0.0025,0.));
#3372=CARTESIAN_POINT('',(0.0100675,-0.021,0.));
#3373=CARTESIAN_POINT('',(0.0100675,-0.021,0.00166));
#3374=CARTESIAN_POINT('',(0.0117675,-0.021,0.00166));
#3375=CARTESIAN_POINT('',(0.0100675,-0.021,0.0045));
#3376=CARTESIAN_POINT('',(0.0117675,-0.021,0.0045));
#3377=CARTESIAN_POINT('',(0.0580675,-0.021,0.));
#3378=CARTESIAN_POINT('',(0.0580675,-0.021,0.00166));
#3379=CARTESIAN_POINT('',(0.0597675,-0.021,0.00166));
#3380=CARTESIAN_POINT('',(0.0580675,-0.021,0.0045));
#3381=CARTESIAN_POINT('',(0.0597675,-0.021,0.0045));
#3382=CARTESIAN_POINT('',(0.0580675,0.021,0.));
#3383=CARTESIAN_POINT('',(0.0580675,0.021,0.00166));
#3384=CARTESIAN_POINT('',(0.0597675,0.021,0.00166));
#3385=CARTESIAN_POINT('',(0.0580675,0.021,0.0045));
#3386=CARTESIAN_POINT('',(0.0597675,0.021,0.0045));
#3387=CARTESIAN_POINT('',(0.0100675,0.021,0.));
#3388=CARTESIAN_POINT('',(0.0100675,0.021,0.00166));
#3389=CARTESIAN_POINT('',(0.0117675,0.021,0.00166));
#3390=CARTESIAN_POINT('',(0.0100675,0.021,0.0045));
#3391=CARTESIAN_POINT('',(0.0117675,0.021,0.0045));
#3392=CARTESIAN_POINT('',(0.,0.04,0.008));
#3393=CARTESIAN_POINT('',(0.0829325,0.04,0.008));
#3394=CARTESIAN_POINT('',(-0.0829325,0.04,0.008));
#3395=CARTESIAN_POINT('',(-0.0909325,0.,0.008));
#3396=CARTESIAN_POINT('',(-0.0909325,0.032,0.));
#3397=CARTESIAN_POINT('',(-0.0909325,-0.032,0.008));
#3398=CARTESIAN_POINT('',(-6.93889390390723E-18,-0.04,0.008));
#3399=CARTESIAN_POINT('',(0.0829325,-0.04,0.008));
#3400=CARTESIAN_POINT('',(-0.0829325,-0.04,0.008));
#3401=CARTESIAN_POINT('',(0.0909325,6.93889390390723E-18,0.008));
#3402=CARTESIAN_POINT('',(0.0909325,0.032,0.008));
#3403=CARTESIAN_POINT('',(0.0909325,-0.032,0.));
#3404=CARTESIAN_POINT('',(-0.0809325,0.03,0.008));
#3405=CARTESIAN_POINT('',(-0.0809325,0.03,0.00577));
#3406=CARTESIAN_POINT('',(-0.0831825,0.03,0.00577));
#3407=CARTESIAN_POINT('',(-0.0809325,0.03,0.008));
#3408=CARTESIAN_POINT('',(0.0809325,-0.03,0.008));
#3409=CARTESIAN_POINT('',(0.0809325,-0.03,0.00577));
#3410=CARTESIAN_POINT('',(0.0786825,-0.03,0.00577));
#3411=CARTESIAN_POINT('',(0.0809325,-0.03,0.008));
#3412=CARTESIAN_POINT('',(0.0809325,3.46944695195361E-18,0.008));
#3413=CARTESIAN_POINT('',(0.0809325,3.46944695195361E-18,0.00577));
#3414=CARTESIAN_POINT('',(0.0786825,3.46944695195361E-18,0.00577));
#3415=CARTESIAN_POINT('',(0.0809325,3.46944695195361E-18,0.008));
#3416=CARTESIAN_POINT('',(0.0809325,0.03,0.008));
#3417=CARTESIAN_POINT('',(0.0809325,0.03,0.00577));
#3418=CARTESIAN_POINT('',(0.0786825,0.03,0.00577));
#3419=CARTESIAN_POINT('',(0.0809325,0.03,0.008));
#3420=CARTESIAN_POINT('',(-0.0809325,-0.03,0.008));
#3421=CARTESIAN_POINT('',(-0.0809325,-0.03,0.00577));
#3422=CARTESIAN_POINT('',(-0.0831825,-0.03,0.00577));
#3423=CARTESIAN_POINT('',(-0.0809325,-0.03,0.008));
#3424=CARTESIAN_POINT('',(-0.0809325,-3.46944695195361E-18,0.008));
#3425=CARTESIAN_POINT('',(-0.0809325,-3.46944695195361E-18,0.00577));
#3426=CARTESIAN_POINT('',(-0.0831825,-3.46944695195361E-18,0.00577));
#3427=CARTESIAN_POINT('',(-0.0809325,-3.46944695195361E-18,0.008));
#3428=CARTESIAN_POINT('',(-0.0109325,0.027,-0.19085385387786));
#3429=CARTESIAN_POINT('',(-0.0109325,0.027,0.004));
#3430=CARTESIAN_POINT('',(-0.0089325,0.027,0.004));
#3431=CARTESIAN_POINT('',(-0.0109325,0.027,0.01));
#3432=CARTESIAN_POINT('',(-0.0089325,0.027,0.01));
#3433=CARTESIAN_POINT('',(-0.0689325,0.027,-0.19085385387786));
#3434=CARTESIAN_POINT('',(-0.0689325,0.027,0.004));
#3435=CARTESIAN_POINT('',(-0.0669325,0.027,0.004));
#3436=CARTESIAN_POINT('',(-0.0689325,0.027,0.01));
#3437=CARTESIAN_POINT('',(-0.0669325,0.027,0.01));
#3438=CARTESIAN_POINT('',(-0.0689325,-0.022,-0.19085385387786));
#3439=CARTESIAN_POINT('',(-0.0689325,-0.022,0.004));
#3440=CARTESIAN_POINT('',(-0.0669325,-0.022,0.004));
#3441=CARTESIAN_POINT('',(-0.0689325,-0.022,0.01));
#3442=CARTESIAN_POINT('',(-0.0669325,-0.022,0.01));
#3443=CARTESIAN_POINT('',(-0.0109325,-0.022,-0.19085385387786));
#3444=CARTESIAN_POINT('',(-0.0109325,-0.022,0.004));
#3445=CARTESIAN_POINT('',(-0.0089325,-0.022,0.004));
#3446=CARTESIAN_POINT('',(-0.0109325,-0.022,0.01));
#3447=CARTESIAN_POINT('',(-0.0089325,-0.022,0.01));
#3448=CARTESIAN_POINT('',(0.,0.,0.01));
#3449=CARTESIAN_POINT('',(-0.0689325,0.027,0.01));
#3450=CARTESIAN_POINT('',(-0.0659325,0.027,0.01));
#3451=CARTESIAN_POINT('',(0.,0.,0.01));
#3452=CARTESIAN_POINT('',(-0.0109325,0.027,0.01));
#3453=CARTESIAN_POINT('',(-0.0079325,0.027,0.01));
#3454=CARTESIAN_POINT('',(0.,0.,0.01));
#3455=CARTESIAN_POINT('',(-0.0109325,-0.022,0.01));
#3456=CARTESIAN_POINT('',(-0.0079325,-0.022,0.01));
#3457=CARTESIAN_POINT('',(0.,0.,0.01));
#3458=CARTESIAN_POINT('',(-0.0689325,-0.022,0.01));
#3459=CARTESIAN_POINT('',(-0.0659325,-0.022,0.01));
#3460=CARTESIAN_POINT('',(-0.0689325,-0.022,0.01));
#3461=CARTESIAN_POINT('',(-0.0109325,-0.022,0.01));
#3462=CARTESIAN_POINT('',(-0.0109325,0.027,0.01));
#3463=CARTESIAN_POINT('',(-0.0689325,0.027,0.01));
#3464=CARTESIAN_POINT('',(0.0100675,-0.021,0.));
#3465=CARTESIAN_POINT('',(0.0580675,-0.021,0.));
#3466=CARTESIAN_POINT('',(0.0580675,0.021,0.));
#3467=CARTESIAN_POINT('',(0.0100675,0.021,0.));
#3468=CARTESIAN_POINT('',(0.0084425,0.0238145825622995,0.0045));
#3469=CARTESIAN_POINT('',(0.0068175,0.0228763883748663,0.0045));
#3470=CARTESIAN_POINT('',(0.0068175,0.0228763883748663,0.0045));
#3471=CARTESIAN_POINT('',(0.0084425,0.0238145825622995,0.0045));
#3472=CARTESIAN_POINT('',(0.0100675,0.0247527767497326,0.0045));
#3473=CARTESIAN_POINT('',(0.0100675,0.0247527767497326,0.0045));
#3474=CARTESIAN_POINT('',(0.0068175,0.021,0.0045));
#3475=CARTESIAN_POINT('',(0.0068175,0.0191236116251337,0.0045));
#3476=CARTESIAN_POINT('',(0.0068175,0.0191236116251337,0.0045));
#3477=CARTESIAN_POINT('',(0.0068175,0.021,0.0045));
#3478=CARTESIAN_POINT('',(0.0084425,0.0181854174377005,0.0045));
#3479=CARTESIAN_POINT('',(0.0100675,0.0172472232502674,0.0045));
#3480=CARTESIAN_POINT('',(0.0100675,0.0172472232502674,0.0045));
#3481=CARTESIAN_POINT('',(0.0084425,0.0181854174377005,0.0045));
#3482=CARTESIAN_POINT('',(0.0116925,0.0181854174377005,0.0045));
#3483=CARTESIAN_POINT('',(0.0133175,0.0191236116251337,0.0045));
#3484=CARTESIAN_POINT('',(0.0133175,0.0191236116251337,0.0045));
#3485=CARTESIAN_POINT('',(0.0116925,0.0181854174377005,0.0045));
#3486=CARTESIAN_POINT('',(0.0133175,0.021,0.0045));
#3487=CARTESIAN_POINT('',(0.0133175,0.0228763883748663,0.0045));
#3488=CARTESIAN_POINT('',(0.0133175,0.0228763883748663,0.0045));
#3489=CARTESIAN_POINT('',(0.0133175,0.021,0.0045));
#3490=CARTESIAN_POINT('',(0.0116925,0.0238145825622995,0.0045));
#3491=CARTESIAN_POINT('',(0.0116925,0.0238145825622995,0.0045));
#3492=CARTESIAN_POINT('',(0.,0.,0.0045));
#3493=CARTESIAN_POINT('',(0.0564425,0.0238145825622995,0.0045));
#3494=CARTESIAN_POINT('',(0.0548175,0.0228763883748663,0.0045));
#3495=CARTESIAN_POINT('',(0.0548175,0.0228763883748663,0.0045));
#3496=CARTESIAN_POINT('',(0.0564425,0.0238145825622995,0.0045));
#3497=CARTESIAN_POINT('',(0.0580675,0.0247527767497326,0.0045));
#3498=CARTESIAN_POINT('',(0.0580675,0.0247527767497326,0.0045));
#3499=CARTESIAN_POINT('',(0.0548175,0.021,0.0045));
#3500=CARTESIAN_POINT('',(0.0548175,0.0191236116251338,0.0045));
#3501=CARTESIAN_POINT('',(0.0548175,0.0191236116251338,0.0045));
#3502=CARTESIAN_POINT('',(0.0548175,0.021,0.0045));
#3503=CARTESIAN_POINT('',(0.0564425,0.0181854174377006,0.0045));
#3504=CARTESIAN_POINT('',(0.0580675,0.0172472232502674,0.0045));
#3505=CARTESIAN_POINT('',(0.0580675,0.0172472232502674,0.0045));
#3506=CARTESIAN_POINT('',(0.0564425,0.0181854174377006,0.0045));
#3507=CARTESIAN_POINT('',(0.0596925,0.0181854174377006,0.0045));
#3508=CARTESIAN_POINT('',(0.0613175,0.0191236116251338,0.0045));
#3509=CARTESIAN_POINT('',(0.0613175,0.0191236116251338,0.0045));
#3510=CARTESIAN_POINT('',(0.0596925,0.0181854174377006,0.0045));
#3511=CARTESIAN_POINT('',(0.0613175,0.021,0.0045));
#3512=CARTESIAN_POINT('',(0.0613175,0.0228763883748663,0.0045));
#3513=CARTESIAN_POINT('',(0.0613175,0.0228763883748663,0.0045));
#3514=CARTESIAN_POINT('',(0.0613175,0.021,0.0045));
#3515=CARTESIAN_POINT('',(0.0596925,0.0238145825622995,0.0045));
#3516=CARTESIAN_POINT('',(0.0596925,0.0238145825622995,0.0045));
#3517=CARTESIAN_POINT('',(0.,0.,0.0045));
#3518=CARTESIAN_POINT('',(0.0564425,-0.0181854174377006,0.0045));
#3519=CARTESIAN_POINT('',(0.0548175,-0.0191236116251337,0.0045));
#3520=CARTESIAN_POINT('',(0.0548175,-0.0191236116251337,0.0045));
#3521=CARTESIAN_POINT('',(0.0564425,-0.0181854174377006,0.0045));
#3522=CARTESIAN_POINT('',(0.0580675,-0.0172472232502674,0.0045));
#3523=CARTESIAN_POINT('',(0.0580675,-0.0172472232502674,0.0045));
#3524=CARTESIAN_POINT('',(0.0548175,-0.021,0.0045));
#3525=CARTESIAN_POINT('',(0.0548175,-0.0228763883748663,0.0045));
#3526=CARTESIAN_POINT('',(0.0548175,-0.0228763883748663,0.0045));
#3527=CARTESIAN_POINT('',(0.0548175,-0.021,0.0045));
#3528=CARTESIAN_POINT('',(0.0564425,-0.0238145825622995,0.0045));
#3529=CARTESIAN_POINT('',(0.0580675,-0.0247527767497326,0.0045));
#3530=CARTESIAN_POINT('',(0.0580675,-0.0247527767497326,0.0045));
#3531=CARTESIAN_POINT('',(0.0564425,-0.0238145825622995,0.0045));
#3532=CARTESIAN_POINT('',(0.0596925,-0.0238145825622995,0.0045));
#3533=CARTESIAN_POINT('',(0.0613175,-0.0228763883748663,0.0045));
#3534=CARTESIAN_POINT('',(0.0613175,-0.0228763883748663,0.0045));
#3535=CARTESIAN_POINT('',(0.0596925,-0.0238145825622995,0.0045));
#3536=CARTESIAN_POINT('',(0.0613175,-0.021,0.0045));
#3537=CARTESIAN_POINT('',(0.0613175,-0.0191236116251337,0.0045));
#3538=CARTESIAN_POINT('',(0.0613175,-0.0191236116251337,0.0045));
#3539=CARTESIAN_POINT('',(0.0613175,-0.021,0.0045));
#3540=CARTESIAN_POINT('',(0.0596925,-0.0181854174377005,0.0045));
#3541=CARTESIAN_POINT('',(0.0596925,-0.0181854174377005,0.0045));
#3542=CARTESIAN_POINT('',(0.,0.,0.0045));
#3543=CARTESIAN_POINT('',(0.0084425,-0.0181854174377005,0.0045));
#3544=CARTESIAN_POINT('',(0.0068175,-0.0191236116251337,0.0045));
#3545=CARTESIAN_POINT('',(0.0068175,-0.0191236116251337,0.0045));
#3546=CARTESIAN_POINT('',(0.0084425,-0.0181854174377005,0.0045));
#3547=CARTESIAN_POINT('',(0.0100675,-0.0172472232502674,0.0045));
#3548=CARTESIAN_POINT('',(0.0100675,-0.0172472232502674,0.0045));
#3549=CARTESIAN_POINT('',(0.0068175,-0.021,0.0045));
#3550=CARTESIAN_POINT('',(0.0068175,-0.0228763883748663,0.0045));
#3551=CARTESIAN_POINT('',(0.0068175,-0.0228763883748663,0.0045));
#3552=CARTESIAN_POINT('',(0.0068175,-0.021,0.0045));
#3553=CARTESIAN_POINT('',(0.0084425,-0.0238145825622995,0.0045));
#3554=CARTESIAN_POINT('',(0.0100675,-0.0247527767497326,0.0045));
#3555=CARTESIAN_POINT('',(0.0100675,-0.0247527767497326,0.0045));
#3556=CARTESIAN_POINT('',(0.0084425,-0.0238145825622995,0.0045));
#3557=CARTESIAN_POINT('',(0.0116925,-0.0238145825622995,0.0045));
#3558=CARTESIAN_POINT('',(0.0133175,-0.0228763883748663,0.0045));
#3559=CARTESIAN_POINT('',(0.0133175,-0.0228763883748663,0.0045));
#3560=CARTESIAN_POINT('',(0.0116925,-0.0238145825622995,0.0045));
#3561=CARTESIAN_POINT('',(0.0133175,-0.021,0.0045));
#3562=CARTESIAN_POINT('',(0.0133175,-0.0191236116251338,0.0045));
#3563=CARTESIAN_POINT('',(0.0133175,-0.0191236116251338,0.0045));
#3564=CARTESIAN_POINT('',(0.0133175,-0.021,0.0045));
#3565=CARTESIAN_POINT('',(0.0116925,-0.0181854174377006,0.0045));
#3566=CARTESIAN_POINT('',(0.0116925,-0.0181854174377006,0.0045));
#3567=CARTESIAN_POINT('',(0.,0.,0.0045));
#3568=CARTESIAN_POINT('',(0.0829325,0.032,0.008));
#3569=CARTESIAN_POINT('',(-0.0829325,0.032,0.008));
#3570=CARTESIAN_POINT('',(0.0829325,-0.032,0.008));
#3571=CARTESIAN_POINT('',(-0.0829325,-0.032,0.008));
#3572=CARTESIAN_POINT('',(0.0230675,0.0085,-0.190944356572715));
#3573=CARTESIAN_POINT('',(0.0305279427357769,0.00145402630509964,0.008));
#3574=CARTESIAN_POINT('',(0.0174407470659274,0.0138141555488462,-5.55111512312578E-17));
#3575=CARTESIAN_POINT('',(0.0140675,-6.93889390390723E-18,-0.190944356572715));
#3576=CARTESIAN_POINT('',(0.0140675,-0.0123601292437466,-5.55111512312578E-17));
#3577=CARTESIAN_POINT('',(0.0140675,0.0123601292437466,0.008));
#3578=CARTESIAN_POINT('',(0.0230675,-0.0085,-0.190944356572715));
#3579=CARTESIAN_POINT('',(0.0305279427357769,-0.00145402630509963,0.));
#3580=CARTESIAN_POINT('',(0.0174407470659274,-0.0138141555488463,0.008));
#3581=CARTESIAN_POINT('',(0.0333019078751705,0.017,-0.190944356572715));
#3582=CARTESIAN_POINT('',(0.0420708363337865,0.017,0.008));
#3583=CARTESIAN_POINT('',(0.0249235600492753,0.017,-1.11022302462516E-16));
#3584=CARTESIAN_POINT('',(0.0269803043301506,0.0103065374229199,-0.190944356572715));
#3585=CARTESIAN_POINT('',(0.0235503129833478,0.0135459736949003,0.008));
#3586=CARTESIAN_POINT('',(0.0326134736949003,0.00498632191176741,-5.55111512312578E-17));
#3587=CARTESIAN_POINT('',(0.04038910354502,0.0103065374229199,-0.190944356572715));
#3588=CARTESIAN_POINT('',(0.0435248626388862,0.0136267529340725,0.));
#3589=CARTESIAN_POINT('',(0.0354407470659275,0.00506710115093962,0.008));
#3590=CARTESIAN_POINT('',(0.0450675,0.0085,-0.190944356572715));
#3591=CARTESIAN_POINT('',(0.0376070572642231,0.00145402630509963,-5.55111512312578E-17));
#3592=CARTESIAN_POINT('',(0.0506942529340726,0.0138141555488462,0.008));
#3593=CARTESIAN_POINT('',(0.0450675,-0.0085,-0.190944356572715));
#3594=CARTESIAN_POINT('',(0.0506942529340726,-0.0138141555488463,-5.55111512312578E-17));
#3595=CARTESIAN_POINT('',(0.0376070572642231,-0.00145402630509964,0.008));
#3596=CARTESIAN_POINT('',(0.0540675,-6.93889390390723E-18,-0.190944356572715));
#3597=CARTESIAN_POINT('',(0.0540675,-0.0123601292437466,0.008));
#3598=CARTESIAN_POINT('',(0.0540675,0.0123601292437466,0.));
#3599=CARTESIAN_POINT('',(0.0333019078751705,-0.017,-0.190944356572715));
#3600=CARTESIAN_POINT('',(0.0420708363337865,-0.017,-5.55111512312578E-17));
#3601=CARTESIAN_POINT('',(0.0249235600492753,-0.017,0.008));
#3602=CARTESIAN_POINT('',(0.04038910354502,-0.01030653742292,-0.190944356572715));
#3603=CARTESIAN_POINT('',(0.0435248626388862,-0.0136267529340725,0.008));
#3604=CARTESIAN_POINT('',(0.0354407470659275,-0.00506710115093963,-5.55111512312578E-17));
#3605=CARTESIAN_POINT('',(0.0269803043301506,-0.01030653742292,-0.190944356572715));
#3606=CARTESIAN_POINT('',(0.0235503129833478,-0.0135459736949003,-5.55111512312578E-17));
#3607=CARTESIAN_POINT('',(0.0326134736949003,-0.00498632191176742,0.008));
#3608=CARTESIAN_POINT('',(-0.0399325,0.023,-0.190944356572715));
#3609=CARTESIAN_POINT('',(-0.0261939344407828,0.023,0.008));
#3610=CARTESIAN_POINT('',(-0.0536710655592172,0.023,-5.55111512312578E-17));
#3611=CARTESIAN_POINT('',(-0.0494266559994139,0.0145378174787833,-0.190944356572715));
#3612=CARTESIAN_POINT('',(-0.0412632410495089,0.00726173024082452,-1.11022302462516E-16));
#3613=CARTESIAN_POINT('',(-0.0550018066087261,0.0195069734566485,0.008));
#3614=CARTESIAN_POINT('',(-0.0304383440005861,0.0145378174787833,-0.190944356572715));
#3615=CARTESIAN_POINT('',(-0.0386017589504911,0.00726173024082453,0.008));
#3616=CARTESIAN_POINT('',(-0.0248631933912739,0.0195069734566485,0.));
#3617=CARTESIAN_POINT('',(-0.0534325,0.01275,-0.190944356572715));
#3618=CARTESIAN_POINT('',(-0.0436076029510772,0.00399302654335146,0.008));
#3619=CARTESIAN_POINT('',(-0.0616017589504911,0.0200312960210899,-5.55111512312578E-17));
#3620=CARTESIAN_POINT('',(-0.0649325,0.0025,-0.190944356572715));
#3621=CARTESIAN_POINT('',(-0.0649325,-0.0135382694777384,-5.55111512312578E-17));
#3622=CARTESIAN_POINT('',(-0.0649325,0.0185382694777384,0.008));
#3623=CARTESIAN_POINT('',(-0.0534325,-0.00775,-0.190944356572715));
#3624=CARTESIAN_POINT('',(-0.0436076029510772,0.00100697345664857,-5.55111512312578E-17));
#3625=CARTESIAN_POINT('',(-0.0616017589504911,-0.0150312960210899,0.008));
#3626=CARTESIAN_POINT('',(-0.0304383440005861,-0.00953781747878328,-0.190944356572715));
#3627=CARTESIAN_POINT('',(-0.0248631933912739,-0.0145069734566486,0.008));
#3628=CARTESIAN_POINT('',(-0.0386017589504911,-0.00226173024082452,-5.55111512312578E-17));
#3629=CARTESIAN_POINT('',(-0.0494266559994139,-0.0095378174787833,-0.190944356572715));
#3630=CARTESIAN_POINT('',(-0.0550018066087261,-0.0145069734566486,-5.55111512312578E-17));
#3631=CARTESIAN_POINT('',(-0.0412632410495089,-0.00226173024082452,0.008));
#3632=CARTESIAN_POINT('',(-0.0399325,-0.018,-0.190944356572715));
#3633=CARTESIAN_POINT('',(-0.0261939344407828,-0.018,0.));
#3634=CARTESIAN_POINT('',(-0.0536710655592172,-0.018,0.008));
#3635=CARTESIAN_POINT('',(-0.0264325,-0.00775,-0.190944356572715));
#3636=CARTESIAN_POINT('',(-0.0182632410495089,-0.0150312960210899,-5.55111512312578E-17));
#3637=CARTESIAN_POINT('',(-0.0362573970489228,0.00100697345664857,0.008));
#3638=CARTESIAN_POINT('',(-0.0149325,0.0025,-0.190944356572715));
#3639=CARTESIAN_POINT('',(-0.0149325,-0.0135382694777384,0.008));
#3640=CARTESIAN_POINT('',(-0.0149325,0.0185382694777385,-5.55111512312578E-17));
#3641=CARTESIAN_POINT('',(-0.0264325,0.01275,-0.190944356572715));
#3642=CARTESIAN_POINT('',(-0.0362573970489228,0.00399302654335146,-5.55111512312578E-17));
#3643=CARTESIAN_POINT('',(-0.0182632410495089,0.0200312960210899,0.008));
#3644=CARTESIAN_POINT('',(0.0520675,-0.0123601292437466,-0.190944356572715));
#3645=CARTESIAN_POINT('',(-0.0169325,-0.0135382694777384,-0.190944356572715));
#3646=CARTESIAN_POINT('',(-0.0261939344407828,-0.016,-0.190944356572715));
#3647=CARTESIAN_POINT('',(-0.0536710655592172,-0.016,-0.190944356572715));
#3648=CARTESIAN_POINT('',(-0.0399325,0.00875475678417597,-0.190944356572715));
#3649=CARTESIAN_POINT('',(-0.0349266559994139,0.0025,-0.190944356572715));
#3650=CARTESIAN_POINT('',(-0.0169325,0.0185382694777385,-0.190944356572715));
#3651=CARTESIAN_POINT('',(-0.0399325,-0.00375475678417597,-0.190944356572715));
#3652=CARTESIAN_POINT('',(-0.0261939344407828,0.021,-0.190944356572715));
#3653=CARTESIAN_POINT('',(-0.0449383440005861,0.0025,-0.190944356572715));
#3654=CARTESIAN_POINT('',(-0.0629325,-0.0135382694777384,-0.190944356572715));
#3655=CARTESIAN_POINT('',(-0.0629325,0.0185382694777384,-0.190944356572715));
#3656=CARTESIAN_POINT('',(-0.0536710655592172,0.021,-0.190944356572715));
#3657=CARTESIAN_POINT('',(0.0420708363337865,-0.015,-0.190944356572715));
#3658=CARTESIAN_POINT('',(0.0249235600492753,-0.015,-0.190944356572715));
#3659=CARTESIAN_POINT('',(0.0339867207608278,-0.00644034821686706,-0.190944356572715));
#3660=CARTESIAN_POINT('',(0.0389803043301506,-4.33680868994202E-18,-0.190944356572715));
#3661=CARTESIAN_POINT('',(0.0520675,0.0123601292437466,-0.190944356572715));
#3662=CARTESIAN_POINT('',(0.0420708363337865,0.015,-0.190944356572715));
#3663=CARTESIAN_POINT('',(0.0249235600492753,0.015,-0.190944356572715));
#3664=CARTESIAN_POINT('',(0.0339867207608278,0.00644034821686705,-0.190944356572715));
#3665=CARTESIAN_POINT('',(0.0291546956698494,5.20417042793042E-18,-0.190944356572715));
#3666=CARTESIAN_POINT('',(0.0160675,-0.0123601292437466,-0.190944356572715));
#3667=CARTESIAN_POINT('',(0.0160675,0.0123601292437466,-0.190944356572715));
#3668=CARTESIAN_POINT('',(0.,0.,0.004));
#3669=CARTESIAN_POINT('',(0.,0.,0.004));
#3670=CARTESIAN_POINT('',(0.,0.,0.004));
#3671=CARTESIAN_POINT('',(0.,0.,0.004));
#3672=MECHANICAL_DESIGN_GEOMETRIC_PRESENTATION_REPRESENTATION('',(#2187),
#3673);
#3673=(
GEOMETRIC_REPRESENTATION_CONTEXT(3)
GLOBAL_UNCERTAINTY_ASSIGNED_CONTEXT((#3674))
GLOBAL_UNIT_ASSIGNED_CONTEXT((#3677,#3676,#3675))
REPRESENTATION_CONTEXT('Part 1','TOP_LEVEL_ASSEMBLY_PART')
);
#3674=UNCERTAINTY_MEASURE_WITH_UNIT(LENGTH_MEASURE(1.E-8),#3677,
'DISTANCE_ACCURACY_VALUE','Maximum Tolerance applied to model');
#3675=(
NAMED_UNIT(*)
SI_UNIT($,.STERADIAN.)
SOLID_ANGLE_UNIT()
);
#3676=(
NAMED_UNIT(*)
PLANE_ANGLE_UNIT()
SI_UNIT($,.RADIAN.)
);
#3677=(
LENGTH_UNIT()
NAMED_UNIT(*)
SI_UNIT($,.METRE.)
);
#3678=PRODUCT_DEFINITION_SHAPE('','',#3679);
#3679=PRODUCT_DEFINITION('','',#3681,#3680);
#3680=PRODUCT_DEFINITION_CONTEXT('',#3687,'design');
#3681=PRODUCT_DEFINITION_FORMATION_WITH_SPECIFIED_SOURCE('','',#3683,
 .NOT_KNOWN.);
#3682=PRODUCT_RELATED_PRODUCT_CATEGORY('','',(#3683));
#3683=PRODUCT('Part 1','Part 1','Part 1',(#3685));
#3684=PRODUCT_CATEGORY('','');
#3685=PRODUCT_CONTEXT('',#3687,'mechanical');
#3686=APPLICATION_PROTOCOL_DEFINITION('international standard',
'ap242_managed_model_based_3d_engineering',2011,#3687);
#3687=APPLICATION_CONTEXT('managed model based 3d engineering');
ENDSEC;
END-ISO-10303-21;
