ISO-10303-21;
HEADER;
/* Generated by software containing ST-Developer
 * from STEP Tools, Inc. (www.steptools.com) 
 */
/* OPTION: using custom renumber hook */

FILE_DESCRIPTION(
/* description */ ('STEP AP242',
'CAx-IF Rec.Pracs.---Representation and Presentation of Product Manufa
cturing Information (PMI)---4.0---2014-10-13',
'CAx-IF Rec.Pracs.---3D Tessellated Geometry---0.4---2014-09-14','2;1'),

/* implementation_level */ '2;1');

FILE_NAME(
/* name */ '68740115d1955a75fb7b3274',
/* time_stamp */ '2025-07-13T18:55:17Z',
/* author */ (''),
/* organization */ (''),
/* preprocessor_version */ 'ST-DEVELOPER v20',
/* originating_system */ 'ONSHAPE BY PTC INC, 1.200',
/* authorisation */ '  ');

FILE_SCHEMA (('AP242_MANAGED_MODEL_BASED_3D_ENGINEERING_MIM_LF { 1 0 10303 442 1 1 4 }'));
ENDSEC;

DATA;
#10=SHAPE_REPRESENTATION_RELATIONSHIP('','',#2184,#11);
#11=ADVANCED_BREP_SHAPE_REPRESENTATION('',(#2182),#3757);
#12=CONICAL_SURFACE('',#2393,0.00448,0.785398163397449);
#13=CONICAL_SURFACE('',#2396,0.00448,0.785398163397449);
#14=CONICAL_SURFACE('',#2399,0.00448,0.785398163397449);
#15=B_SPLINE_CURVE_WITH_KNOTS('',3,(#3506,#3507,#3508,#3509,#3510),
 .UNSPECIFIED.,.F.,.F.,(4,1,4),(0.,0.00288293855699231,0.00576587711398462),
 .UNSPECIFIED.);
#16=B_SPLINE_CURVE_WITH_KNOTS('',3,(#3540,#3541,#3542,#3543,#3544),
 .UNSPECIFIED.,.F.,.F.,(4,1,4),(0.,0.0028829385569923,0.00576587711398459),
 .UNSPECIFIED.);
#17=B_SPLINE_CURVE_WITH_KNOTS('',3,(#3574,#3575,#3576,#3577,#3578),
 .UNSPECIFIED.,.F.,.F.,(4,1,4),(0.,0.00288293855699229,0.00576587711398457),
 .UNSPECIFIED.);
#18=B_SPLINE_CURVE_WITH_KNOTS('',3,(#3727,#3728,#3729,#3730,#3731),
 .UNSPECIFIED.,.F.,.F.,(4,1,4),(0.,0.00288293855699231,0.00576587711398462),
 .UNSPECIFIED.);
#19=B_SPLINE_CURVE_WITH_KNOTS('',3,(#3736,#3737,#3738,#3739,#3740),
 .UNSPECIFIED.,.F.,.F.,(4,1,4),(0.,0.00288293855699229,0.00576587711398458),
 .UNSPECIFIED.);
#20=B_SPLINE_CURVE_WITH_KNOTS('',3,(#3745,#3746,#3747,#3748,#3749),
 .UNSPECIFIED.,.F.,.F.,(4,1,4),(0.,0.00288293855699232,0.00576587711398463),
 .UNSPECIFIED.);
#21=LINE('',#3129,#187);
#22=LINE('',#3134,#188);
#23=LINE('',#3138,#189);
#24=LINE('',#3142,#190);
#25=LINE('',#3145,#191);
#26=LINE('',#3150,#192);
#27=LINE('',#3154,#193);
#28=LINE('',#3158,#194);
#29=LINE('',#3161,#195);
#30=LINE('',#3164,#196);
#31=LINE('',#3166,#197);
#32=LINE('',#3170,#198);
#33=LINE('',#3174,#199);
#34=LINE('',#3178,#200);
#35=LINE('',#3180,#201);
#36=LINE('',#3182,#202);
#37=LINE('',#3186,#203);
#38=LINE('',#3190,#204);
#39=LINE('',#3194,#205);
#40=LINE('',#3196,#206);
#41=LINE('',#3198,#207);
#42=LINE('',#3202,#208);
#43=LINE('',#3206,#209);
#44=LINE('',#3209,#210);
#45=LINE('',#3214,#211);
#46=LINE('',#3218,#212);
#47=LINE('',#3222,#213);
#48=LINE('',#3228,#214);
#49=LINE('',#3232,#215);
#50=LINE('',#3236,#216);
#51=LINE('',#3240,#217);
#52=LINE('',#3242,#218);
#53=LINE('',#3245,#219);
#54=LINE('',#3247,#220);
#55=LINE('',#3249,#221);
#56=LINE('',#3254,#222);
#57=LINE('',#3255,#223);
#58=LINE('',#3260,#224);
#59=LINE('',#3262,#225);
#60=LINE('',#3265,#226);
#61=LINE('',#3267,#227);
#62=LINE('',#3269,#228);
#63=LINE('',#3271,#229);
#64=LINE('',#3274,#230);
#65=LINE('',#3276,#231);
#66=LINE('',#3280,#232);
#67=LINE('',#3284,#233);
#68=LINE('',#3288,#234);
#69=LINE('',#3290,#235);
#70=LINE('',#3292,#236);
#71=LINE('',#3296,#237);
#72=LINE('',#3300,#238);
#73=LINE('',#3304,#239);
#74=LINE('',#3306,#240);
#75=LINE('',#3308,#241);
#76=LINE('',#3312,#242);
#77=LINE('',#3316,#243);
#78=LINE('',#3319,#244);
#79=LINE('',#3324,#245);
#80=LINE('',#3328,#246);
#81=LINE('',#3332,#247);
#82=LINE('',#3335,#248);
#83=LINE('',#3340,#249);
#84=LINE('',#3344,#250);
#85=LINE('',#3348,#251);
#86=LINE('',#3351,#252);
#87=LINE('',#3356,#253);
#88=LINE('',#3360,#254);
#89=LINE('',#3364,#255);
#90=LINE('',#3378,#256);
#91=LINE('',#3382,#257);
#92=LINE('',#3386,#258);
#93=LINE('',#3392,#259);
#94=LINE('',#3395,#260);
#95=LINE('',#3399,#261);
#96=LINE('',#3403,#262);
#97=LINE('',#3409,#263);
#98=LINE('',#3411,#264);
#99=LINE('',#3413,#265);
#100=LINE('',#3415,#266);
#101=LINE('',#3417,#267);
#102=LINE('',#3420,#268);
#103=LINE('',#3421,#269);
#104=LINE('',#3423,#270);
#105=LINE('',#3425,#271);
#106=LINE('',#3427,#272);
#107=LINE('',#3437,#273);
#108=LINE('',#3446,#274);
#109=LINE('',#3450,#275);
#110=LINE('',#3461,#276);
#111=LINE('',#3462,#277);
#112=LINE('',#3464,#278);
#113=LINE('',#3465,#279);
#114=LINE('',#3467,#280);
#115=LINE('',#3468,#281);
#116=LINE('',#3470,#282);
#117=LINE('',#3471,#283);
#118=LINE('',#3473,#284);
#119=LINE('',#3474,#285);
#120=LINE('',#3476,#286);
#121=LINE('',#3477,#287);
#122=LINE('',#3479,#288);
#123=LINE('',#3483,#289);
#124=LINE('',#3486,#290);
#125=LINE('',#3490,#291);
#126=LINE('',#3494,#292);
#127=LINE('',#3497,#293);
#128=LINE('',#3501,#294);
#129=LINE('',#3502,#295);
#130=LINE('',#3513,#296);
#131=LINE('',#3517,#297);
#132=LINE('',#3520,#298);
#133=LINE('',#3524,#299);
#134=LINE('',#3528,#300);
#135=LINE('',#3531,#301);
#136=LINE('',#3535,#302);
#137=LINE('',#3536,#303);
#138=LINE('',#3547,#304);
#139=LINE('',#3551,#305);
#140=LINE('',#3554,#306);
#141=LINE('',#3558,#307);
#142=LINE('',#3562,#308);
#143=LINE('',#3565,#309);
#144=LINE('',#3569,#310);
#145=LINE('',#3570,#311);
#146=LINE('',#3590,#312);
#147=LINE('',#3591,#313);
#148=LINE('',#3593,#314);
#149=LINE('',#3595,#315);
#150=LINE('',#3597,#316);
#151=LINE('',#3598,#317);
#152=LINE('',#3600,#318);
#153=LINE('',#3601,#319);
#154=LINE('',#3603,#320);
#155=LINE('',#3604,#321);
#156=LINE('',#3606,#322);
#157=LINE('',#3607,#323);
#158=LINE('',#3609,#324);
#159=LINE('',#3611,#325);
#160=LINE('',#3613,#326);
#161=LINE('',#3614,#327);
#162=LINE('',#3616,#328);
#163=LINE('',#3617,#329);
#164=LINE('',#3619,#330);
#165=LINE('',#3620,#331);
#166=LINE('',#3622,#332);
#167=LINE('',#3624,#333);
#168=LINE('',#3626,#334);
#169=LINE('',#3627,#335);
#170=LINE('',#3638,#336);
#171=LINE('',#3639,#337);
#172=LINE('',#3641,#338);
#173=LINE('',#3642,#339);
#174=LINE('',#3644,#340);
#175=LINE('',#3645,#341);
#176=LINE('',#3691,#342);
#177=LINE('',#3695,#343);
#178=LINE('',#3696,#344);
#179=LINE('',#3700,#345);
#180=LINE('',#3701,#346);
#181=LINE('',#3702,#347);
#182=LINE('',#3704,#348);
#183=LINE('',#3705,#349);
#184=LINE('',#3708,#350);
#185=LINE('',#3719,#351);
#186=LINE('',#3720,#352);
#187=VECTOR('',#2470,1.);
#188=VECTOR('',#2473,1.);
#189=VECTOR('',#2476,1.);
#190=VECTOR('',#2479,1.);
#191=VECTOR('',#2482,1.);
#192=VECTOR('',#2485,1.);
#193=VECTOR('',#2488,1.);
#194=VECTOR('',#2491,1.);
#195=VECTOR('',#2494,1.);
#196=VECTOR('',#2495,1.);
#197=VECTOR('',#2496,1.);
#198=VECTOR('',#2499,1.);
#199=VECTOR('',#2502,1.);
#200=VECTOR('',#2505,1.);
#201=VECTOR('',#2506,1.);
#202=VECTOR('',#2507,1.);
#203=VECTOR('',#2510,1.);
#204=VECTOR('',#2513,1.);
#205=VECTOR('',#2516,1.);
#206=VECTOR('',#2517,1.);
#207=VECTOR('',#2518,1.);
#208=VECTOR('',#2521,1.);
#209=VECTOR('',#2524,1.);
#210=VECTOR('',#2527,1.);
#211=VECTOR('',#2530,1.);
#212=VECTOR('',#2533,1.);
#213=VECTOR('',#2536,1.);
#214=VECTOR('',#2541,1.);
#215=VECTOR('',#2544,1.);
#216=VECTOR('',#2547,1.);
#217=VECTOR('',#2550,1.);
#218=VECTOR('',#2553,1.);
#219=VECTOR('',#2554,1.);
#220=VECTOR('',#2555,1.);
#221=VECTOR('',#2556,1.);
#222=VECTOR('',#2561,1.);
#223=VECTOR('',#2562,1.);
#224=VECTOR('',#2567,1.);
#225=VECTOR('',#2570,1.);
#226=VECTOR('',#2571,1.);
#227=VECTOR('',#2572,1.);
#228=VECTOR('',#2573,1.);
#229=VECTOR('',#2576,1.);
#230=VECTOR('',#2577,1.);
#231=VECTOR('',#2578,1.);
#232=VECTOR('',#2581,1.);
#233=VECTOR('',#2584,1.);
#234=VECTOR('',#2587,1.);
#235=VECTOR('',#2588,1.);
#236=VECTOR('',#2589,1.);
#237=VECTOR('',#2592,1.);
#238=VECTOR('',#2595,1.);
#239=VECTOR('',#2598,1.);
#240=VECTOR('',#2599,1.);
#241=VECTOR('',#2600,1.);
#242=VECTOR('',#2603,1.);
#243=VECTOR('',#2606,1.);
#244=VECTOR('',#2609,1.);
#245=VECTOR('',#2612,1.);
#246=VECTOR('',#2615,1.);
#247=VECTOR('',#2618,1.);
#248=VECTOR('',#2621,1.);
#249=VECTOR('',#2624,1.);
#250=VECTOR('',#2627,1.);
#251=VECTOR('',#2630,1.);
#252=VECTOR('',#2633,1.);
#253=VECTOR('',#2636,1.);
#254=VECTOR('',#2639,1.);
#255=VECTOR('',#2642,1.);
#256=VECTOR('',#2655,1.);
#257=VECTOR('',#2658,1.);
#258=VECTOR('',#2661,1.);
#259=VECTOR('',#2666,1.);
#260=VECTOR('',#2669,1.);
#261=VECTOR('',#2672,1.);
#262=VECTOR('',#2675,1.);
#263=VECTOR('',#2680,1.);
#264=VECTOR('',#2683,1.);
#265=VECTOR('',#2684,1.);
#266=VECTOR('',#2685,1.);
#267=VECTOR('',#2688,1.);
#268=VECTOR('',#2689,1.);
#269=VECTOR('',#2690,1.);
#270=VECTOR('',#2693,1.);
#271=VECTOR('',#2694,1.);
#272=VECTOR('',#2695,1.);
#273=VECTOR('',#2706,1.);
#274=VECTOR('',#2715,1.);
#275=VECTOR('',#2718,1.);
#276=VECTOR('',#2733,1.);
#277=VECTOR('',#2734,1.);
#278=VECTOR('',#2737,1.);
#279=VECTOR('',#2738,1.);
#280=VECTOR('',#2741,1.);
#281=VECTOR('',#2742,1.);
#282=VECTOR('',#2745,1.);
#283=VECTOR('',#2746,1.);
#284=VECTOR('',#2749,1.);
#285=VECTOR('',#2750,1.);
#286=VECTOR('',#2753,1.);
#287=VECTOR('',#2754,1.);
#288=VECTOR('',#2757,1.);
#289=VECTOR('',#2760,1.);
#290=VECTOR('',#2763,1.);
#291=VECTOR('',#2768,1.);
#292=VECTOR('',#2771,1.);
#293=VECTOR('',#2774,1.);
#294=VECTOR('',#2779,1.);
#295=VECTOR('',#2780,1.);
#296=VECTOR('',#2789,1.);
#297=VECTOR('',#2792,1.);
#298=VECTOR('',#2795,1.);
#299=VECTOR('',#2800,1.);
#300=VECTOR('',#2803,1.);
#301=VECTOR('',#2806,1.);
#302=VECTOR('',#2811,1.);
#303=VECTOR('',#2812,1.);
#304=VECTOR('',#2821,1.);
#305=VECTOR('',#2824,1.);
#306=VECTOR('',#2827,1.);
#307=VECTOR('',#2832,1.);
#308=VECTOR('',#2835,1.);
#309=VECTOR('',#2838,1.);
#310=VECTOR('',#2843,1.);
#311=VECTOR('',#2844,1.);
#312=VECTOR('',#2871,1.);
#313=VECTOR('',#2872,1.);
#314=VECTOR('',#2875,1.);
#315=VECTOR('',#2878,1.);
#316=VECTOR('',#2881,1.);
#317=VECTOR('',#2882,1.);
#318=VECTOR('',#2885,1.);
#319=VECTOR('',#2886,1.);
#320=VECTOR('',#2889,1.);
#321=VECTOR('',#2890,1.);
#322=VECTOR('',#2893,1.);
#323=VECTOR('',#2894,1.);
#324=VECTOR('',#2897,1.);
#325=VECTOR('',#2900,1.);
#326=VECTOR('',#2903,1.);
#327=VECTOR('',#2904,1.);
#328=VECTOR('',#2907,1.);
#329=VECTOR('',#2908,1.);
#330=VECTOR('',#2911,1.);
#331=VECTOR('',#2912,1.);
#332=VECTOR('',#2915,1.);
#333=VECTOR('',#2918,1.);
#334=VECTOR('',#2921,1.);
#335=VECTOR('',#2922,1.);
#336=VECTOR('',#2943,1.);
#337=VECTOR('',#2944,1.);
#338=VECTOR('',#2947,1.);
#339=VECTOR('',#2948,1.);
#340=VECTOR('',#2951,1.);
#341=VECTOR('',#2952,1.);
#342=VECTOR('',#3021,1.);
#343=VECTOR('',#3026,1.);
#344=VECTOR('',#3027,1.);
#345=VECTOR('',#3032,1.);
#346=VECTOR('',#3033,1.);
#347=VECTOR('',#3034,1.);
#348=VECTOR('',#3037,1.);
#349=VECTOR('',#3038,1.);
#350=VECTOR('',#3041,1.);
#351=VECTOR('',#3062,1.);
#352=VECTOR('',#3063,1.);
#353=PLANE('',#2195);
#354=PLANE('',#2228);
#355=PLANE('',#2233);
#356=PLANE('',#2234);
#357=PLANE('',#2270);
#358=PLANE('',#2271);
#359=PLANE('',#2272);
#360=PLANE('',#2273);
#361=PLANE('',#2289);
#362=PLANE('',#2290);
#363=PLANE('',#2291);
#364=PLANE('',#2292);
#365=PLANE('',#2293);
#366=PLANE('',#2294);
#367=PLANE('',#2295);
#368=PLANE('',#2299);
#369=PLANE('',#2303);
#370=PLANE('',#2306);
#371=PLANE('',#2307);
#372=PLANE('',#2311);
#373=PLANE('',#2315);
#374=PLANE('',#2318);
#375=PLANE('',#2319);
#376=PLANE('',#2323);
#377=PLANE('',#2327);
#378=PLANE('',#2330);
#379=PLANE('',#2340);
#380=PLANE('',#2342);
#381=PLANE('',#2343);
#382=PLANE('',#2344);
#383=PLANE('',#2345);
#384=PLANE('',#2346);
#385=PLANE('',#2348);
#386=PLANE('',#2349);
#387=PLANE('',#2350);
#388=PLANE('',#2351);
#389=PLANE('',#2353);
#390=PLANE('',#2354);
#391=PLANE('',#2364);
#392=PLANE('',#2365);
#393=PLANE('',#2366);
#394=PLANE('',#2369);
#395=PLANE('',#2372);
#396=PLANE('',#2375);
#397=PLANE('',#2378);
#398=PLANE('',#2379);
#399=PLANE('',#2382);
#400=PLANE('',#2385);
#401=PLANE('',#2388);
#402=PLANE('',#2400);
#403=PLANE('',#2407);
#404=PLANE('',#2416);
#405=PLANE('',#2417);
#406=PLANE('',#2418);
#407=PLANE('',#2419);
#408=PLANE('',#2422);
#409=PLANE('',#2425);
#410=ORIENTED_EDGE('',*,*,#1012,.T.);
#411=ORIENTED_EDGE('',*,*,#1013,.F.);
#412=ORIENTED_EDGE('',*,*,#1014,.T.);
#413=ORIENTED_EDGE('',*,*,#1015,.F.);
#414=ORIENTED_EDGE('',*,*,#1016,.T.);
#415=ORIENTED_EDGE('',*,*,#1017,.F.);
#416=ORIENTED_EDGE('',*,*,#1018,.T.);
#417=ORIENTED_EDGE('',*,*,#1019,.T.);
#418=ORIENTED_EDGE('',*,*,#1020,.T.);
#419=ORIENTED_EDGE('',*,*,#1021,.T.);
#420=ORIENTED_EDGE('',*,*,#1022,.T.);
#421=ORIENTED_EDGE('',*,*,#1023,.T.);
#422=ORIENTED_EDGE('',*,*,#1024,.T.);
#423=ORIENTED_EDGE('',*,*,#1025,.F.);
#424=ORIENTED_EDGE('',*,*,#1026,.T.);
#425=ORIENTED_EDGE('',*,*,#1027,.T.);
#426=ORIENTED_EDGE('',*,*,#1028,.T.);
#427=ORIENTED_EDGE('',*,*,#1029,.F.);
#428=ORIENTED_EDGE('',*,*,#1030,.F.);
#429=ORIENTED_EDGE('',*,*,#1031,.F.);
#430=ORIENTED_EDGE('',*,*,#1032,.T.);
#431=ORIENTED_EDGE('',*,*,#1033,.F.);
#432=ORIENTED_EDGE('',*,*,#1034,.T.);
#433=ORIENTED_EDGE('',*,*,#1035,.T.);
#434=ORIENTED_EDGE('',*,*,#1036,.T.);
#435=ORIENTED_EDGE('',*,*,#1037,.F.);
#436=ORIENTED_EDGE('',*,*,#1038,.F.);
#437=ORIENTED_EDGE('',*,*,#1039,.F.);
#438=ORIENTED_EDGE('',*,*,#1040,.T.);
#439=ORIENTED_EDGE('',*,*,#1041,.F.);
#440=ORIENTED_EDGE('',*,*,#1042,.T.);
#441=ORIENTED_EDGE('',*,*,#1043,.T.);
#442=ORIENTED_EDGE('',*,*,#1044,.T.);
#443=ORIENTED_EDGE('',*,*,#1045,.T.);
#444=ORIENTED_EDGE('',*,*,#1046,.T.);
#445=ORIENTED_EDGE('',*,*,#1047,.T.);
#446=ORIENTED_EDGE('',*,*,#1048,.T.);
#447=ORIENTED_EDGE('',*,*,#1049,.F.);
#448=ORIENTED_EDGE('',*,*,#1050,.T.);
#449=ORIENTED_EDGE('',*,*,#1051,.T.);
#450=ORIENTED_EDGE('',*,*,#1052,.T.);
#451=ORIENTED_EDGE('',*,*,#1053,.T.);
#452=ORIENTED_EDGE('',*,*,#1054,.T.);
#453=ORIENTED_EDGE('',*,*,#1055,.T.);
#454=ORIENTED_EDGE('',*,*,#1056,.T.);
#455=ORIENTED_EDGE('',*,*,#1057,.F.);
#456=ORIENTED_EDGE('',*,*,#1058,.T.);
#457=ORIENTED_EDGE('',*,*,#1059,.T.);
#458=ORIENTED_EDGE('',*,*,#1060,.T.);
#459=ORIENTED_EDGE('',*,*,#1061,.T.);
#460=ORIENTED_EDGE('',*,*,#1062,.T.);
#461=ORIENTED_EDGE('',*,*,#1063,.T.);
#462=ORIENTED_EDGE('',*,*,#1064,.T.);
#463=ORIENTED_EDGE('',*,*,#1065,.T.);
#464=ORIENTED_EDGE('',*,*,#1066,.T.);
#465=ORIENTED_EDGE('',*,*,#1067,.T.);
#466=ORIENTED_EDGE('',*,*,#1068,.T.);
#467=ORIENTED_EDGE('',*,*,#1069,.F.);
#468=ORIENTED_EDGE('',*,*,#1070,.F.);
#469=ORIENTED_EDGE('',*,*,#1071,.F.);
#470=ORIENTED_EDGE('',*,*,#1072,.T.);
#471=ORIENTED_EDGE('',*,*,#1073,.T.);
#472=ORIENTED_EDGE('',*,*,#1074,.T.);
#473=ORIENTED_EDGE('',*,*,#1075,.F.);
#474=ORIENTED_EDGE('',*,*,#1076,.F.);
#475=ORIENTED_EDGE('',*,*,#1077,.F.);
#476=ORIENTED_EDGE('',*,*,#1078,.T.);
#477=ORIENTED_EDGE('',*,*,#1079,.T.);
#478=ORIENTED_EDGE('',*,*,#1080,.T.);
#479=ORIENTED_EDGE('',*,*,#1081,.F.);
#480=ORIENTED_EDGE('',*,*,#1082,.T.);
#481=ORIENTED_EDGE('',*,*,#1083,.T.);
#482=ORIENTED_EDGE('',*,*,#1084,.F.);
#483=ORIENTED_EDGE('',*,*,#1085,.T.);
#484=ORIENTED_EDGE('',*,*,#1086,.F.);
#485=ORIENTED_EDGE('',*,*,#1075,.T.);
#486=ORIENTED_EDGE('',*,*,#1087,.F.);
#487=ORIENTED_EDGE('',*,*,#1088,.F.);
#488=ORIENTED_EDGE('',*,*,#1081,.T.);
#489=ORIENTED_EDGE('',*,*,#1089,.T.);
#490=ORIENTED_EDGE('',*,*,#1090,.T.);
#491=ORIENTED_EDGE('',*,*,#1091,.F.);
#492=ORIENTED_EDGE('',*,*,#1092,.T.);
#493=ORIENTED_EDGE('',*,*,#1093,.T.);
#494=ORIENTED_EDGE('',*,*,#1094,.F.);
#495=ORIENTED_EDGE('',*,*,#1095,.F.);
#496=ORIENTED_EDGE('',*,*,#1096,.T.);
#497=ORIENTED_EDGE('',*,*,#1097,.T.);
#498=ORIENTED_EDGE('',*,*,#1098,.T.);
#499=ORIENTED_EDGE('',*,*,#1099,.F.);
#500=ORIENTED_EDGE('',*,*,#1100,.T.);
#501=ORIENTED_EDGE('',*,*,#1101,.F.);
#502=ORIENTED_EDGE('',*,*,#1102,.T.);
#503=ORIENTED_EDGE('',*,*,#1103,.F.);
#504=ORIENTED_EDGE('',*,*,#1104,.T.);
#505=ORIENTED_EDGE('',*,*,#1105,.T.);
#506=ORIENTED_EDGE('',*,*,#1106,.T.);
#507=ORIENTED_EDGE('',*,*,#1107,.F.);
#508=ORIENTED_EDGE('',*,*,#1108,.T.);
#509=ORIENTED_EDGE('',*,*,#1109,.F.);
#510=ORIENTED_EDGE('',*,*,#1110,.T.);
#511=ORIENTED_EDGE('',*,*,#1111,.F.);
#512=ORIENTED_EDGE('',*,*,#1112,.T.);
#513=ORIENTED_EDGE('',*,*,#1113,.T.);
#514=ORIENTED_EDGE('',*,*,#1114,.T.);
#515=ORIENTED_EDGE('',*,*,#1115,.F.);
#516=ORIENTED_EDGE('',*,*,#1116,.T.);
#517=ORIENTED_EDGE('',*,*,#1117,.F.);
#518=ORIENTED_EDGE('',*,*,#1118,.T.);
#519=ORIENTED_EDGE('',*,*,#1119,.F.);
#520=ORIENTED_EDGE('',*,*,#1120,.T.);
#521=ORIENTED_EDGE('',*,*,#1121,.T.);
#522=ORIENTED_EDGE('',*,*,#1122,.T.);
#523=ORIENTED_EDGE('',*,*,#1123,.T.);
#524=ORIENTED_EDGE('',*,*,#1124,.T.);
#525=ORIENTED_EDGE('',*,*,#1125,.T.);
#526=ORIENTED_EDGE('',*,*,#1126,.T.);
#527=ORIENTED_EDGE('',*,*,#1127,.F.);
#528=ORIENTED_EDGE('',*,*,#1128,.T.);
#529=ORIENTED_EDGE('',*,*,#1129,.T.);
#530=ORIENTED_EDGE('',*,*,#1130,.T.);
#531=ORIENTED_EDGE('',*,*,#1131,.T.);
#532=ORIENTED_EDGE('',*,*,#1132,.T.);
#533=ORIENTED_EDGE('',*,*,#1133,.T.);
#534=ORIENTED_EDGE('',*,*,#1134,.T.);
#535=ORIENTED_EDGE('',*,*,#1135,.F.);
#536=ORIENTED_EDGE('',*,*,#1136,.T.);
#537=ORIENTED_EDGE('',*,*,#1137,.F.);
#538=ORIENTED_EDGE('',*,*,#1138,.T.);
#539=ORIENTED_EDGE('',*,*,#1139,.T.);
#540=ORIENTED_EDGE('',*,*,#1140,.T.);
#541=ORIENTED_EDGE('',*,*,#1141,.T.);
#542=ORIENTED_EDGE('',*,*,#1142,.T.);
#543=ORIENTED_EDGE('',*,*,#1143,.F.);
#544=ORIENTED_EDGE('',*,*,#1144,.F.);
#545=ORIENTED_EDGE('',*,*,#1145,.F.);
#546=ORIENTED_EDGE('',*,*,#1146,.T.);
#547=ORIENTED_EDGE('',*,*,#1147,.T.);
#548=ORIENTED_EDGE('',*,*,#1148,.F.);
#549=ORIENTED_EDGE('',*,*,#1149,.T.);
#550=ORIENTED_EDGE('',*,*,#1150,.F.);
#551=ORIENTED_EDGE('',*,*,#1151,.T.);
#552=ORIENTED_EDGE('',*,*,#1152,.T.);
#553=ORIENTED_EDGE('',*,*,#1153,.T.);
#554=ORIENTED_EDGE('',*,*,#1154,.F.);
#555=ORIENTED_EDGE('',*,*,#1155,.F.);
#556=ORIENTED_EDGE('',*,*,#1085,.F.);
#557=ORIENTED_EDGE('',*,*,#1156,.T.);
#558=ORIENTED_EDGE('',*,*,#1157,.T.);
#559=ORIENTED_EDGE('',*,*,#1158,.T.);
#560=ORIENTED_EDGE('',*,*,#1159,.T.);
#561=ORIENTED_EDGE('',*,*,#1160,.T.);
#562=ORIENTED_EDGE('',*,*,#1161,.F.);
#563=ORIENTED_EDGE('',*,*,#1162,.T.);
#564=ORIENTED_EDGE('',*,*,#1163,.T.);
#565=ORIENTED_EDGE('',*,*,#1164,.T.);
#566=ORIENTED_EDGE('',*,*,#1157,.F.);
#567=ORIENTED_EDGE('',*,*,#1165,.T.);
#568=ORIENTED_EDGE('',*,*,#1166,.T.);
#569=ORIENTED_EDGE('',*,*,#1167,.T.);
#570=ORIENTED_EDGE('',*,*,#1168,.F.);
#571=ORIENTED_EDGE('',*,*,#1169,.T.);
#572=ORIENTED_EDGE('',*,*,#1161,.T.);
#573=ORIENTED_EDGE('',*,*,#1170,.T.);
#574=ORIENTED_EDGE('',*,*,#1148,.T.);
#575=ORIENTED_EDGE('',*,*,#1171,.T.);
#576=ORIENTED_EDGE('',*,*,#1172,.F.);
#577=ORIENTED_EDGE('',*,*,#1173,.T.);
#578=ORIENTED_EDGE('',*,*,#1174,.F.);
#579=ORIENTED_EDGE('',*,*,#1175,.F.);
#580=ORIENTED_EDGE('',*,*,#1176,.F.);
#581=ORIENTED_EDGE('',*,*,#1177,.F.);
#582=ORIENTED_EDGE('',*,*,#1178,.F.);
#583=ORIENTED_EDGE('',*,*,#1179,.T.);
#584=ORIENTED_EDGE('',*,*,#1166,.F.);
#585=ORIENTED_EDGE('',*,*,#1180,.T.);
#586=ORIENTED_EDGE('',*,*,#1089,.F.);
#587=ORIENTED_EDGE('',*,*,#1084,.T.);
#588=ORIENTED_EDGE('',*,*,#1181,.F.);
#589=ORIENTED_EDGE('',*,*,#1182,.T.);
#590=ORIENTED_EDGE('',*,*,#1183,.F.);
#591=ORIENTED_EDGE('',*,*,#1184,.T.);
#592=ORIENTED_EDGE('',*,*,#1185,.T.);
#593=ORIENTED_EDGE('',*,*,#1186,.T.);
#594=ORIENTED_EDGE('',*,*,#1172,.T.);
#595=ORIENTED_EDGE('',*,*,#1187,.T.);
#596=ORIENTED_EDGE('',*,*,#1188,.T.);
#597=ORIENTED_EDGE('',*,*,#1093,.F.);
#598=ORIENTED_EDGE('',*,*,#1189,.T.);
#599=ORIENTED_EDGE('',*,*,#1190,.T.);
#600=ORIENTED_EDGE('',*,*,#1168,.T.);
#601=ORIENTED_EDGE('',*,*,#1191,.T.);
#602=ORIENTED_EDGE('',*,*,#1115,.T.);
#603=ORIENTED_EDGE('',*,*,#1192,.T.);
#604=ORIENTED_EDGE('',*,*,#1047,.F.);
#605=ORIENTED_EDGE('',*,*,#1193,.T.);
#606=ORIENTED_EDGE('',*,*,#1099,.T.);
#607=ORIENTED_EDGE('',*,*,#1194,.T.);
#608=ORIENTED_EDGE('',*,*,#1063,.F.);
#609=ORIENTED_EDGE('',*,*,#1195,.T.);
#610=ORIENTED_EDGE('',*,*,#1107,.T.);
#611=ORIENTED_EDGE('',*,*,#1196,.T.);
#612=ORIENTED_EDGE('',*,*,#1055,.F.);
#613=ORIENTED_EDGE('',*,*,#1197,.T.);
#614=ORIENTED_EDGE('',*,*,#1061,.F.);
#615=ORIENTED_EDGE('',*,*,#1198,.T.);
#616=ORIENTED_EDGE('',*,*,#1101,.T.);
#617=ORIENTED_EDGE('',*,*,#1199,.T.);
#618=ORIENTED_EDGE('',*,*,#1045,.F.);
#619=ORIENTED_EDGE('',*,*,#1200,.T.);
#620=ORIENTED_EDGE('',*,*,#1117,.T.);
#621=ORIENTED_EDGE('',*,*,#1201,.T.);
#622=ORIENTED_EDGE('',*,*,#1053,.F.);
#623=ORIENTED_EDGE('',*,*,#1202,.T.);
#624=ORIENTED_EDGE('',*,*,#1109,.T.);
#625=ORIENTED_EDGE('',*,*,#1203,.T.);
#626=ORIENTED_EDGE('',*,*,#1057,.T.);
#627=ORIENTED_EDGE('',*,*,#1204,.T.);
#628=ORIENTED_EDGE('',*,*,#1205,.F.);
#629=ORIENTED_EDGE('',*,*,#1206,.T.);
#630=ORIENTED_EDGE('',*,*,#1105,.F.);
#631=ORIENTED_EDGE('',*,*,#1207,.T.);
#632=ORIENTED_EDGE('',*,*,#1208,.F.);
#633=ORIENTED_EDGE('',*,*,#1209,.T.);
#634=ORIENTED_EDGE('',*,*,#1103,.T.);
#635=ORIENTED_EDGE('',*,*,#1210,.T.);
#636=ORIENTED_EDGE('',*,*,#1211,.F.);
#637=ORIENTED_EDGE('',*,*,#1212,.T.);
#638=ORIENTED_EDGE('',*,*,#1059,.F.);
#639=ORIENTED_EDGE('',*,*,#1213,.T.);
#640=ORIENTED_EDGE('',*,*,#1214,.T.);
#641=ORIENTED_EDGE('',*,*,#1215,.T.);
#642=ORIENTED_EDGE('',*,*,#1208,.T.);
#643=ORIENTED_EDGE('',*,*,#1216,.T.);
#644=ORIENTED_EDGE('',*,*,#1214,.F.);
#645=ORIENTED_EDGE('',*,*,#1217,.T.);
#646=ORIENTED_EDGE('',*,*,#1218,.F.);
#647=ORIENTED_EDGE('',*,*,#1211,.T.);
#648=ORIENTED_EDGE('',*,*,#1219,.T.);
#649=ORIENTED_EDGE('',*,*,#1016,.F.);
#650=ORIENTED_EDGE('',*,*,#1218,.T.);
#651=ORIENTED_EDGE('',*,*,#1041,.T.);
#652=ORIENTED_EDGE('',*,*,#1220,.T.);
#653=ORIENTED_EDGE('',*,*,#1221,.F.);
#654=ORIENTED_EDGE('',*,*,#1222,.T.);
#655=ORIENTED_EDGE('',*,*,#1097,.F.);
#656=ORIENTED_EDGE('',*,*,#1223,.T.);
#657=ORIENTED_EDGE('',*,*,#1224,.F.);
#658=ORIENTED_EDGE('',*,*,#1225,.T.);
#659=ORIENTED_EDGE('',*,*,#1095,.T.);
#660=ORIENTED_EDGE('',*,*,#1226,.T.);
#661=ORIENTED_EDGE('',*,*,#1227,.F.);
#662=ORIENTED_EDGE('',*,*,#1228,.T.);
#663=ORIENTED_EDGE('',*,*,#1043,.F.);
#664=ORIENTED_EDGE('',*,*,#1229,.T.);
#665=ORIENTED_EDGE('',*,*,#1230,.T.);
#666=ORIENTED_EDGE('',*,*,#1231,.T.);
#667=ORIENTED_EDGE('',*,*,#1224,.T.);
#668=ORIENTED_EDGE('',*,*,#1232,.T.);
#669=ORIENTED_EDGE('',*,*,#1230,.F.);
#670=ORIENTED_EDGE('',*,*,#1233,.T.);
#671=ORIENTED_EDGE('',*,*,#1234,.F.);
#672=ORIENTED_EDGE('',*,*,#1227,.T.);
#673=ORIENTED_EDGE('',*,*,#1235,.T.);
#674=ORIENTED_EDGE('',*,*,#1014,.F.);
#675=ORIENTED_EDGE('',*,*,#1234,.T.);
#676=ORIENTED_EDGE('',*,*,#1049,.T.);
#677=ORIENTED_EDGE('',*,*,#1236,.T.);
#678=ORIENTED_EDGE('',*,*,#1237,.F.);
#679=ORIENTED_EDGE('',*,*,#1238,.T.);
#680=ORIENTED_EDGE('',*,*,#1113,.F.);
#681=ORIENTED_EDGE('',*,*,#1239,.T.);
#682=ORIENTED_EDGE('',*,*,#1240,.F.);
#683=ORIENTED_EDGE('',*,*,#1241,.T.);
#684=ORIENTED_EDGE('',*,*,#1111,.T.);
#685=ORIENTED_EDGE('',*,*,#1242,.T.);
#686=ORIENTED_EDGE('',*,*,#1243,.F.);
#687=ORIENTED_EDGE('',*,*,#1244,.T.);
#688=ORIENTED_EDGE('',*,*,#1051,.F.);
#689=ORIENTED_EDGE('',*,*,#1245,.T.);
#690=ORIENTED_EDGE('',*,*,#1246,.T.);
#691=ORIENTED_EDGE('',*,*,#1247,.T.);
#692=ORIENTED_EDGE('',*,*,#1240,.T.);
#693=ORIENTED_EDGE('',*,*,#1248,.T.);
#694=ORIENTED_EDGE('',*,*,#1246,.F.);
#695=ORIENTED_EDGE('',*,*,#1249,.T.);
#696=ORIENTED_EDGE('',*,*,#1250,.F.);
#697=ORIENTED_EDGE('',*,*,#1243,.T.);
#698=ORIENTED_EDGE('',*,*,#1251,.T.);
#699=ORIENTED_EDGE('',*,*,#1012,.F.);
#700=ORIENTED_EDGE('',*,*,#1250,.T.);
#701=ORIENTED_EDGE('',*,*,#1223,.F.);
#702=ORIENTED_EDGE('',*,*,#1096,.F.);
#703=ORIENTED_EDGE('',*,*,#1231,.F.);
#704=ORIENTED_EDGE('',*,*,#1232,.F.);
#705=ORIENTED_EDGE('',*,*,#1225,.F.);
#706=ORIENTED_EDGE('',*,*,#1233,.F.);
#707=ORIENTED_EDGE('',*,*,#1229,.F.);
#708=ORIENTED_EDGE('',*,*,#1042,.F.);
#709=ORIENTED_EDGE('',*,*,#1207,.F.);
#710=ORIENTED_EDGE('',*,*,#1104,.F.);
#711=ORIENTED_EDGE('',*,*,#1215,.F.);
#712=ORIENTED_EDGE('',*,*,#1216,.F.);
#713=ORIENTED_EDGE('',*,*,#1209,.F.);
#714=ORIENTED_EDGE('',*,*,#1217,.F.);
#715=ORIENTED_EDGE('',*,*,#1213,.F.);
#716=ORIENTED_EDGE('',*,*,#1058,.F.);
#717=ORIENTED_EDGE('',*,*,#1239,.F.);
#718=ORIENTED_EDGE('',*,*,#1112,.F.);
#719=ORIENTED_EDGE('',*,*,#1247,.F.);
#720=ORIENTED_EDGE('',*,*,#1248,.F.);
#721=ORIENTED_EDGE('',*,*,#1241,.F.);
#722=ORIENTED_EDGE('',*,*,#1249,.F.);
#723=ORIENTED_EDGE('',*,*,#1245,.F.);
#724=ORIENTED_EDGE('',*,*,#1050,.F.);
#725=ORIENTED_EDGE('',*,*,#1046,.F.);
#726=ORIENTED_EDGE('',*,*,#1201,.F.);
#727=ORIENTED_EDGE('',*,*,#1116,.F.);
#728=ORIENTED_EDGE('',*,*,#1193,.F.);
#729=ORIENTED_EDGE('',*,*,#1054,.F.);
#730=ORIENTED_EDGE('',*,*,#1203,.F.);
#731=ORIENTED_EDGE('',*,*,#1108,.F.);
#732=ORIENTED_EDGE('',*,*,#1197,.F.);
#733=ORIENTED_EDGE('',*,*,#1062,.F.);
#734=ORIENTED_EDGE('',*,*,#1199,.F.);
#735=ORIENTED_EDGE('',*,*,#1100,.F.);
#736=ORIENTED_EDGE('',*,*,#1195,.F.);
#737=ORIENTED_EDGE('',*,*,#1123,.F.);
#738=ORIENTED_EDGE('',*,*,#1252,.T.);
#739=ORIENTED_EDGE('',*,*,#1039,.T.);
#740=ORIENTED_EDGE('',*,*,#1253,.F.);
#741=ORIENTED_EDGE('',*,*,#1253,.T.);
#742=ORIENTED_EDGE('',*,*,#1038,.T.);
#743=ORIENTED_EDGE('',*,*,#1254,.F.);
#744=ORIENTED_EDGE('',*,*,#1124,.F.);
#745=ORIENTED_EDGE('',*,*,#1037,.T.);
#746=ORIENTED_EDGE('',*,*,#1255,.T.);
#747=ORIENTED_EDGE('',*,*,#1125,.F.);
#748=ORIENTED_EDGE('',*,*,#1254,.T.);
#749=ORIENTED_EDGE('',*,*,#1035,.F.);
#750=ORIENTED_EDGE('',*,*,#1256,.T.);
#751=ORIENTED_EDGE('',*,*,#1119,.T.);
#752=ORIENTED_EDGE('',*,*,#1257,.T.);
#753=ORIENTED_EDGE('',*,*,#1121,.F.);
#754=ORIENTED_EDGE('',*,*,#1258,.T.);
#755=ORIENTED_EDGE('',*,*,#1033,.T.);
#756=ORIENTED_EDGE('',*,*,#1259,.T.);
#757=ORIENTED_EDGE('',*,*,#1129,.F.);
#758=ORIENTED_EDGE('',*,*,#1260,.T.);
#759=ORIENTED_EDGE('',*,*,#1025,.T.);
#760=ORIENTED_EDGE('',*,*,#1261,.T.);
#761=ORIENTED_EDGE('',*,*,#1131,.F.);
#762=ORIENTED_EDGE('',*,*,#1262,.T.);
#763=ORIENTED_EDGE('',*,*,#1031,.T.);
#764=ORIENTED_EDGE('',*,*,#1263,.F.);
#765=ORIENTED_EDGE('',*,*,#1263,.T.);
#766=ORIENTED_EDGE('',*,*,#1030,.T.);
#767=ORIENTED_EDGE('',*,*,#1264,.F.);
#768=ORIENTED_EDGE('',*,*,#1132,.F.);
#769=ORIENTED_EDGE('',*,*,#1029,.T.);
#770=ORIENTED_EDGE('',*,*,#1265,.T.);
#771=ORIENTED_EDGE('',*,*,#1133,.F.);
#772=ORIENTED_EDGE('',*,*,#1264,.T.);
#773=ORIENTED_EDGE('',*,*,#1027,.F.);
#774=ORIENTED_EDGE('',*,*,#1266,.T.);
#775=ORIENTED_EDGE('',*,*,#1127,.T.);
#776=ORIENTED_EDGE('',*,*,#1267,.T.);
#777=ORIENTED_EDGE('',*,*,#1137,.T.);
#778=ORIENTED_EDGE('',*,*,#1268,.T.);
#779=ORIENTED_EDGE('',*,*,#1065,.F.);
#780=ORIENTED_EDGE('',*,*,#1269,.T.);
#781=ORIENTED_EDGE('',*,*,#1139,.F.);
#782=ORIENTED_EDGE('',*,*,#1270,.T.);
#783=ORIENTED_EDGE('',*,*,#1071,.T.);
#784=ORIENTED_EDGE('',*,*,#1271,.F.);
#785=ORIENTED_EDGE('',*,*,#1271,.T.);
#786=ORIENTED_EDGE('',*,*,#1070,.T.);
#787=ORIENTED_EDGE('',*,*,#1272,.F.);
#788=ORIENTED_EDGE('',*,*,#1140,.F.);
#789=ORIENTED_EDGE('',*,*,#1069,.T.);
#790=ORIENTED_EDGE('',*,*,#1273,.T.);
#791=ORIENTED_EDGE('',*,*,#1141,.F.);
#792=ORIENTED_EDGE('',*,*,#1272,.T.);
#793=ORIENTED_EDGE('',*,*,#1067,.F.);
#794=ORIENTED_EDGE('',*,*,#1274,.T.);
#795=ORIENTED_EDGE('',*,*,#1135,.T.);
#796=ORIENTED_EDGE('',*,*,#1275,.T.);
#797=ORIENTED_EDGE('',*,*,#1120,.F.);
#798=ORIENTED_EDGE('',*,*,#1256,.F.);
#799=ORIENTED_EDGE('',*,*,#1034,.F.);
#800=ORIENTED_EDGE('',*,*,#1258,.F.);
#801=ORIENTED_EDGE('',*,*,#1128,.F.);
#802=ORIENTED_EDGE('',*,*,#1266,.F.);
#803=ORIENTED_EDGE('',*,*,#1026,.F.);
#804=ORIENTED_EDGE('',*,*,#1260,.F.);
#805=ORIENTED_EDGE('',*,*,#1136,.F.);
#806=ORIENTED_EDGE('',*,*,#1274,.F.);
#807=ORIENTED_EDGE('',*,*,#1066,.F.);
#808=ORIENTED_EDGE('',*,*,#1268,.F.);
#809=ORIENTED_EDGE('',*,*,#1138,.F.);
#810=ORIENTED_EDGE('',*,*,#1269,.F.);
#811=ORIENTED_EDGE('',*,*,#1072,.F.);
#812=ORIENTED_EDGE('',*,*,#1270,.F.);
#813=ORIENTED_EDGE('',*,*,#1142,.F.);
#814=ORIENTED_EDGE('',*,*,#1273,.F.);
#815=ORIENTED_EDGE('',*,*,#1068,.F.);
#816=ORIENTED_EDGE('',*,*,#1275,.F.);
#817=ORIENTED_EDGE('',*,*,#1130,.F.);
#818=ORIENTED_EDGE('',*,*,#1261,.F.);
#819=ORIENTED_EDGE('',*,*,#1032,.F.);
#820=ORIENTED_EDGE('',*,*,#1262,.F.);
#821=ORIENTED_EDGE('',*,*,#1134,.F.);
#822=ORIENTED_EDGE('',*,*,#1265,.F.);
#823=ORIENTED_EDGE('',*,*,#1028,.F.);
#824=ORIENTED_EDGE('',*,*,#1267,.F.);
#825=ORIENTED_EDGE('',*,*,#1126,.F.);
#826=ORIENTED_EDGE('',*,*,#1255,.F.);
#827=ORIENTED_EDGE('',*,*,#1036,.F.);
#828=ORIENTED_EDGE('',*,*,#1257,.F.);
#829=ORIENTED_EDGE('',*,*,#1122,.F.);
#830=ORIENTED_EDGE('',*,*,#1259,.F.);
#831=ORIENTED_EDGE('',*,*,#1040,.F.);
#832=ORIENTED_EDGE('',*,*,#1252,.F.);
#833=ORIENTED_EDGE('',*,*,#1183,.T.);
#834=ORIENTED_EDGE('',*,*,#1276,.T.);
#835=ORIENTED_EDGE('',*,*,#1152,.F.);
#836=ORIENTED_EDGE('',*,*,#1277,.T.);
#837=ORIENTED_EDGE('',*,*,#1150,.T.);
#838=ORIENTED_EDGE('',*,*,#1278,.T.);
#839=ORIENTED_EDGE('',*,*,#1185,.F.);
#840=ORIENTED_EDGE('',*,*,#1279,.T.);
#841=ORIENTED_EDGE('',*,*,#1159,.F.);
#842=ORIENTED_EDGE('',*,*,#1280,.T.);
#843=ORIENTED_EDGE('',*,*,#1178,.T.);
#844=ORIENTED_EDGE('',*,*,#1281,.T.);
#845=ORIENTED_EDGE('',*,*,#1282,.F.);
#846=ORIENTED_EDGE('',*,*,#1177,.T.);
#847=ORIENTED_EDGE('',*,*,#1282,.T.);
#848=ORIENTED_EDGE('',*,*,#1283,.F.);
#849=ORIENTED_EDGE('',*,*,#1176,.T.);
#850=ORIENTED_EDGE('',*,*,#1283,.T.);
#851=ORIENTED_EDGE('',*,*,#1284,.F.);
#852=ORIENTED_EDGE('',*,*,#1175,.T.);
#853=ORIENTED_EDGE('',*,*,#1284,.T.);
#854=ORIENTED_EDGE('',*,*,#1285,.F.);
#855=ORIENTED_EDGE('',*,*,#1174,.T.);
#856=ORIENTED_EDGE('',*,*,#1285,.T.);
#857=ORIENTED_EDGE('',*,*,#1286,.F.);
#858=ORIENTED_EDGE('',*,*,#1286,.T.);
#859=ORIENTED_EDGE('',*,*,#1024,.F.);
#860=ORIENTED_EDGE('',*,*,#1287,.F.);
#861=ORIENTED_EDGE('',*,*,#1287,.T.);
#862=ORIENTED_EDGE('',*,*,#1023,.F.);
#863=ORIENTED_EDGE('',*,*,#1288,.F.);
#864=ORIENTED_EDGE('',*,*,#1288,.T.);
#865=ORIENTED_EDGE('',*,*,#1022,.F.);
#866=ORIENTED_EDGE('',*,*,#1289,.F.);
#867=ORIENTED_EDGE('',*,*,#1289,.T.);
#868=ORIENTED_EDGE('',*,*,#1021,.F.);
#869=ORIENTED_EDGE('',*,*,#1290,.F.);
#870=ORIENTED_EDGE('',*,*,#1143,.T.);
#871=ORIENTED_EDGE('',*,*,#1290,.T.);
#872=ORIENTED_EDGE('',*,*,#1020,.F.);
#873=ORIENTED_EDGE('',*,*,#1291,.F.);
#874=ORIENTED_EDGE('',*,*,#1144,.T.);
#875=ORIENTED_EDGE('',*,*,#1291,.T.);
#876=ORIENTED_EDGE('',*,*,#1019,.F.);
#877=ORIENTED_EDGE('',*,*,#1292,.F.);
#878=ORIENTED_EDGE('',*,*,#1145,.T.);
#879=ORIENTED_EDGE('',*,*,#1292,.T.);
#880=ORIENTED_EDGE('',*,*,#1018,.F.);
#881=ORIENTED_EDGE('',*,*,#1155,.T.);
#882=ORIENTED_EDGE('',*,*,#1293,.F.);
#883=ORIENTED_EDGE('',*,*,#1076,.T.);
#884=ORIENTED_EDGE('',*,*,#1086,.T.);
#885=ORIENTED_EDGE('',*,*,#1294,.F.);
#886=ORIENTED_EDGE('',*,*,#1295,.T.);
#887=ORIENTED_EDGE('',*,*,#1077,.T.);
#888=ORIENTED_EDGE('',*,*,#1293,.T.);
#889=ORIENTED_EDGE('',*,*,#1154,.T.);
#890=ORIENTED_EDGE('',*,*,#1296,.T.);
#891=ORIENTED_EDGE('',*,*,#1181,.T.);
#892=ORIENTED_EDGE('',*,*,#1083,.F.);
#893=ORIENTED_EDGE('',*,*,#1297,.T.);
#894=ORIENTED_EDGE('',*,*,#1298,.T.);
#895=ORIENTED_EDGE('',*,*,#1073,.F.);
#896=ORIENTED_EDGE('',*,*,#1299,.T.);
#897=ORIENTED_EDGE('',*,*,#1163,.F.);
#898=ORIENTED_EDGE('',*,*,#1300,.T.);
#899=ORIENTED_EDGE('',*,*,#1189,.F.);
#900=ORIENTED_EDGE('',*,*,#1092,.F.);
#901=ORIENTED_EDGE('',*,*,#1146,.F.);
#902=ORIENTED_EDGE('',*,*,#1301,.F.);
#903=ORIENTED_EDGE('',*,*,#1079,.F.);
#904=ORIENTED_EDGE('',*,*,#1302,.F.);
#905=ORIENTED_EDGE('',*,*,#1303,.T.);
#906=ORIENTED_EDGE('',*,*,#1094,.T.);
#907=ORIENTED_EDGE('',*,*,#1188,.F.);
#908=ORIENTED_EDGE('',*,*,#1304,.T.);
#909=ORIENTED_EDGE('',*,*,#1164,.F.);
#910=ORIENTED_EDGE('',*,*,#1299,.F.);
#911=ORIENTED_EDGE('',*,*,#1080,.F.);
#912=ORIENTED_EDGE('',*,*,#1301,.T.);
#913=ORIENTED_EDGE('',*,*,#1187,.F.);
#914=ORIENTED_EDGE('',*,*,#1171,.F.);
#915=ORIENTED_EDGE('',*,*,#1147,.F.);
#916=ORIENTED_EDGE('',*,*,#1304,.F.);
#917=ORIENTED_EDGE('',*,*,#1162,.F.);
#918=ORIENTED_EDGE('',*,*,#1169,.F.);
#919=ORIENTED_EDGE('',*,*,#1190,.F.);
#920=ORIENTED_EDGE('',*,*,#1300,.F.);
#921=ORIENTED_EDGE('',*,*,#1153,.F.);
#922=ORIENTED_EDGE('',*,*,#1276,.F.);
#923=ORIENTED_EDGE('',*,*,#1182,.F.);
#924=ORIENTED_EDGE('',*,*,#1296,.F.);
#925=ORIENTED_EDGE('',*,*,#1180,.F.);
#926=ORIENTED_EDGE('',*,*,#1165,.F.);
#927=ORIENTED_EDGE('',*,*,#1156,.F.);
#928=ORIENTED_EDGE('',*,*,#1090,.F.);
#929=ORIENTED_EDGE('',*,*,#1179,.F.);
#930=ORIENTED_EDGE('',*,*,#1280,.F.);
#931=ORIENTED_EDGE('',*,*,#1158,.F.);
#932=ORIENTED_EDGE('',*,*,#1167,.F.);
#933=ORIENTED_EDGE('',*,*,#1191,.F.);
#934=ORIENTED_EDGE('',*,*,#1170,.F.);
#935=ORIENTED_EDGE('',*,*,#1160,.F.);
#936=ORIENTED_EDGE('',*,*,#1281,.F.);
#937=ORIENTED_EDGE('',*,*,#1186,.F.);
#938=ORIENTED_EDGE('',*,*,#1278,.F.);
#939=ORIENTED_EDGE('',*,*,#1149,.F.);
#940=ORIENTED_EDGE('',*,*,#1173,.F.);
#941=ORIENTED_EDGE('',*,*,#1184,.F.);
#942=ORIENTED_EDGE('',*,*,#1277,.F.);
#943=ORIENTED_EDGE('',*,*,#1151,.F.);
#944=ORIENTED_EDGE('',*,*,#1279,.F.);
#945=ORIENTED_EDGE('',*,*,#1088,.T.);
#946=ORIENTED_EDGE('',*,*,#1305,.F.);
#947=ORIENTED_EDGE('',*,*,#1297,.F.);
#948=ORIENTED_EDGE('',*,*,#1091,.T.);
#949=ORIENTED_EDGE('',*,*,#1303,.F.);
#950=ORIENTED_EDGE('',*,*,#1306,.F.);
#951=ORIENTED_EDGE('',*,*,#1294,.T.);
#952=ORIENTED_EDGE('',*,*,#1082,.F.);
#953=ORIENTED_EDGE('',*,*,#1074,.F.);
#954=ORIENTED_EDGE('',*,*,#1298,.F.);
#955=ORIENTED_EDGE('',*,*,#1305,.T.);
#956=ORIENTED_EDGE('',*,*,#1087,.T.);
#957=ORIENTED_EDGE('',*,*,#1078,.F.);
#958=ORIENTED_EDGE('',*,*,#1295,.F.);
#959=ORIENTED_EDGE('',*,*,#1306,.T.);
#960=ORIENTED_EDGE('',*,*,#1302,.T.);
#961=ORIENTED_EDGE('',*,*,#1307,.T.);
#962=ORIENTED_EDGE('',*,*,#1017,.T.);
#963=ORIENTED_EDGE('',*,*,#1307,.F.);
#964=ORIENTED_EDGE('',*,*,#1205,.T.);
#965=ORIENTED_EDGE('',*,*,#1308,.T.);
#966=ORIENTED_EDGE('',*,*,#1309,.T.);
#967=ORIENTED_EDGE('',*,*,#1015,.T.);
#968=ORIENTED_EDGE('',*,*,#1309,.F.);
#969=ORIENTED_EDGE('',*,*,#1221,.T.);
#970=ORIENTED_EDGE('',*,*,#1310,.T.);
#971=ORIENTED_EDGE('',*,*,#1311,.T.);
#972=ORIENTED_EDGE('',*,*,#1013,.T.);
#973=ORIENTED_EDGE('',*,*,#1311,.F.);
#974=ORIENTED_EDGE('',*,*,#1237,.T.);
#975=ORIENTED_EDGE('',*,*,#1312,.T.);
#976=ORIENTED_EDGE('',*,*,#1064,.F.);
#977=ORIENTED_EDGE('',*,*,#1194,.F.);
#978=ORIENTED_EDGE('',*,*,#1098,.F.);
#979=ORIENTED_EDGE('',*,*,#1222,.F.);
#980=ORIENTED_EDGE('',*,*,#1310,.F.);
#981=ORIENTED_EDGE('',*,*,#1220,.F.);
#982=ORIENTED_EDGE('',*,*,#1235,.F.);
#983=ORIENTED_EDGE('',*,*,#1226,.F.);
#984=ORIENTED_EDGE('',*,*,#1118,.F.);
#985=ORIENTED_EDGE('',*,*,#1200,.F.);
#986=ORIENTED_EDGE('',*,*,#1044,.F.);
#987=ORIENTED_EDGE('',*,*,#1228,.F.);
#988=ORIENTED_EDGE('',*,*,#1048,.F.);
#989=ORIENTED_EDGE('',*,*,#1192,.F.);
#990=ORIENTED_EDGE('',*,*,#1114,.F.);
#991=ORIENTED_EDGE('',*,*,#1238,.F.);
#992=ORIENTED_EDGE('',*,*,#1312,.F.);
#993=ORIENTED_EDGE('',*,*,#1236,.F.);
#994=ORIENTED_EDGE('',*,*,#1251,.F.);
#995=ORIENTED_EDGE('',*,*,#1242,.F.);
#996=ORIENTED_EDGE('',*,*,#1110,.F.);
#997=ORIENTED_EDGE('',*,*,#1202,.F.);
#998=ORIENTED_EDGE('',*,*,#1052,.F.);
#999=ORIENTED_EDGE('',*,*,#1244,.F.);
#1000=ORIENTED_EDGE('',*,*,#1056,.F.);
#1001=ORIENTED_EDGE('',*,*,#1196,.F.);
#1002=ORIENTED_EDGE('',*,*,#1106,.F.);
#1003=ORIENTED_EDGE('',*,*,#1206,.F.);
#1004=ORIENTED_EDGE('',*,*,#1308,.F.);
#1005=ORIENTED_EDGE('',*,*,#1204,.F.);
#1006=ORIENTED_EDGE('',*,*,#1219,.F.);
#1007=ORIENTED_EDGE('',*,*,#1210,.F.);
#1008=ORIENTED_EDGE('',*,*,#1102,.F.);
#1009=ORIENTED_EDGE('',*,*,#1198,.F.);
#1010=ORIENTED_EDGE('',*,*,#1060,.F.);
#1011=ORIENTED_EDGE('',*,*,#1212,.F.);
#1012=EDGE_CURVE('',#1313,#1313,#1526,.T.);
#1013=EDGE_CURVE('',#1314,#1314,#1527,.F.);
#1014=EDGE_CURVE('',#1315,#1315,#1528,.T.);
#1015=EDGE_CURVE('',#1316,#1316,#1529,.F.);
#1016=EDGE_CURVE('',#1317,#1317,#1530,.T.);
#1017=EDGE_CURVE('',#1318,#1318,#1531,.F.);
#1018=EDGE_CURVE('',#1319,#1319,#1532,.T.);
#1019=EDGE_CURVE('',#1320,#1320,#1533,.T.);
#1020=EDGE_CURVE('',#1321,#1321,#1534,.T.);
#1021=EDGE_CURVE('',#1322,#1322,#1535,.T.);
#1022=EDGE_CURVE('',#1323,#1323,#1536,.T.);
#1023=EDGE_CURVE('',#1324,#1324,#1537,.T.);
#1024=EDGE_CURVE('',#1325,#1325,#1538,.T.);
#1025=EDGE_CURVE('',#1326,#1327,#21,.T.);
#1026=EDGE_CURVE('',#1326,#1328,#1539,.T.);
#1027=EDGE_CURVE('',#1328,#1329,#22,.T.);
#1028=EDGE_CURVE('',#1329,#1330,#1540,.F.);
#1029=EDGE_CURVE('',#1331,#1330,#23,.T.);
#1030=EDGE_CURVE('',#1332,#1331,#1541,.T.);
#1031=EDGE_CURVE('',#1333,#1332,#24,.T.);
#1032=EDGE_CURVE('',#1333,#1327,#1542,.F.);
#1033=EDGE_CURVE('',#1334,#1335,#25,.T.);
#1034=EDGE_CURVE('',#1334,#1336,#1543,.T.);
#1035=EDGE_CURVE('',#1336,#1337,#26,.T.);
#1036=EDGE_CURVE('',#1337,#1338,#1544,.F.);
#1037=EDGE_CURVE('',#1339,#1338,#27,.T.);
#1038=EDGE_CURVE('',#1340,#1339,#1545,.T.);
#1039=EDGE_CURVE('',#1341,#1340,#28,.T.);
#1040=EDGE_CURVE('',#1341,#1335,#1546,.F.);
#1041=EDGE_CURVE('',#1342,#1343,#29,.T.);
#1042=EDGE_CURVE('',#1342,#1344,#30,.T.);
#1043=EDGE_CURVE('',#1344,#1345,#31,.T.);
#1044=EDGE_CURVE('',#1345,#1346,#1547,.F.);
#1045=EDGE_CURVE('',#1346,#1347,#32,.T.);
#1046=EDGE_CURVE('',#1347,#1348,#1548,.T.);
#1047=EDGE_CURVE('',#1348,#1349,#33,.T.);
#1048=EDGE_CURVE('',#1349,#1350,#1549,.F.);
#1049=EDGE_CURVE('',#1351,#1350,#34,.T.);
#1050=EDGE_CURVE('',#1351,#1352,#35,.T.);
#1051=EDGE_CURVE('',#1352,#1353,#36,.T.);
#1052=EDGE_CURVE('',#1353,#1354,#1550,.F.);
#1053=EDGE_CURVE('',#1354,#1355,#37,.T.);
#1054=EDGE_CURVE('',#1355,#1356,#1551,.T.);
#1055=EDGE_CURVE('',#1356,#1357,#38,.T.);
#1056=EDGE_CURVE('',#1357,#1358,#1552,.F.);
#1057=EDGE_CURVE('',#1359,#1358,#39,.T.);
#1058=EDGE_CURVE('',#1359,#1360,#40,.T.);
#1059=EDGE_CURVE('',#1360,#1361,#41,.T.);
#1060=EDGE_CURVE('',#1361,#1362,#1553,.F.);
#1061=EDGE_CURVE('',#1362,#1363,#42,.T.);
#1062=EDGE_CURVE('',#1363,#1364,#1554,.T.);
#1063=EDGE_CURVE('',#1364,#1365,#43,.T.);
#1064=EDGE_CURVE('',#1365,#1343,#1555,.F.);
#1065=EDGE_CURVE('',#1366,#1367,#44,.T.);
#1066=EDGE_CURVE('',#1367,#1368,#1556,.T.);
#1067=EDGE_CURVE('',#1368,#1369,#45,.T.);
#1068=EDGE_CURVE('',#1369,#1370,#1557,.F.);
#1069=EDGE_CURVE('',#1371,#1370,#46,.T.);
#1070=EDGE_CURVE('',#1372,#1371,#1558,.T.);
#1071=EDGE_CURVE('',#1373,#1372,#47,.T.);
#1072=EDGE_CURVE('',#1373,#1366,#1559,.F.);
#1073=EDGE_CURVE('',#1374,#1375,#1560,.F.);
#1074=EDGE_CURVE('',#1375,#1376,#48,.T.);
#1075=EDGE_CURVE('',#1377,#1376,#1561,.T.);
#1076=EDGE_CURVE('',#1378,#1377,#49,.T.);
#1077=EDGE_CURVE('',#1379,#1378,#1562,.T.);
#1078=EDGE_CURVE('',#1379,#1380,#50,.T.);
#1079=EDGE_CURVE('',#1380,#1381,#1563,.F.);
#1080=EDGE_CURVE('',#1381,#1374,#51,.T.);
#1081=EDGE_CURVE('',#1382,#1383,#52,.T.);
#1082=EDGE_CURVE('',#1382,#1384,#53,.T.);
#1083=EDGE_CURVE('',#1384,#1385,#54,.T.);
#1084=EDGE_CURVE('',#1383,#1385,#55,.T.);
#1085=EDGE_CURVE('',#1386,#1387,#1564,.T.);
#1086=EDGE_CURVE('',#1377,#1387,#56,.T.);
#1087=EDGE_CURVE('',#1388,#1376,#57,.T.);
#1088=EDGE_CURVE('',#1382,#1388,#1565,.F.);
#1089=EDGE_CURVE('',#1383,#1389,#1566,.T.);
#1090=EDGE_CURVE('',#1389,#1386,#58,.T.);
#1091=EDGE_CURVE('',#1390,#1391,#59,.T.);
#1092=EDGE_CURVE('',#1390,#1392,#60,.T.);
#1093=EDGE_CURVE('',#1392,#1393,#61,.T.);
#1094=EDGE_CURVE('',#1391,#1393,#62,.T.);
#1095=EDGE_CURVE('',#1394,#1395,#63,.T.);
#1096=EDGE_CURVE('',#1394,#1396,#64,.F.);
#1097=EDGE_CURVE('',#1396,#1397,#65,.T.);
#1098=EDGE_CURVE('',#1397,#1398,#1567,.T.);
#1099=EDGE_CURVE('',#1399,#1398,#66,.T.);
#1100=EDGE_CURVE('',#1399,#1400,#1568,.F.);
#1101=EDGE_CURVE('',#1401,#1400,#67,.T.);
#1102=EDGE_CURVE('',#1401,#1402,#1569,.T.);
#1103=EDGE_CURVE('',#1403,#1402,#68,.T.);
#1104=EDGE_CURVE('',#1403,#1404,#69,.F.);
#1105=EDGE_CURVE('',#1404,#1405,#70,.T.);
#1106=EDGE_CURVE('',#1405,#1406,#1570,.T.);
#1107=EDGE_CURVE('',#1407,#1406,#71,.T.);
#1108=EDGE_CURVE('',#1407,#1408,#1571,.F.);
#1109=EDGE_CURVE('',#1409,#1408,#72,.T.);
#1110=EDGE_CURVE('',#1409,#1410,#1572,.T.);
#1111=EDGE_CURVE('',#1411,#1410,#73,.T.);
#1112=EDGE_CURVE('',#1411,#1412,#74,.F.);
#1113=EDGE_CURVE('',#1412,#1413,#75,.T.);
#1114=EDGE_CURVE('',#1413,#1414,#1573,.T.);
#1115=EDGE_CURVE('',#1415,#1414,#76,.T.);
#1116=EDGE_CURVE('',#1415,#1416,#1574,.F.);
#1117=EDGE_CURVE('',#1417,#1416,#77,.T.);
#1118=EDGE_CURVE('',#1417,#1395,#1575,.T.);
#1119=EDGE_CURVE('',#1418,#1419,#78,.T.);
#1120=EDGE_CURVE('',#1418,#1420,#1576,.F.);
#1121=EDGE_CURVE('',#1420,#1421,#79,.T.);
#1122=EDGE_CURVE('',#1421,#1422,#1577,.T.);
#1123=EDGE_CURVE('',#1422,#1423,#80,.T.);
#1124=EDGE_CURVE('',#1423,#1424,#1578,.T.);
#1125=EDGE_CURVE('',#1424,#1425,#81,.T.);
#1126=EDGE_CURVE('',#1425,#1419,#1579,.T.);
#1127=EDGE_CURVE('',#1426,#1427,#82,.T.);
#1128=EDGE_CURVE('',#1426,#1428,#1580,.F.);
#1129=EDGE_CURVE('',#1428,#1429,#83,.T.);
#1130=EDGE_CURVE('',#1429,#1430,#1581,.T.);
#1131=EDGE_CURVE('',#1430,#1431,#84,.T.);
#1132=EDGE_CURVE('',#1431,#1432,#1582,.T.);
#1133=EDGE_CURVE('',#1432,#1433,#85,.T.);
#1134=EDGE_CURVE('',#1433,#1427,#1583,.T.);
#1135=EDGE_CURVE('',#1434,#1435,#86,.T.);
#1136=EDGE_CURVE('',#1434,#1436,#1584,.F.);
#1137=EDGE_CURVE('',#1437,#1436,#87,.T.);
#1138=EDGE_CURVE('',#1437,#1438,#1585,.T.);
#1139=EDGE_CURVE('',#1438,#1439,#88,.T.);
#1140=EDGE_CURVE('',#1439,#1440,#1586,.T.);
#1141=EDGE_CURVE('',#1440,#1441,#89,.T.);
#1142=EDGE_CURVE('',#1441,#1435,#1587,.T.);
#1143=EDGE_CURVE('',#1442,#1442,#1588,.F.);
#1144=EDGE_CURVE('',#1443,#1443,#1589,.F.);
#1145=EDGE_CURVE('',#1444,#1444,#1590,.F.);
#1146=EDGE_CURVE('',#1445,#1446,#1591,.T.);
#1147=EDGE_CURVE('',#1446,#1447,#1592,.F.);
#1148=EDGE_CURVE('',#1448,#1447,#90,.T.);
#1149=EDGE_CURVE('',#1448,#1449,#1593,.T.);
#1150=EDGE_CURVE('',#1450,#1449,#91,.T.);
#1151=EDGE_CURVE('',#1450,#1451,#1594,.T.);
#1152=EDGE_CURVE('',#1451,#1452,#92,.T.);
#1153=EDGE_CURVE('',#1452,#1453,#1595,.F.);
#1154=EDGE_CURVE('',#1454,#1453,#1596,.T.);
#1155=EDGE_CURVE('',#1387,#1454,#93,.T.);
#1156=EDGE_CURVE('',#1386,#1455,#1597,.F.);
#1157=EDGE_CURVE('',#1455,#1456,#94,.T.);
#1158=EDGE_CURVE('',#1456,#1457,#1598,.T.);
#1159=EDGE_CURVE('',#1457,#1458,#95,.T.);
#1160=EDGE_CURVE('',#1458,#1459,#1599,.T.);
#1161=EDGE_CURVE('',#1460,#1459,#96,.T.);
#1162=EDGE_CURVE('',#1460,#1461,#1600,.F.);
#1163=EDGE_CURVE('',#1461,#1462,#1601,.T.);
#1164=EDGE_CURVE('',#1462,#1445,#97,.T.);
#1165=EDGE_CURVE('',#1455,#1463,#98,.T.);
#1166=EDGE_CURVE('',#1463,#1464,#99,.T.);
#1167=EDGE_CURVE('',#1464,#1456,#100,.T.);
#1168=EDGE_CURVE('',#1465,#1466,#101,.T.);
#1169=EDGE_CURVE('',#1465,#1460,#102,.F.);
#1170=EDGE_CURVE('',#1459,#1466,#103,.F.);
#1171=EDGE_CURVE('',#1447,#1467,#104,.T.);
#1172=EDGE_CURVE('',#1468,#1467,#105,.T.);
#1173=EDGE_CURVE('',#1468,#1448,#106,.T.);
#1174=EDGE_CURVE('',#1469,#1469,#1602,.T.);
#1175=EDGE_CURVE('',#1470,#1470,#1603,.T.);
#1176=EDGE_CURVE('',#1471,#1471,#1604,.T.);
#1177=EDGE_CURVE('',#1472,#1472,#1605,.T.);
#1178=EDGE_CURVE('',#1473,#1474,#107,.T.);
#1179=EDGE_CURVE('',#1473,#1464,#1606,.T.);
#1180=EDGE_CURVE('',#1463,#1389,#1607,.F.);
#1181=EDGE_CURVE('',#1475,#1385,#1608,.T.);
#1182=EDGE_CURVE('',#1475,#1476,#1609,.F.);
#1183=EDGE_CURVE('',#1477,#1476,#108,.T.);
#1184=EDGE_CURVE('',#1477,#1478,#1610,.T.);
#1185=EDGE_CURVE('',#1478,#1479,#109,.T.);
#1186=EDGE_CURVE('',#1479,#1468,#1611,.T.);
#1187=EDGE_CURVE('',#1467,#1480,#1612,.F.);
#1188=EDGE_CURVE('',#1480,#1393,#1613,.F.);
#1189=EDGE_CURVE('',#1392,#1481,#1614,.F.);
#1190=EDGE_CURVE('',#1481,#1465,#1615,.F.);
#1191=EDGE_CURVE('',#1466,#1474,#1616,.T.);
#1192=EDGE_CURVE('',#1414,#1349,#110,.F.);
#1193=EDGE_CURVE('',#1348,#1415,#111,.T.);
#1194=EDGE_CURVE('',#1398,#1365,#112,.F.);
#1195=EDGE_CURVE('',#1364,#1399,#113,.T.);
#1196=EDGE_CURVE('',#1406,#1357,#114,.F.);
#1197=EDGE_CURVE('',#1356,#1407,#115,.T.);
#1198=EDGE_CURVE('',#1362,#1401,#116,.T.);
#1199=EDGE_CURVE('',#1400,#1363,#117,.F.);
#1200=EDGE_CURVE('',#1346,#1417,#118,.T.);
#1201=EDGE_CURVE('',#1416,#1347,#119,.F.);
#1202=EDGE_CURVE('',#1354,#1409,#120,.T.);
#1203=EDGE_CURVE('',#1408,#1355,#121,.F.);
#1204=EDGE_CURVE('',#1358,#1482,#122,.T.);
#1205=EDGE_CURVE('',#1483,#1482,#1617,.T.);
#1206=EDGE_CURVE('',#1483,#1405,#123,.T.);
#1207=EDGE_CURVE('',#1404,#1484,#1618,.F.);
#1208=EDGE_CURVE('',#1485,#1484,#124,.T.);
#1209=EDGE_CURVE('',#1485,#1359,#1619,.F.);
#1210=EDGE_CURVE('',#1402,#1486,#125,.F.);
#1211=EDGE_CURVE('',#1487,#1486,#1620,.T.);
#1212=EDGE_CURVE('',#1487,#1361,#126,.F.);
#1213=EDGE_CURVE('',#1360,#1488,#1621,.T.);
#1214=EDGE_CURVE('',#1488,#1489,#127,.T.);
#1215=EDGE_CURVE('',#1489,#1403,#1622,.T.);
#1216=EDGE_CURVE('',#1484,#1489,#128,.T.);
#1217=EDGE_CURVE('',#1488,#1485,#129,.F.);
#1218=EDGE_CURVE('',#1490,#1490,#1623,.T.);
#1219=EDGE_CURVE('',#1486,#1487,#15,.T.);
#1220=EDGE_CURVE('',#1343,#1491,#130,.T.);
#1221=EDGE_CURVE('',#1492,#1491,#1624,.T.);
#1222=EDGE_CURVE('',#1492,#1397,#131,.T.);
#1223=EDGE_CURVE('',#1396,#1493,#1625,.F.);
#1224=EDGE_CURVE('',#1494,#1493,#132,.T.);
#1225=EDGE_CURVE('',#1494,#1342,#1626,.F.);
#1226=EDGE_CURVE('',#1395,#1495,#133,.F.);
#1227=EDGE_CURVE('',#1496,#1495,#1627,.T.);
#1228=EDGE_CURVE('',#1496,#1345,#134,.F.);
#1229=EDGE_CURVE('',#1344,#1497,#1628,.T.);
#1230=EDGE_CURVE('',#1497,#1498,#135,.T.);
#1231=EDGE_CURVE('',#1498,#1394,#1629,.T.);
#1232=EDGE_CURVE('',#1493,#1498,#136,.T.);
#1233=EDGE_CURVE('',#1497,#1494,#137,.F.);
#1234=EDGE_CURVE('',#1499,#1499,#1630,.T.);
#1235=EDGE_CURVE('',#1495,#1496,#16,.T.);
#1236=EDGE_CURVE('',#1350,#1500,#138,.T.);
#1237=EDGE_CURVE('',#1501,#1500,#1631,.T.);
#1238=EDGE_CURVE('',#1501,#1413,#139,.T.);
#1239=EDGE_CURVE('',#1412,#1502,#1632,.F.);
#1240=EDGE_CURVE('',#1503,#1502,#140,.T.);
#1241=EDGE_CURVE('',#1503,#1351,#1633,.F.);
#1242=EDGE_CURVE('',#1410,#1504,#141,.F.);
#1243=EDGE_CURVE('',#1505,#1504,#1634,.T.);
#1244=EDGE_CURVE('',#1505,#1353,#142,.F.);
#1245=EDGE_CURVE('',#1352,#1506,#1635,.T.);
#1246=EDGE_CURVE('',#1506,#1507,#143,.T.);
#1247=EDGE_CURVE('',#1507,#1411,#1636,.T.);
#1248=EDGE_CURVE('',#1502,#1507,#144,.T.);
#1249=EDGE_CURVE('',#1506,#1503,#145,.F.);
#1250=EDGE_CURVE('',#1508,#1508,#1637,.T.);
#1251=EDGE_CURVE('',#1504,#1505,#17,.T.);
#1252=EDGE_CURVE('',#1422,#1341,#146,.T.);
#1253=EDGE_CURVE('',#1423,#1340,#147,.T.);
#1254=EDGE_CURVE('',#1424,#1339,#148,.T.);
#1255=EDGE_CURVE('',#1338,#1425,#149,.F.);
#1256=EDGE_CURVE('',#1336,#1418,#150,.F.);
#1257=EDGE_CURVE('',#1419,#1337,#151,.T.);
#1258=EDGE_CURVE('',#1420,#1334,#152,.T.);
#1259=EDGE_CURVE('',#1335,#1421,#153,.F.);
#1260=EDGE_CURVE('',#1428,#1326,#154,.T.);
#1261=EDGE_CURVE('',#1327,#1429,#155,.F.);
#1262=EDGE_CURVE('',#1430,#1333,#156,.T.);
#1263=EDGE_CURVE('',#1431,#1332,#157,.T.);
#1264=EDGE_CURVE('',#1432,#1331,#158,.T.);
#1265=EDGE_CURVE('',#1330,#1433,#159,.F.);
#1266=EDGE_CURVE('',#1328,#1426,#160,.F.);
#1267=EDGE_CURVE('',#1427,#1329,#161,.T.);
#1268=EDGE_CURVE('',#1436,#1367,#162,.T.);
#1269=EDGE_CURVE('',#1366,#1437,#163,.F.);
#1270=EDGE_CURVE('',#1438,#1373,#164,.T.);
#1271=EDGE_CURVE('',#1439,#1372,#165,.T.);
#1272=EDGE_CURVE('',#1440,#1371,#166,.T.);
#1273=EDGE_CURVE('',#1370,#1441,#167,.F.);
#1274=EDGE_CURVE('',#1368,#1434,#168,.F.);
#1275=EDGE_CURVE('',#1435,#1369,#169,.T.);
#1276=EDGE_CURVE('',#1476,#1452,#170,.F.);
#1277=EDGE_CURVE('',#1451,#1477,#171,.F.);
#1278=EDGE_CURVE('',#1449,#1479,#172,.F.);
#1279=EDGE_CURVE('',#1478,#1450,#173,.T.);
#1280=EDGE_CURVE('',#1457,#1473,#174,.F.);
#1281=EDGE_CURVE('',#1474,#1458,#175,.T.);
#1282=EDGE_CURVE('',#1509,#1509,#1638,.T.);
#1283=EDGE_CURVE('',#1510,#1510,#1639,.T.);
#1284=EDGE_CURVE('',#1511,#1511,#1640,.T.);
#1285=EDGE_CURVE('',#1512,#1512,#1641,.T.);
#1286=EDGE_CURVE('',#1513,#1513,#1642,.T.);
#1287=EDGE_CURVE('',#1514,#1514,#1643,.T.);
#1288=EDGE_CURVE('',#1515,#1515,#1644,.T.);
#1289=EDGE_CURVE('',#1516,#1516,#1645,.T.);
#1290=EDGE_CURVE('',#1517,#1517,#1646,.T.);
#1291=EDGE_CURVE('',#1518,#1518,#1647,.T.);
#1292=EDGE_CURVE('',#1519,#1519,#1648,.T.);
#1293=EDGE_CURVE('',#1378,#1454,#176,.T.);
#1294=EDGE_CURVE('',#1520,#1384,#1649,.F.);
#1295=EDGE_CURVE('',#1520,#1379,#177,.T.);
#1296=EDGE_CURVE('',#1453,#1475,#178,.F.);
#1297=EDGE_CURVE('',#1390,#1521,#1650,.T.);
#1298=EDGE_CURVE('',#1521,#1375,#179,.T.);
#1299=EDGE_CURVE('',#1374,#1462,#180,.T.);
#1300=EDGE_CURVE('',#1461,#1481,#181,.F.);
#1301=EDGE_CURVE('',#1381,#1445,#182,.T.);
#1302=EDGE_CURVE('',#1522,#1380,#183,.T.);
#1303=EDGE_CURVE('',#1522,#1391,#1651,.T.);
#1304=EDGE_CURVE('',#1480,#1446,#184,.T.);
#1305=EDGE_CURVE('',#1521,#1388,#185,.T.);
#1306=EDGE_CURVE('',#1520,#1522,#186,.T.);
#1307=EDGE_CURVE('',#1523,#1523,#1652,.T.);
#1308=EDGE_CURVE('',#1482,#1483,#18,.T.);
#1309=EDGE_CURVE('',#1524,#1524,#1653,.T.);
#1310=EDGE_CURVE('',#1491,#1492,#19,.T.);
#1311=EDGE_CURVE('',#1525,#1525,#1654,.T.);
#1312=EDGE_CURVE('',#1500,#1501,#20,.T.);
#1313=VERTEX_POINT('',#3101);
#1314=VERTEX_POINT('',#3103);
#1315=VERTEX_POINT('',#3106);
#1316=VERTEX_POINT('',#3108);
#1317=VERTEX_POINT('',#3111);
#1318=VERTEX_POINT('',#3113);
#1319=VERTEX_POINT('',#3116);
#1320=VERTEX_POINT('',#3118);
#1321=VERTEX_POINT('',#3120);
#1322=VERTEX_POINT('',#3122);
#1323=VERTEX_POINT('',#3124);
#1324=VERTEX_POINT('',#3126);
#1325=VERTEX_POINT('',#3128);
#1326=VERTEX_POINT('',#3130);
#1327=VERTEX_POINT('',#3131);
#1328=VERTEX_POINT('',#3133);
#1329=VERTEX_POINT('',#3135);
#1330=VERTEX_POINT('',#3137);
#1331=VERTEX_POINT('',#3139);
#1332=VERTEX_POINT('',#3141);
#1333=VERTEX_POINT('',#3143);
#1334=VERTEX_POINT('',#3146);
#1335=VERTEX_POINT('',#3147);
#1336=VERTEX_POINT('',#3149);
#1337=VERTEX_POINT('',#3151);
#1338=VERTEX_POINT('',#3153);
#1339=VERTEX_POINT('',#3155);
#1340=VERTEX_POINT('',#3157);
#1341=VERTEX_POINT('',#3159);
#1342=VERTEX_POINT('',#3162);
#1343=VERTEX_POINT('',#3163);
#1344=VERTEX_POINT('',#3165);
#1345=VERTEX_POINT('',#3167);
#1346=VERTEX_POINT('',#3169);
#1347=VERTEX_POINT('',#3171);
#1348=VERTEX_POINT('',#3173);
#1349=VERTEX_POINT('',#3175);
#1350=VERTEX_POINT('',#3177);
#1351=VERTEX_POINT('',#3179);
#1352=VERTEX_POINT('',#3181);
#1353=VERTEX_POINT('',#3183);
#1354=VERTEX_POINT('',#3185);
#1355=VERTEX_POINT('',#3187);
#1356=VERTEX_POINT('',#3189);
#1357=VERTEX_POINT('',#3191);
#1358=VERTEX_POINT('',#3193);
#1359=VERTEX_POINT('',#3195);
#1360=VERTEX_POINT('',#3197);
#1361=VERTEX_POINT('',#3199);
#1362=VERTEX_POINT('',#3201);
#1363=VERTEX_POINT('',#3203);
#1364=VERTEX_POINT('',#3205);
#1365=VERTEX_POINT('',#3207);
#1366=VERTEX_POINT('',#3210);
#1367=VERTEX_POINT('',#3211);
#1368=VERTEX_POINT('',#3213);
#1369=VERTEX_POINT('',#3215);
#1370=VERTEX_POINT('',#3217);
#1371=VERTEX_POINT('',#3219);
#1372=VERTEX_POINT('',#3221);
#1373=VERTEX_POINT('',#3223);
#1374=VERTEX_POINT('',#3226);
#1375=VERTEX_POINT('',#3227);
#1376=VERTEX_POINT('',#3229);
#1377=VERTEX_POINT('',#3231);
#1378=VERTEX_POINT('',#3233);
#1379=VERTEX_POINT('',#3235);
#1380=VERTEX_POINT('',#3237);
#1381=VERTEX_POINT('',#3239);
#1382=VERTEX_POINT('',#3243);
#1383=VERTEX_POINT('',#3244);
#1384=VERTEX_POINT('',#3246);
#1385=VERTEX_POINT('',#3248);
#1386=VERTEX_POINT('',#3252);
#1387=VERTEX_POINT('',#3253);
#1388=VERTEX_POINT('',#3256);
#1389=VERTEX_POINT('',#3259);
#1390=VERTEX_POINT('',#3263);
#1391=VERTEX_POINT('',#3264);
#1392=VERTEX_POINT('',#3266);
#1393=VERTEX_POINT('',#3268);
#1394=VERTEX_POINT('',#3272);
#1395=VERTEX_POINT('',#3273);
#1396=VERTEX_POINT('',#3275);
#1397=VERTEX_POINT('',#3277);
#1398=VERTEX_POINT('',#3279);
#1399=VERTEX_POINT('',#3281);
#1400=VERTEX_POINT('',#3283);
#1401=VERTEX_POINT('',#3285);
#1402=VERTEX_POINT('',#3287);
#1403=VERTEX_POINT('',#3289);
#1404=VERTEX_POINT('',#3291);
#1405=VERTEX_POINT('',#3293);
#1406=VERTEX_POINT('',#3295);
#1407=VERTEX_POINT('',#3297);
#1408=VERTEX_POINT('',#3299);
#1409=VERTEX_POINT('',#3301);
#1410=VERTEX_POINT('',#3303);
#1411=VERTEX_POINT('',#3305);
#1412=VERTEX_POINT('',#3307);
#1413=VERTEX_POINT('',#3309);
#1414=VERTEX_POINT('',#3311);
#1415=VERTEX_POINT('',#3313);
#1416=VERTEX_POINT('',#3315);
#1417=VERTEX_POINT('',#3317);
#1418=VERTEX_POINT('',#3320);
#1419=VERTEX_POINT('',#3321);
#1420=VERTEX_POINT('',#3323);
#1421=VERTEX_POINT('',#3325);
#1422=VERTEX_POINT('',#3327);
#1423=VERTEX_POINT('',#3329);
#1424=VERTEX_POINT('',#3331);
#1425=VERTEX_POINT('',#3333);
#1426=VERTEX_POINT('',#3336);
#1427=VERTEX_POINT('',#3337);
#1428=VERTEX_POINT('',#3339);
#1429=VERTEX_POINT('',#3341);
#1430=VERTEX_POINT('',#3343);
#1431=VERTEX_POINT('',#3345);
#1432=VERTEX_POINT('',#3347);
#1433=VERTEX_POINT('',#3349);
#1434=VERTEX_POINT('',#3352);
#1435=VERTEX_POINT('',#3353);
#1436=VERTEX_POINT('',#3355);
#1437=VERTEX_POINT('',#3357);
#1438=VERTEX_POINT('',#3359);
#1439=VERTEX_POINT('',#3361);
#1440=VERTEX_POINT('',#3363);
#1441=VERTEX_POINT('',#3365);
#1442=VERTEX_POINT('',#3368);
#1443=VERTEX_POINT('',#3370);
#1444=VERTEX_POINT('',#3372);
#1445=VERTEX_POINT('',#3374);
#1446=VERTEX_POINT('',#3375);
#1447=VERTEX_POINT('',#3377);
#1448=VERTEX_POINT('',#3379);
#1449=VERTEX_POINT('',#3381);
#1450=VERTEX_POINT('',#3383);
#1451=VERTEX_POINT('',#3385);
#1452=VERTEX_POINT('',#3387);
#1453=VERTEX_POINT('',#3389);
#1454=VERTEX_POINT('',#3391);
#1455=VERTEX_POINT('',#3394);
#1456=VERTEX_POINT('',#3396);
#1457=VERTEX_POINT('',#3398);
#1458=VERTEX_POINT('',#3400);
#1459=VERTEX_POINT('',#3402);
#1460=VERTEX_POINT('',#3404);
#1461=VERTEX_POINT('',#3406);
#1462=VERTEX_POINT('',#3408);
#1463=VERTEX_POINT('',#3412);
#1464=VERTEX_POINT('',#3414);
#1465=VERTEX_POINT('',#3418);
#1466=VERTEX_POINT('',#3419);
#1467=VERTEX_POINT('',#3424);
#1468=VERTEX_POINT('',#3426);
#1469=VERTEX_POINT('',#3430);
#1470=VERTEX_POINT('',#3432);
#1471=VERTEX_POINT('',#3434);
#1472=VERTEX_POINT('',#3436);
#1473=VERTEX_POINT('',#3438);
#1474=VERTEX_POINT('',#3439);
#1475=VERTEX_POINT('',#3443);
#1476=VERTEX_POINT('',#3445);
#1477=VERTEX_POINT('',#3447);
#1478=VERTEX_POINT('',#3449);
#1479=VERTEX_POINT('',#3451);
#1480=VERTEX_POINT('',#3454);
#1481=VERTEX_POINT('',#3457);
#1482=VERTEX_POINT('',#3480);
#1483=VERTEX_POINT('',#3482);
#1484=VERTEX_POINT('',#3485);
#1485=VERTEX_POINT('',#3487);
#1486=VERTEX_POINT('',#3491);
#1487=VERTEX_POINT('',#3493);
#1488=VERTEX_POINT('',#3496);
#1489=VERTEX_POINT('',#3498);
#1490=VERTEX_POINT('',#3505);
#1491=VERTEX_POINT('',#3514);
#1492=VERTEX_POINT('',#3516);
#1493=VERTEX_POINT('',#3519);
#1494=VERTEX_POINT('',#3521);
#1495=VERTEX_POINT('',#3525);
#1496=VERTEX_POINT('',#3527);
#1497=VERTEX_POINT('',#3530);
#1498=VERTEX_POINT('',#3532);
#1499=VERTEX_POINT('',#3539);
#1500=VERTEX_POINT('',#3548);
#1501=VERTEX_POINT('',#3550);
#1502=VERTEX_POINT('',#3553);
#1503=VERTEX_POINT('',#3555);
#1504=VERTEX_POINT('',#3559);
#1505=VERTEX_POINT('',#3561);
#1506=VERTEX_POINT('',#3564);
#1507=VERTEX_POINT('',#3566);
#1508=VERTEX_POINT('',#3573);
#1509=VERTEX_POINT('',#3648);
#1510=VERTEX_POINT('',#3652);
#1511=VERTEX_POINT('',#3656);
#1512=VERTEX_POINT('',#3660);
#1513=VERTEX_POINT('',#3664);
#1514=VERTEX_POINT('',#3668);
#1515=VERTEX_POINT('',#3672);
#1516=VERTEX_POINT('',#3676);
#1517=VERTEX_POINT('',#3680);
#1518=VERTEX_POINT('',#3684);
#1519=VERTEX_POINT('',#3688);
#1520=VERTEX_POINT('',#3694);
#1521=VERTEX_POINT('',#3699);
#1522=VERTEX_POINT('',#3706);
#1523=VERTEX_POINT('',#3725);
#1524=VERTEX_POINT('',#3734);
#1525=VERTEX_POINT('',#3743);
#1526=CIRCLE('',#2187,0.00655);
#1527=CIRCLE('',#2188,0.00655);
#1528=CIRCLE('',#2190,0.00655);
#1529=CIRCLE('',#2191,0.00655);
#1530=CIRCLE('',#2193,0.00655);
#1531=CIRCLE('',#2194,0.00655);
#1532=CIRCLE('',#2196,0.00448);
#1533=CIRCLE('',#2197,0.00448);
#1534=CIRCLE('',#2198,0.00448);
#1535=CIRCLE('',#2199,0.00225);
#1536=CIRCLE('',#2200,0.00225);
#1537=CIRCLE('',#2201,0.00225);
#1538=CIRCLE('',#2202,0.00225);
#1539=CIRCLE('',#2203,0.004);
#1540=CIRCLE('',#2204,0.004);
#1541=CIRCLE('',#2205,0.004);
#1542=CIRCLE('',#2206,0.004);
#1543=CIRCLE('',#2207,0.004);
#1544=CIRCLE('',#2208,0.004);
#1545=CIRCLE('',#2209,0.004);
#1546=CIRCLE('',#2210,0.004);
#1547=CIRCLE('',#2211,0.008);
#1548=CIRCLE('',#2212,0.008);
#1549=CIRCLE('',#2213,0.008);
#1550=CIRCLE('',#2214,0.008);
#1551=CIRCLE('',#2215,0.008);
#1552=CIRCLE('',#2216,0.008);
#1553=CIRCLE('',#2217,0.008);
#1554=CIRCLE('',#2218,0.008);
#1555=CIRCLE('',#2219,0.008);
#1556=CIRCLE('',#2220,0.004);
#1557=CIRCLE('',#2221,0.004);
#1558=CIRCLE('',#2222,0.004);
#1559=CIRCLE('',#2223,0.004);
#1560=CIRCLE('',#2224,0.0015);
#1561=CIRCLE('',#2225,0.0015);
#1562=CIRCLE('',#2226,0.0015);
#1563=CIRCLE('',#2227,0.0015);
#1564=CIRCLE('',#2230,0.0015);
#1565=CIRCLE('',#2231,0.0015);
#1566=CIRCLE('',#2232,0.0015);
#1567=CIRCLE('',#2235,0.008);
#1568=CIRCLE('',#2236,0.008);
#1569=CIRCLE('',#2237,0.008);
#1570=CIRCLE('',#2238,0.008);
#1571=CIRCLE('',#2239,0.008);
#1572=CIRCLE('',#2240,0.008);
#1573=CIRCLE('',#2241,0.008);
#1574=CIRCLE('',#2242,0.008);
#1575=CIRCLE('',#2243,0.008);
#1576=CIRCLE('',#2244,0.004);
#1577=CIRCLE('',#2245,0.004);
#1578=CIRCLE('',#2246,0.004);
#1579=CIRCLE('',#2247,0.004);
#1580=CIRCLE('',#2248,0.004);
#1581=CIRCLE('',#2249,0.004);
#1582=CIRCLE('',#2250,0.004);
#1583=CIRCLE('',#2251,0.004);
#1584=CIRCLE('',#2252,0.004);
#1585=CIRCLE('',#2253,0.004);
#1586=CIRCLE('',#2254,0.004);
#1587=CIRCLE('',#2255,0.004);
#1588=CIRCLE('',#2256,0.00225);
#1589=CIRCLE('',#2257,0.00225);
#1590=CIRCLE('',#2258,0.00225);
#1591=CIRCLE('',#2259,0.0015);
#1592=CIRCLE('',#2260,0.003);
#1593=CIRCLE('',#2261,0.003);
#1594=CIRCLE('',#2262,0.003);
#1595=CIRCLE('',#2263,0.003);
#1596=CIRCLE('',#2264,0.0015);
#1597=CIRCLE('',#2265,0.003);
#1598=CIRCLE('',#2266,0.003);
#1599=CIRCLE('',#2267,0.003);
#1600=CIRCLE('',#2268,0.003);
#1601=CIRCLE('',#2269,0.0015);
#1602=CIRCLE('',#2274,0.00225);
#1603=CIRCLE('',#2275,0.00225);
#1604=CIRCLE('',#2276,0.00225);
#1605=CIRCLE('',#2277,0.00225);
#1606=CIRCLE('',#2278,0.003);
#1607=CIRCLE('',#2279,0.003);
#1608=CIRCLE('',#2280,0.0015);
#1609=CIRCLE('',#2281,0.003);
#1610=CIRCLE('',#2282,0.003);
#1611=CIRCLE('',#2283,0.003);
#1612=CIRCLE('',#2284,0.003);
#1613=CIRCLE('',#2285,0.0015);
#1614=CIRCLE('',#2286,0.0015);
#1615=CIRCLE('',#2287,0.003);
#1616=CIRCLE('',#2288,0.003);
#1617=CIRCLE('',#2296,0.00755);
#1618=CIRCLE('',#2297,0.008);
#1619=CIRCLE('',#2298,0.008);
#1620=CIRCLE('',#2300,0.00755);
#1621=CIRCLE('',#2301,0.008);
#1622=CIRCLE('',#2302,0.008);
#1623=CIRCLE('',#2305,0.00755);
#1624=CIRCLE('',#2308,0.00755);
#1625=CIRCLE('',#2309,0.008);
#1626=CIRCLE('',#2310,0.008);
#1627=CIRCLE('',#2312,0.00755);
#1628=CIRCLE('',#2313,0.008);
#1629=CIRCLE('',#2314,0.008);
#1630=CIRCLE('',#2317,0.00755);
#1631=CIRCLE('',#2320,0.00755);
#1632=CIRCLE('',#2321,0.008);
#1633=CIRCLE('',#2322,0.008);
#1634=CIRCLE('',#2324,0.00755);
#1635=CIRCLE('',#2325,0.008);
#1636=CIRCLE('',#2326,0.008);
#1637=CIRCLE('',#2329,0.00755);
#1638=CIRCLE('',#2368,0.00225);
#1639=CIRCLE('',#2371,0.00225);
#1640=CIRCLE('',#2374,0.00225);
#1641=CIRCLE('',#2377,0.00225);
#1642=CIRCLE('',#2380,0.00225);
#1643=CIRCLE('',#2383,0.00225);
#1644=CIRCLE('',#2386,0.00225);
#1645=CIRCLE('',#2389,0.00225);
#1646=CIRCLE('',#2392,0.00225);
#1647=CIRCLE('',#2395,0.00225);
#1648=CIRCLE('',#2398,0.00225);
#1649=CIRCLE('',#2402,0.0015);
#1650=CIRCLE('',#2404,0.0015);
#1651=CIRCLE('',#2406,0.0015);
#1652=CIRCLE('',#2420,0.00755);
#1653=CIRCLE('',#2423,0.00755);
#1654=CIRCLE('',#2426,0.00755);
#1655=EDGE_LOOP('',(#410));
#1656=EDGE_LOOP('',(#411));
#1657=EDGE_LOOP('',(#412));
#1658=EDGE_LOOP('',(#413));
#1659=EDGE_LOOP('',(#414));
#1660=EDGE_LOOP('',(#415));
#1661=EDGE_LOOP('',(#416));
#1662=EDGE_LOOP('',(#417));
#1663=EDGE_LOOP('',(#418));
#1664=EDGE_LOOP('',(#419));
#1665=EDGE_LOOP('',(#420));
#1666=EDGE_LOOP('',(#421));
#1667=EDGE_LOOP('',(#422));
#1668=EDGE_LOOP('',(#423,#424,#425,#426,#427,#428,#429,#430));
#1669=EDGE_LOOP('',(#431,#432,#433,#434,#435,#436,#437,#438));
#1670=EDGE_LOOP('',(#439,#440,#441,#442,#443,#444,#445,#446,#447,#448,#449,
#450,#451,#452,#453,#454,#455,#456,#457,#458,#459,#460,#461,#462));
#1671=EDGE_LOOP('',(#463,#464,#465,#466,#467,#468,#469,#470));
#1672=EDGE_LOOP('',(#471,#472,#473,#474,#475,#476,#477,#478));
#1673=EDGE_LOOP('',(#479,#480,#481,#482));
#1674=EDGE_LOOP('',(#483,#484,#485,#486,#487,#488,#489,#490));
#1675=EDGE_LOOP('',(#491,#492,#493,#494));
#1676=EDGE_LOOP('',(#495,#496,#497,#498,#499,#500,#501,#502,#503,#504,#505,
#506,#507,#508,#509,#510,#511,#512,#513,#514,#515,#516,#517,#518));
#1677=EDGE_LOOP('',(#519,#520,#521,#522,#523,#524,#525,#526));
#1678=EDGE_LOOP('',(#527,#528,#529,#530,#531,#532,#533,#534));
#1679=EDGE_LOOP('',(#535,#536,#537,#538,#539,#540,#541,#542));
#1680=EDGE_LOOP('',(#543));
#1681=EDGE_LOOP('',(#544));
#1682=EDGE_LOOP('',(#545));
#1683=EDGE_LOOP('',(#546,#547,#548,#549,#550,#551,#552,#553,#554,#555,#556,
#557,#558,#559,#560,#561,#562,#563,#564,#565));
#1684=EDGE_LOOP('',(#566,#567,#568,#569));
#1685=EDGE_LOOP('',(#570,#571,#572,#573));
#1686=EDGE_LOOP('',(#574,#575,#576,#577));
#1687=EDGE_LOOP('',(#578));
#1688=EDGE_LOOP('',(#579));
#1689=EDGE_LOOP('',(#580));
#1690=EDGE_LOOP('',(#581));
#1691=EDGE_LOOP('',(#582,#583,#584,#585,#586,#587,#588,#589,#590,#591,#592,
#593,#594,#595,#596,#597,#598,#599,#600,#601));
#1692=EDGE_LOOP('',(#602,#603,#604,#605));
#1693=EDGE_LOOP('',(#606,#607,#608,#609));
#1694=EDGE_LOOP('',(#610,#611,#612,#613));
#1695=EDGE_LOOP('',(#614,#615,#616,#617));
#1696=EDGE_LOOP('',(#618,#619,#620,#621));
#1697=EDGE_LOOP('',(#622,#623,#624,#625));
#1698=EDGE_LOOP('',(#626,#627,#628,#629,#630,#631,#632,#633));
#1699=EDGE_LOOP('',(#634,#635,#636,#637,#638,#639,#640,#641));
#1700=EDGE_LOOP('',(#642,#643,#644,#645));
#1701=EDGE_LOOP('',(#646));
#1702=EDGE_LOOP('',(#647,#648));
#1703=EDGE_LOOP('',(#649));
#1704=EDGE_LOOP('',(#650));
#1705=EDGE_LOOP('',(#651,#652,#653,#654,#655,#656,#657,#658));
#1706=EDGE_LOOP('',(#659,#660,#661,#662,#663,#664,#665,#666));
#1707=EDGE_LOOP('',(#667,#668,#669,#670));
#1708=EDGE_LOOP('',(#671));
#1709=EDGE_LOOP('',(#672,#673));
#1710=EDGE_LOOP('',(#674));
#1711=EDGE_LOOP('',(#675));
#1712=EDGE_LOOP('',(#676,#677,#678,#679,#680,#681,#682,#683));
#1713=EDGE_LOOP('',(#684,#685,#686,#687,#688,#689,#690,#691));
#1714=EDGE_LOOP('',(#692,#693,#694,#695));
#1715=EDGE_LOOP('',(#696));
#1716=EDGE_LOOP('',(#697,#698));
#1717=EDGE_LOOP('',(#699));
#1718=EDGE_LOOP('',(#700));
#1719=EDGE_LOOP('',(#701,#702,#703,#704));
#1720=EDGE_LOOP('',(#705,#706,#707,#708));
#1721=EDGE_LOOP('',(#709,#710,#711,#712));
#1722=EDGE_LOOP('',(#713,#714,#715,#716));
#1723=EDGE_LOOP('',(#717,#718,#719,#720));
#1724=EDGE_LOOP('',(#721,#722,#723,#724));
#1725=EDGE_LOOP('',(#725,#726,#727,#728));
#1726=EDGE_LOOP('',(#729,#730,#731,#732));
#1727=EDGE_LOOP('',(#733,#734,#735,#736));
#1728=EDGE_LOOP('',(#737,#738,#739,#740));
#1729=EDGE_LOOP('',(#741,#742,#743,#744));
#1730=EDGE_LOOP('',(#745,#746,#747,#748));
#1731=EDGE_LOOP('',(#749,#750,#751,#752));
#1732=EDGE_LOOP('',(#753,#754,#755,#756));
#1733=EDGE_LOOP('',(#757,#758,#759,#760));
#1734=EDGE_LOOP('',(#761,#762,#763,#764));
#1735=EDGE_LOOP('',(#765,#766,#767,#768));
#1736=EDGE_LOOP('',(#769,#770,#771,#772));
#1737=EDGE_LOOP('',(#773,#774,#775,#776));
#1738=EDGE_LOOP('',(#777,#778,#779,#780));
#1739=EDGE_LOOP('',(#781,#782,#783,#784));
#1740=EDGE_LOOP('',(#785,#786,#787,#788));
#1741=EDGE_LOOP('',(#789,#790,#791,#792));
#1742=EDGE_LOOP('',(#793,#794,#795,#796));
#1743=EDGE_LOOP('',(#797,#798,#799,#800));
#1744=EDGE_LOOP('',(#801,#802,#803,#804));
#1745=EDGE_LOOP('',(#805,#806,#807,#808));
#1746=EDGE_LOOP('',(#809,#810,#811,#812));
#1747=EDGE_LOOP('',(#813,#814,#815,#816));
#1748=EDGE_LOOP('',(#817,#818,#819,#820));
#1749=EDGE_LOOP('',(#821,#822,#823,#824));
#1750=EDGE_LOOP('',(#825,#826,#827,#828));
#1751=EDGE_LOOP('',(#829,#830,#831,#832));
#1752=EDGE_LOOP('',(#833,#834,#835,#836));
#1753=EDGE_LOOP('',(#837,#838,#839,#840));
#1754=EDGE_LOOP('',(#841,#842,#843,#844));
#1755=EDGE_LOOP('',(#845));
#1756=EDGE_LOOP('',(#846));
#1757=EDGE_LOOP('',(#847));
#1758=EDGE_LOOP('',(#848));
#1759=EDGE_LOOP('',(#849));
#1760=EDGE_LOOP('',(#850));
#1761=EDGE_LOOP('',(#851));
#1762=EDGE_LOOP('',(#852));
#1763=EDGE_LOOP('',(#853));
#1764=EDGE_LOOP('',(#854));
#1765=EDGE_LOOP('',(#855));
#1766=EDGE_LOOP('',(#856));
#1767=EDGE_LOOP('',(#857));
#1768=EDGE_LOOP('',(#858));
#1769=EDGE_LOOP('',(#859));
#1770=EDGE_LOOP('',(#860));
#1771=EDGE_LOOP('',(#861));
#1772=EDGE_LOOP('',(#862));
#1773=EDGE_LOOP('',(#863));
#1774=EDGE_LOOP('',(#864));
#1775=EDGE_LOOP('',(#865));
#1776=EDGE_LOOP('',(#866));
#1777=EDGE_LOOP('',(#867));
#1778=EDGE_LOOP('',(#868));
#1779=EDGE_LOOP('',(#869));
#1780=EDGE_LOOP('',(#870));
#1781=EDGE_LOOP('',(#871));
#1782=EDGE_LOOP('',(#872));
#1783=EDGE_LOOP('',(#873));
#1784=EDGE_LOOP('',(#874));
#1785=EDGE_LOOP('',(#875));
#1786=EDGE_LOOP('',(#876));
#1787=EDGE_LOOP('',(#877));
#1788=EDGE_LOOP('',(#878));
#1789=EDGE_LOOP('',(#879));
#1790=EDGE_LOOP('',(#880));
#1791=EDGE_LOOP('',(#881,#882,#883,#884));
#1792=EDGE_LOOP('',(#885,#886,#887,#888,#889,#890,#891,#892));
#1793=EDGE_LOOP('',(#893,#894,#895,#896,#897,#898,#899,#900));
#1794=EDGE_LOOP('',(#901,#902,#903,#904,#905,#906,#907,#908));
#1795=EDGE_LOOP('',(#909,#910,#911,#912));
#1796=EDGE_LOOP('',(#913,#914,#915,#916));
#1797=EDGE_LOOP('',(#917,#918,#919,#920));
#1798=EDGE_LOOP('',(#921,#922,#923,#924));
#1799=EDGE_LOOP('',(#925,#926,#927,#928));
#1800=EDGE_LOOP('',(#929,#930,#931,#932));
#1801=EDGE_LOOP('',(#933,#934,#935,#936));
#1802=EDGE_LOOP('',(#937,#938,#939,#940));
#1803=EDGE_LOOP('',(#941,#942,#943,#944));
#1804=EDGE_LOOP('',(#945,#946,#947,#948,#949,#950,#951,#952));
#1805=EDGE_LOOP('',(#953,#954,#955,#956));
#1806=EDGE_LOOP('',(#957,#958,#959,#960));
#1807=EDGE_LOOP('',(#961));
#1808=EDGE_LOOP('',(#962));
#1809=EDGE_LOOP('',(#963));
#1810=EDGE_LOOP('',(#964,#965));
#1811=EDGE_LOOP('',(#966));
#1812=EDGE_LOOP('',(#967));
#1813=EDGE_LOOP('',(#968));
#1814=EDGE_LOOP('',(#969,#970));
#1815=EDGE_LOOP('',(#971));
#1816=EDGE_LOOP('',(#972));
#1817=EDGE_LOOP('',(#973));
#1818=EDGE_LOOP('',(#974,#975));
#1819=EDGE_LOOP('',(#976,#977,#978,#979,#980,#981));
#1820=EDGE_LOOP('',(#982,#983,#984,#985,#986,#987));
#1821=EDGE_LOOP('',(#988,#989,#990,#991,#992,#993));
#1822=EDGE_LOOP('',(#994,#995,#996,#997,#998,#999));
#1823=EDGE_LOOP('',(#1000,#1001,#1002,#1003,#1004,#1005));
#1824=EDGE_LOOP('',(#1006,#1007,#1008,#1009,#1010,#1011));
#1825=FACE_BOUND('',#1655,.T.);
#1826=FACE_BOUND('',#1656,.T.);
#1827=FACE_BOUND('',#1657,.T.);
#1828=FACE_BOUND('',#1658,.T.);
#1829=FACE_BOUND('',#1659,.T.);
#1830=FACE_BOUND('',#1660,.T.);
#1831=FACE_BOUND('',#1661,.T.);
#1832=FACE_BOUND('',#1662,.T.);
#1833=FACE_BOUND('',#1663,.T.);
#1834=FACE_BOUND('',#1664,.T.);
#1835=FACE_BOUND('',#1665,.T.);
#1836=FACE_BOUND('',#1666,.T.);
#1837=FACE_BOUND('',#1667,.T.);
#1838=FACE_BOUND('',#1668,.T.);
#1839=FACE_BOUND('',#1669,.T.);
#1840=FACE_BOUND('',#1670,.T.);
#1841=FACE_BOUND('',#1671,.T.);
#1842=FACE_BOUND('',#1672,.T.);
#1843=FACE_BOUND('',#1673,.T.);
#1844=FACE_BOUND('',#1674,.T.);
#1845=FACE_BOUND('',#1675,.T.);
#1846=FACE_BOUND('',#1676,.T.);
#1847=FACE_BOUND('',#1677,.T.);
#1848=FACE_BOUND('',#1678,.T.);
#1849=FACE_BOUND('',#1679,.T.);
#1850=FACE_BOUND('',#1680,.T.);
#1851=FACE_BOUND('',#1681,.T.);
#1852=FACE_BOUND('',#1682,.T.);
#1853=FACE_BOUND('',#1683,.T.);
#1854=FACE_BOUND('',#1684,.T.);
#1855=FACE_BOUND('',#1685,.T.);
#1856=FACE_BOUND('',#1686,.T.);
#1857=FACE_BOUND('',#1687,.T.);
#1858=FACE_BOUND('',#1688,.T.);
#1859=FACE_BOUND('',#1689,.T.);
#1860=FACE_BOUND('',#1690,.T.);
#1861=FACE_BOUND('',#1691,.T.);
#1862=FACE_BOUND('',#1692,.T.);
#1863=FACE_BOUND('',#1693,.T.);
#1864=FACE_BOUND('',#1694,.T.);
#1865=FACE_BOUND('',#1695,.T.);
#1866=FACE_BOUND('',#1696,.T.);
#1867=FACE_BOUND('',#1697,.T.);
#1868=FACE_BOUND('',#1698,.T.);
#1869=FACE_BOUND('',#1699,.T.);
#1870=FACE_BOUND('',#1700,.T.);
#1871=FACE_BOUND('',#1701,.T.);
#1872=FACE_BOUND('',#1702,.T.);
#1873=FACE_BOUND('',#1703,.T.);
#1874=FACE_BOUND('',#1704,.T.);
#1875=FACE_BOUND('',#1705,.T.);
#1876=FACE_BOUND('',#1706,.T.);
#1877=FACE_BOUND('',#1707,.T.);
#1878=FACE_BOUND('',#1708,.T.);
#1879=FACE_BOUND('',#1709,.T.);
#1880=FACE_BOUND('',#1710,.T.);
#1881=FACE_BOUND('',#1711,.T.);
#1882=FACE_BOUND('',#1712,.T.);
#1883=FACE_BOUND('',#1713,.T.);
#1884=FACE_BOUND('',#1714,.T.);
#1885=FACE_BOUND('',#1715,.T.);
#1886=FACE_BOUND('',#1716,.T.);
#1887=FACE_BOUND('',#1717,.T.);
#1888=FACE_BOUND('',#1718,.T.);
#1889=FACE_BOUND('',#1719,.T.);
#1890=FACE_BOUND('',#1720,.T.);
#1891=FACE_BOUND('',#1721,.T.);
#1892=FACE_BOUND('',#1722,.T.);
#1893=FACE_BOUND('',#1723,.T.);
#1894=FACE_BOUND('',#1724,.T.);
#1895=FACE_BOUND('',#1725,.T.);
#1896=FACE_BOUND('',#1726,.T.);
#1897=FACE_BOUND('',#1727,.T.);
#1898=FACE_BOUND('',#1728,.T.);
#1899=FACE_BOUND('',#1729,.T.);
#1900=FACE_BOUND('',#1730,.T.);
#1901=FACE_BOUND('',#1731,.T.);
#1902=FACE_BOUND('',#1732,.T.);
#1903=FACE_BOUND('',#1733,.T.);
#1904=FACE_BOUND('',#1734,.T.);
#1905=FACE_BOUND('',#1735,.T.);
#1906=FACE_BOUND('',#1736,.T.);
#1907=FACE_BOUND('',#1737,.T.);
#1908=FACE_BOUND('',#1738,.T.);
#1909=FACE_BOUND('',#1739,.T.);
#1910=FACE_BOUND('',#1740,.T.);
#1911=FACE_BOUND('',#1741,.T.);
#1912=FACE_BOUND('',#1742,.T.);
#1913=FACE_BOUND('',#1743,.T.);
#1914=FACE_BOUND('',#1744,.T.);
#1915=FACE_BOUND('',#1745,.T.);
#1916=FACE_BOUND('',#1746,.T.);
#1917=FACE_BOUND('',#1747,.T.);
#1918=FACE_BOUND('',#1748,.T.);
#1919=FACE_BOUND('',#1749,.T.);
#1920=FACE_BOUND('',#1750,.T.);
#1921=FACE_BOUND('',#1751,.T.);
#1922=FACE_BOUND('',#1752,.T.);
#1923=FACE_BOUND('',#1753,.T.);
#1924=FACE_BOUND('',#1754,.T.);
#1925=FACE_BOUND('',#1755,.T.);
#1926=FACE_BOUND('',#1756,.T.);
#1927=FACE_BOUND('',#1757,.T.);
#1928=FACE_BOUND('',#1758,.T.);
#1929=FACE_BOUND('',#1759,.T.);
#1930=FACE_BOUND('',#1760,.T.);
#1931=FACE_BOUND('',#1761,.T.);
#1932=FACE_BOUND('',#1762,.T.);
#1933=FACE_BOUND('',#1763,.T.);
#1934=FACE_BOUND('',#1764,.T.);
#1935=FACE_BOUND('',#1765,.T.);
#1936=FACE_BOUND('',#1766,.T.);
#1937=FACE_BOUND('',#1767,.T.);
#1938=FACE_BOUND('',#1768,.T.);
#1939=FACE_BOUND('',#1769,.T.);
#1940=FACE_BOUND('',#1770,.T.);
#1941=FACE_BOUND('',#1771,.T.);
#1942=FACE_BOUND('',#1772,.T.);
#1943=FACE_BOUND('',#1773,.T.);
#1944=FACE_BOUND('',#1774,.T.);
#1945=FACE_BOUND('',#1775,.T.);
#1946=FACE_BOUND('',#1776,.T.);
#1947=FACE_BOUND('',#1777,.T.);
#1948=FACE_BOUND('',#1778,.T.);
#1949=FACE_BOUND('',#1779,.T.);
#1950=FACE_BOUND('',#1780,.T.);
#1951=FACE_BOUND('',#1781,.T.);
#1952=FACE_BOUND('',#1782,.T.);
#1953=FACE_BOUND('',#1783,.T.);
#1954=FACE_BOUND('',#1784,.T.);
#1955=FACE_BOUND('',#1785,.T.);
#1956=FACE_BOUND('',#1786,.T.);
#1957=FACE_BOUND('',#1787,.T.);
#1958=FACE_BOUND('',#1788,.T.);
#1959=FACE_BOUND('',#1789,.T.);
#1960=FACE_BOUND('',#1790,.T.);
#1961=FACE_BOUND('',#1791,.T.);
#1962=FACE_BOUND('',#1792,.T.);
#1963=FACE_BOUND('',#1793,.T.);
#1964=FACE_BOUND('',#1794,.T.);
#1965=FACE_BOUND('',#1795,.T.);
#1966=FACE_BOUND('',#1796,.T.);
#1967=FACE_BOUND('',#1797,.T.);
#1968=FACE_BOUND('',#1798,.T.);
#1969=FACE_BOUND('',#1799,.T.);
#1970=FACE_BOUND('',#1800,.T.);
#1971=FACE_BOUND('',#1801,.T.);
#1972=FACE_BOUND('',#1802,.T.);
#1973=FACE_BOUND('',#1803,.T.);
#1974=FACE_BOUND('',#1804,.T.);
#1975=FACE_BOUND('',#1805,.T.);
#1976=FACE_BOUND('',#1806,.T.);
#1977=FACE_BOUND('',#1807,.T.);
#1978=FACE_BOUND('',#1808,.T.);
#1979=FACE_BOUND('',#1809,.T.);
#1980=FACE_BOUND('',#1810,.T.);
#1981=FACE_BOUND('',#1811,.T.);
#1982=FACE_BOUND('',#1812,.T.);
#1983=FACE_BOUND('',#1813,.T.);
#1984=FACE_BOUND('',#1814,.T.);
#1985=FACE_BOUND('',#1815,.T.);
#1986=FACE_BOUND('',#1816,.T.);
#1987=FACE_BOUND('',#1817,.T.);
#1988=FACE_BOUND('',#1818,.T.);
#1989=FACE_BOUND('',#1819,.T.);
#1990=FACE_BOUND('',#1820,.T.);
#1991=FACE_BOUND('',#1821,.T.);
#1992=FACE_BOUND('',#1822,.T.);
#1993=FACE_BOUND('',#1823,.T.);
#1994=FACE_BOUND('',#1824,.T.);
#1995=CYLINDRICAL_SURFACE('',#2186,0.00655);
#1996=CYLINDRICAL_SURFACE('',#2189,0.00655);
#1997=CYLINDRICAL_SURFACE('',#2192,0.00655);
#1998=CYLINDRICAL_SURFACE('',#2229,0.0015);
#1999=CYLINDRICAL_SURFACE('',#2304,0.00755);
#2000=CYLINDRICAL_SURFACE('',#2316,0.00755);
#2001=CYLINDRICAL_SURFACE('',#2328,0.00755);
#2002=CYLINDRICAL_SURFACE('',#2331,0.008);
#2003=CYLINDRICAL_SURFACE('',#2332,0.008);
#2004=CYLINDRICAL_SURFACE('',#2333,0.008);
#2005=CYLINDRICAL_SURFACE('',#2334,0.008);
#2006=CYLINDRICAL_SURFACE('',#2335,0.008);
#2007=CYLINDRICAL_SURFACE('',#2336,0.008);
#2008=CYLINDRICAL_SURFACE('',#2337,0.008);
#2009=CYLINDRICAL_SURFACE('',#2338,0.008);
#2010=CYLINDRICAL_SURFACE('',#2339,0.008);
#2011=CYLINDRICAL_SURFACE('',#2341,0.004);
#2012=CYLINDRICAL_SURFACE('',#2347,0.004);
#2013=CYLINDRICAL_SURFACE('',#2352,0.004);
#2014=CYLINDRICAL_SURFACE('',#2355,0.004);
#2015=CYLINDRICAL_SURFACE('',#2356,0.004);
#2016=CYLINDRICAL_SURFACE('',#2357,0.004);
#2017=CYLINDRICAL_SURFACE('',#2358,0.004);
#2018=CYLINDRICAL_SURFACE('',#2359,0.004);
#2019=CYLINDRICAL_SURFACE('',#2360,0.004);
#2020=CYLINDRICAL_SURFACE('',#2361,0.004);
#2021=CYLINDRICAL_SURFACE('',#2362,0.004);
#2022=CYLINDRICAL_SURFACE('',#2363,0.004);
#2023=CYLINDRICAL_SURFACE('',#2367,0.00225);
#2024=CYLINDRICAL_SURFACE('',#2370,0.00225);
#2025=CYLINDRICAL_SURFACE('',#2373,0.00225);
#2026=CYLINDRICAL_SURFACE('',#2376,0.00225);
#2027=CYLINDRICAL_SURFACE('',#2381,0.00225);
#2028=CYLINDRICAL_SURFACE('',#2384,0.00225);
#2029=CYLINDRICAL_SURFACE('',#2387,0.00225);
#2030=CYLINDRICAL_SURFACE('',#2390,0.00225);
#2031=CYLINDRICAL_SURFACE('',#2391,0.00225);
#2032=CYLINDRICAL_SURFACE('',#2394,0.00225);
#2033=CYLINDRICAL_SURFACE('',#2397,0.00225);
#2034=CYLINDRICAL_SURFACE('',#2401,0.0015);
#2035=CYLINDRICAL_SURFACE('',#2403,0.0015);
#2036=CYLINDRICAL_SURFACE('',#2405,0.0015);
#2037=CYLINDRICAL_SURFACE('',#2408,0.003);
#2038=CYLINDRICAL_SURFACE('',#2409,0.003);
#2039=CYLINDRICAL_SURFACE('',#2410,0.003);
#2040=CYLINDRICAL_SURFACE('',#2411,0.003);
#2041=CYLINDRICAL_SURFACE('',#2412,0.003);
#2042=CYLINDRICAL_SURFACE('',#2413,0.003);
#2043=CYLINDRICAL_SURFACE('',#2414,0.003);
#2044=CYLINDRICAL_SURFACE('',#2415,0.003);
#2045=CYLINDRICAL_SURFACE('',#2421,0.00755);
#2046=CYLINDRICAL_SURFACE('',#2424,0.00755);
#2047=CYLINDRICAL_SURFACE('',#2427,0.00755);
#2048=CYLINDRICAL_SURFACE('',#2428,0.008);
#2049=CYLINDRICAL_SURFACE('',#2429,0.008);
#2050=CYLINDRICAL_SURFACE('',#2430,0.008);
#2051=CYLINDRICAL_SURFACE('',#2431,0.008);
#2052=CYLINDRICAL_SURFACE('',#2432,0.008);
#2053=CYLINDRICAL_SURFACE('',#2433,0.008);
#2054=ADVANCED_FACE('',(#1825,#1826),#1995,.F.);
#2055=ADVANCED_FACE('',(#1827,#1828),#1996,.F.);
#2056=ADVANCED_FACE('',(#1829,#1830),#1997,.F.);
#2057=ADVANCED_FACE('',(#1831,#1832,#1833,#1834,#1835,#1836,#1837,#1838,
#1839,#1840,#1841,#1842),#353,.T.);
#2058=ADVANCED_FACE('',(#1843),#354,.T.);
#2059=ADVANCED_FACE('',(#1844),#1998,.F.);
#2060=ADVANCED_FACE('',(#1845),#355,.F.);
#2061=ADVANCED_FACE('',(#1846,#1847,#1848,#1849,#1850,#1851,#1852,#1853),
#356,.F.);
#2062=ADVANCED_FACE('',(#1854),#357,.T.);
#2063=ADVANCED_FACE('',(#1855),#358,.F.);
#2064=ADVANCED_FACE('',(#1856),#359,.F.);
#2065=ADVANCED_FACE('',(#1857,#1858,#1859,#1860,#1861),#360,.T.);
#2066=ADVANCED_FACE('',(#1862),#361,.F.);
#2067=ADVANCED_FACE('',(#1863),#362,.F.);
#2068=ADVANCED_FACE('',(#1864),#363,.F.);
#2069=ADVANCED_FACE('',(#1865),#364,.F.);
#2070=ADVANCED_FACE('',(#1866),#365,.F.);
#2071=ADVANCED_FACE('',(#1867),#366,.F.);
#2072=ADVANCED_FACE('',(#1868),#367,.F.);
#2073=ADVANCED_FACE('',(#1869),#368,.T.);
#2074=ADVANCED_FACE('',(#1870),#369,.T.);
#2075=ADVANCED_FACE('',(#1871,#1872),#1999,.F.);
#2076=ADVANCED_FACE('',(#1873,#1874),#370,.T.);
#2077=ADVANCED_FACE('',(#1875),#371,.F.);
#2078=ADVANCED_FACE('',(#1876),#372,.T.);
#2079=ADVANCED_FACE('',(#1877),#373,.T.);
#2080=ADVANCED_FACE('',(#1878,#1879),#2000,.F.);
#2081=ADVANCED_FACE('',(#1880,#1881),#374,.T.);
#2082=ADVANCED_FACE('',(#1882),#375,.F.);
#2083=ADVANCED_FACE('',(#1883),#376,.T.);
#2084=ADVANCED_FACE('',(#1884),#377,.T.);
#2085=ADVANCED_FACE('',(#1885,#1886),#2001,.F.);
#2086=ADVANCED_FACE('',(#1887,#1888),#378,.T.);
#2087=ADVANCED_FACE('',(#1889),#2002,.T.);
#2088=ADVANCED_FACE('',(#1890),#2003,.T.);
#2089=ADVANCED_FACE('',(#1891),#2004,.T.);
#2090=ADVANCED_FACE('',(#1892),#2005,.T.);
#2091=ADVANCED_FACE('',(#1893),#2006,.T.);
#2092=ADVANCED_FACE('',(#1894),#2007,.T.);
#2093=ADVANCED_FACE('',(#1895),#2008,.T.);
#2094=ADVANCED_FACE('',(#1896),#2009,.T.);
#2095=ADVANCED_FACE('',(#1897),#2010,.T.);
#2096=ADVANCED_FACE('',(#1898),#379,.F.);
#2097=ADVANCED_FACE('',(#1899),#2011,.F.);
#2098=ADVANCED_FACE('',(#1900),#380,.F.);
#2099=ADVANCED_FACE('',(#1901),#381,.T.);
#2100=ADVANCED_FACE('',(#1902),#382,.F.);
#2101=ADVANCED_FACE('',(#1903),#383,.F.);
#2102=ADVANCED_FACE('',(#1904),#384,.F.);
#2103=ADVANCED_FACE('',(#1905),#2012,.F.);
#2104=ADVANCED_FACE('',(#1906),#385,.F.);
#2105=ADVANCED_FACE('',(#1907),#386,.T.);
#2106=ADVANCED_FACE('',(#1908),#387,.T.);
#2107=ADVANCED_FACE('',(#1909),#388,.F.);
#2108=ADVANCED_FACE('',(#1910),#2013,.F.);
#2109=ADVANCED_FACE('',(#1911),#389,.F.);
#2110=ADVANCED_FACE('',(#1912),#390,.T.);
#2111=ADVANCED_FACE('',(#1913),#2014,.T.);
#2112=ADVANCED_FACE('',(#1914),#2015,.T.);
#2113=ADVANCED_FACE('',(#1915),#2016,.T.);
#2114=ADVANCED_FACE('',(#1916),#2017,.F.);
#2115=ADVANCED_FACE('',(#1917),#2018,.F.);
#2116=ADVANCED_FACE('',(#1918),#2019,.F.);
#2117=ADVANCED_FACE('',(#1919),#2020,.F.);
#2118=ADVANCED_FACE('',(#1920),#2021,.F.);
#2119=ADVANCED_FACE('',(#1921),#2022,.F.);
#2120=ADVANCED_FACE('',(#1922),#391,.T.);
#2121=ADVANCED_FACE('',(#1923),#392,.F.);
#2122=ADVANCED_FACE('',(#1924),#393,.T.);
#2123=ADVANCED_FACE('',(#1925,#1926),#2023,.F.);
#2124=ADVANCED_FACE('',(#1927),#394,.T.);
#2125=ADVANCED_FACE('',(#1928,#1929),#2024,.F.);
#2126=ADVANCED_FACE('',(#1930),#395,.T.);
#2127=ADVANCED_FACE('',(#1931,#1932),#2025,.F.);
#2128=ADVANCED_FACE('',(#1933),#396,.T.);
#2129=ADVANCED_FACE('',(#1934,#1935),#2026,.F.);
#2130=ADVANCED_FACE('',(#1936),#397,.T.);
#2131=ADVANCED_FACE('',(#1937),#398,.T.);
#2132=ADVANCED_FACE('',(#1938,#1939),#2027,.F.);
#2133=ADVANCED_FACE('',(#1940),#399,.T.);
#2134=ADVANCED_FACE('',(#1941,#1942),#2028,.F.);
#2135=ADVANCED_FACE('',(#1943),#400,.T.);
#2136=ADVANCED_FACE('',(#1944,#1945),#2029,.F.);
#2137=ADVANCED_FACE('',(#1946),#401,.T.);
#2138=ADVANCED_FACE('',(#1947,#1948),#2030,.F.);
#2139=ADVANCED_FACE('',(#1949,#1950),#2031,.F.);
#2140=ADVANCED_FACE('',(#1951,#1952),#12,.F.);
#2141=ADVANCED_FACE('',(#1953,#1954),#2032,.F.);
#2142=ADVANCED_FACE('',(#1955,#1956),#13,.F.);
#2143=ADVANCED_FACE('',(#1957,#1958),#2033,.F.);
#2144=ADVANCED_FACE('',(#1959,#1960),#14,.F.);
#2145=ADVANCED_FACE('',(#1961),#402,.F.);
#2146=ADVANCED_FACE('',(#1962),#2034,.F.);
#2147=ADVANCED_FACE('',(#1963),#2035,.F.);
#2148=ADVANCED_FACE('',(#1964),#2036,.F.);
#2149=ADVANCED_FACE('',(#1965),#403,.T.);
#2150=ADVANCED_FACE('',(#1966),#2037,.T.);
#2151=ADVANCED_FACE('',(#1967),#2038,.T.);
#2152=ADVANCED_FACE('',(#1968),#2039,.T.);
#2153=ADVANCED_FACE('',(#1969),#2040,.T.);
#2154=ADVANCED_FACE('',(#1970),#2041,.F.);
#2155=ADVANCED_FACE('',(#1971),#2042,.F.);
#2156=ADVANCED_FACE('',(#1972),#2043,.F.);
#2157=ADVANCED_FACE('',(#1973),#2044,.F.);
#2158=ADVANCED_FACE('',(#1974),#404,.T.);
#2159=ADVANCED_FACE('',(#1975),#405,.T.);
#2160=ADVANCED_FACE('',(#1976),#406,.T.);
#2161=ADVANCED_FACE('',(#1977,#1978),#407,.T.);
#2162=ADVANCED_FACE('',(#1979,#1980),#2045,.F.);
#2163=ADVANCED_FACE('',(#1981,#1982),#408,.T.);
#2164=ADVANCED_FACE('',(#1983,#1984),#2046,.F.);
#2165=ADVANCED_FACE('',(#1985,#1986),#409,.T.);
#2166=ADVANCED_FACE('',(#1987,#1988),#2047,.F.);
#2167=ADVANCED_FACE('',(#1989),#2048,.F.);
#2168=ADVANCED_FACE('',(#1990),#2049,.F.);
#2169=ADVANCED_FACE('',(#1991),#2050,.F.);
#2170=ADVANCED_FACE('',(#1992),#2051,.F.);
#2171=ADVANCED_FACE('',(#1993),#2052,.F.);
#2172=ADVANCED_FACE('',(#1994),#2053,.F.);
#2173=CLOSED_SHELL('',(#2054,#2055,#2056,#2057,#2058,#2059,#2060,#2061,
#2062,#2063,#2064,#2065,#2066,#2067,#2068,#2069,#2070,#2071,#2072,#2073,
#2074,#2075,#2076,#2077,#2078,#2079,#2080,#2081,#2082,#2083,#2084,#2085,
#2086,#2087,#2088,#2089,#2090,#2091,#2092,#2093,#2094,#2095,#2096,#2097,
#2098,#2099,#2100,#2101,#2102,#2103,#2104,#2105,#2106,#2107,#2108,#2109,
#2110,#2111,#2112,#2113,#2114,#2115,#2116,#2117,#2118,#2119,#2120,#2121,
#2122,#2123,#2124,#2125,#2126,#2127,#2128,#2129,#2130,#2131,#2132,#2133,
#2134,#2135,#2136,#2137,#2138,#2139,#2140,#2141,#2142,#2143,#2144,#2145,
#2146,#2147,#2148,#2149,#2150,#2151,#2152,#2153,#2154,#2155,#2156,#2157,
#2158,#2159,#2160,#2161,#2162,#2163,#2164,#2165,#2166,#2167,#2168,#2169,
#2170,#2171,#2172));
#2174=STYLED_ITEM('',(#2175),#2182);
#2175=PRESENTATION_STYLE_ASSIGNMENT((#2176));
#2176=SURFACE_STYLE_USAGE(.BOTH.,#2177);
#2177=SURFACE_SIDE_STYLE('',(#2178));
#2178=SURFACE_STYLE_FILL_AREA(#2179);
#2179=FILL_AREA_STYLE('',(#2180));
#2180=FILL_AREA_STYLE_COLOUR('',#2181);
#2181=COLOUR_RGB('',0.180392156862745,0.184313725490196,0.188235294117647);
#2182=MANIFOLD_SOLID_BREP('Part 1',#2173);
#2183=SHAPE_DEFINITION_REPRESENTATION(#3762,#2184);
#2184=SHAPE_REPRESENTATION('Part 1',(#2185),#3757);
#2185=AXIS2_PLACEMENT_3D('',#3098,#2434,#2435);
#2186=AXIS2_PLACEMENT_3D('',#3099,#2436,#2437);
#2187=AXIS2_PLACEMENT_3D('',#3100,#2438,#2439);
#2188=AXIS2_PLACEMENT_3D('',#3102,#2440,#2441);
#2189=AXIS2_PLACEMENT_3D('',#3104,#2442,#2443);
#2190=AXIS2_PLACEMENT_3D('',#3105,#2444,#2445);
#2191=AXIS2_PLACEMENT_3D('',#3107,#2446,#2447);
#2192=AXIS2_PLACEMENT_3D('',#3109,#2448,#2449);
#2193=AXIS2_PLACEMENT_3D('',#3110,#2450,#2451);
#2194=AXIS2_PLACEMENT_3D('',#3112,#2452,#2453);
#2195=AXIS2_PLACEMENT_3D('',#3114,#2454,#2455);
#2196=AXIS2_PLACEMENT_3D('',#3115,#2456,#2457);
#2197=AXIS2_PLACEMENT_3D('',#3117,#2458,#2459);
#2198=AXIS2_PLACEMENT_3D('',#3119,#2460,#2461);
#2199=AXIS2_PLACEMENT_3D('',#3121,#2462,#2463);
#2200=AXIS2_PLACEMENT_3D('',#3123,#2464,#2465);
#2201=AXIS2_PLACEMENT_3D('',#3125,#2466,#2467);
#2202=AXIS2_PLACEMENT_3D('',#3127,#2468,#2469);
#2203=AXIS2_PLACEMENT_3D('',#3132,#2471,#2472);
#2204=AXIS2_PLACEMENT_3D('',#3136,#2474,#2475);
#2205=AXIS2_PLACEMENT_3D('',#3140,#2477,#2478);
#2206=AXIS2_PLACEMENT_3D('',#3144,#2480,#2481);
#2207=AXIS2_PLACEMENT_3D('',#3148,#2483,#2484);
#2208=AXIS2_PLACEMENT_3D('',#3152,#2486,#2487);
#2209=AXIS2_PLACEMENT_3D('',#3156,#2489,#2490);
#2210=AXIS2_PLACEMENT_3D('',#3160,#2492,#2493);
#2211=AXIS2_PLACEMENT_3D('',#3168,#2497,#2498);
#2212=AXIS2_PLACEMENT_3D('',#3172,#2500,#2501);
#2213=AXIS2_PLACEMENT_3D('',#3176,#2503,#2504);
#2214=AXIS2_PLACEMENT_3D('',#3184,#2508,#2509);
#2215=AXIS2_PLACEMENT_3D('',#3188,#2511,#2512);
#2216=AXIS2_PLACEMENT_3D('',#3192,#2514,#2515);
#2217=AXIS2_PLACEMENT_3D('',#3200,#2519,#2520);
#2218=AXIS2_PLACEMENT_3D('',#3204,#2522,#2523);
#2219=AXIS2_PLACEMENT_3D('',#3208,#2525,#2526);
#2220=AXIS2_PLACEMENT_3D('',#3212,#2528,#2529);
#2221=AXIS2_PLACEMENT_3D('',#3216,#2531,#2532);
#2222=AXIS2_PLACEMENT_3D('',#3220,#2534,#2535);
#2223=AXIS2_PLACEMENT_3D('',#3224,#2537,#2538);
#2224=AXIS2_PLACEMENT_3D('',#3225,#2539,#2540);
#2225=AXIS2_PLACEMENT_3D('',#3230,#2542,#2543);
#2226=AXIS2_PLACEMENT_3D('',#3234,#2545,#2546);
#2227=AXIS2_PLACEMENT_3D('',#3238,#2548,#2549);
#2228=AXIS2_PLACEMENT_3D('',#3241,#2551,#2552);
#2229=AXIS2_PLACEMENT_3D('',#3250,#2557,#2558);
#2230=AXIS2_PLACEMENT_3D('',#3251,#2559,#2560);
#2231=AXIS2_PLACEMENT_3D('',#3257,#2563,#2564);
#2232=AXIS2_PLACEMENT_3D('',#3258,#2565,#2566);
#2233=AXIS2_PLACEMENT_3D('',#3261,#2568,#2569);
#2234=AXIS2_PLACEMENT_3D('',#3270,#2574,#2575);
#2235=AXIS2_PLACEMENT_3D('',#3278,#2579,#2580);
#2236=AXIS2_PLACEMENT_3D('',#3282,#2582,#2583);
#2237=AXIS2_PLACEMENT_3D('',#3286,#2585,#2586);
#2238=AXIS2_PLACEMENT_3D('',#3294,#2590,#2591);
#2239=AXIS2_PLACEMENT_3D('',#3298,#2593,#2594);
#2240=AXIS2_PLACEMENT_3D('',#3302,#2596,#2597);
#2241=AXIS2_PLACEMENT_3D('',#3310,#2601,#2602);
#2242=AXIS2_PLACEMENT_3D('',#3314,#2604,#2605);
#2243=AXIS2_PLACEMENT_3D('',#3318,#2607,#2608);
#2244=AXIS2_PLACEMENT_3D('',#3322,#2610,#2611);
#2245=AXIS2_PLACEMENT_3D('',#3326,#2613,#2614);
#2246=AXIS2_PLACEMENT_3D('',#3330,#2616,#2617);
#2247=AXIS2_PLACEMENT_3D('',#3334,#2619,#2620);
#2248=AXIS2_PLACEMENT_3D('',#3338,#2622,#2623);
#2249=AXIS2_PLACEMENT_3D('',#3342,#2625,#2626);
#2250=AXIS2_PLACEMENT_3D('',#3346,#2628,#2629);
#2251=AXIS2_PLACEMENT_3D('',#3350,#2631,#2632);
#2252=AXIS2_PLACEMENT_3D('',#3354,#2634,#2635);
#2253=AXIS2_PLACEMENT_3D('',#3358,#2637,#2638);
#2254=AXIS2_PLACEMENT_3D('',#3362,#2640,#2641);
#2255=AXIS2_PLACEMENT_3D('',#3366,#2643,#2644);
#2256=AXIS2_PLACEMENT_3D('',#3367,#2645,#2646);
#2257=AXIS2_PLACEMENT_3D('',#3369,#2647,#2648);
#2258=AXIS2_PLACEMENT_3D('',#3371,#2649,#2650);
#2259=AXIS2_PLACEMENT_3D('',#3373,#2651,#2652);
#2260=AXIS2_PLACEMENT_3D('',#3376,#2653,#2654);
#2261=AXIS2_PLACEMENT_3D('',#3380,#2656,#2657);
#2262=AXIS2_PLACEMENT_3D('',#3384,#2659,#2660);
#2263=AXIS2_PLACEMENT_3D('',#3388,#2662,#2663);
#2264=AXIS2_PLACEMENT_3D('',#3390,#2664,#2665);
#2265=AXIS2_PLACEMENT_3D('',#3393,#2667,#2668);
#2266=AXIS2_PLACEMENT_3D('',#3397,#2670,#2671);
#2267=AXIS2_PLACEMENT_3D('',#3401,#2673,#2674);
#2268=AXIS2_PLACEMENT_3D('',#3405,#2676,#2677);
#2269=AXIS2_PLACEMENT_3D('',#3407,#2678,#2679);
#2270=AXIS2_PLACEMENT_3D('',#3410,#2681,#2682);
#2271=AXIS2_PLACEMENT_3D('',#3416,#2686,#2687);
#2272=AXIS2_PLACEMENT_3D('',#3422,#2691,#2692);
#2273=AXIS2_PLACEMENT_3D('',#3428,#2696,#2697);
#2274=AXIS2_PLACEMENT_3D('',#3429,#2698,#2699);
#2275=AXIS2_PLACEMENT_3D('',#3431,#2700,#2701);
#2276=AXIS2_PLACEMENT_3D('',#3433,#2702,#2703);
#2277=AXIS2_PLACEMENT_3D('',#3435,#2704,#2705);
#2278=AXIS2_PLACEMENT_3D('',#3440,#2707,#2708);
#2279=AXIS2_PLACEMENT_3D('',#3441,#2709,#2710);
#2280=AXIS2_PLACEMENT_3D('',#3442,#2711,#2712);
#2281=AXIS2_PLACEMENT_3D('',#3444,#2713,#2714);
#2282=AXIS2_PLACEMENT_3D('',#3448,#2716,#2717);
#2283=AXIS2_PLACEMENT_3D('',#3452,#2719,#2720);
#2284=AXIS2_PLACEMENT_3D('',#3453,#2721,#2722);
#2285=AXIS2_PLACEMENT_3D('',#3455,#2723,#2724);
#2286=AXIS2_PLACEMENT_3D('',#3456,#2725,#2726);
#2287=AXIS2_PLACEMENT_3D('',#3458,#2727,#2728);
#2288=AXIS2_PLACEMENT_3D('',#3459,#2729,#2730);
#2289=AXIS2_PLACEMENT_3D('',#3460,#2731,#2732);
#2290=AXIS2_PLACEMENT_3D('',#3463,#2735,#2736);
#2291=AXIS2_PLACEMENT_3D('',#3466,#2739,#2740);
#2292=AXIS2_PLACEMENT_3D('',#3469,#2743,#2744);
#2293=AXIS2_PLACEMENT_3D('',#3472,#2747,#2748);
#2294=AXIS2_PLACEMENT_3D('',#3475,#2751,#2752);
#2295=AXIS2_PLACEMENT_3D('',#3478,#2755,#2756);
#2296=AXIS2_PLACEMENT_3D('',#3481,#2758,#2759);
#2297=AXIS2_PLACEMENT_3D('',#3484,#2761,#2762);
#2298=AXIS2_PLACEMENT_3D('',#3488,#2764,#2765);
#2299=AXIS2_PLACEMENT_3D('',#3489,#2766,#2767);
#2300=AXIS2_PLACEMENT_3D('',#3492,#2769,#2770);
#2301=AXIS2_PLACEMENT_3D('',#3495,#2772,#2773);
#2302=AXIS2_PLACEMENT_3D('',#3499,#2775,#2776);
#2303=AXIS2_PLACEMENT_3D('',#3500,#2777,#2778);
#2304=AXIS2_PLACEMENT_3D('',#3503,#2781,#2782);
#2305=AXIS2_PLACEMENT_3D('',#3504,#2783,#2784);
#2306=AXIS2_PLACEMENT_3D('',#3511,#2785,#2786);
#2307=AXIS2_PLACEMENT_3D('',#3512,#2787,#2788);
#2308=AXIS2_PLACEMENT_3D('',#3515,#2790,#2791);
#2309=AXIS2_PLACEMENT_3D('',#3518,#2793,#2794);
#2310=AXIS2_PLACEMENT_3D('',#3522,#2796,#2797);
#2311=AXIS2_PLACEMENT_3D('',#3523,#2798,#2799);
#2312=AXIS2_PLACEMENT_3D('',#3526,#2801,#2802);
#2313=AXIS2_PLACEMENT_3D('',#3529,#2804,#2805);
#2314=AXIS2_PLACEMENT_3D('',#3533,#2807,#2808);
#2315=AXIS2_PLACEMENT_3D('',#3534,#2809,#2810);
#2316=AXIS2_PLACEMENT_3D('',#3537,#2813,#2814);
#2317=AXIS2_PLACEMENT_3D('',#3538,#2815,#2816);
#2318=AXIS2_PLACEMENT_3D('',#3545,#2817,#2818);
#2319=AXIS2_PLACEMENT_3D('',#3546,#2819,#2820);
#2320=AXIS2_PLACEMENT_3D('',#3549,#2822,#2823);
#2321=AXIS2_PLACEMENT_3D('',#3552,#2825,#2826);
#2322=AXIS2_PLACEMENT_3D('',#3556,#2828,#2829);
#2323=AXIS2_PLACEMENT_3D('',#3557,#2830,#2831);
#2324=AXIS2_PLACEMENT_3D('',#3560,#2833,#2834);
#2325=AXIS2_PLACEMENT_3D('',#3563,#2836,#2837);
#2326=AXIS2_PLACEMENT_3D('',#3567,#2839,#2840);
#2327=AXIS2_PLACEMENT_3D('',#3568,#2841,#2842);
#2328=AXIS2_PLACEMENT_3D('',#3571,#2845,#2846);
#2329=AXIS2_PLACEMENT_3D('',#3572,#2847,#2848);
#2330=AXIS2_PLACEMENT_3D('',#3579,#2849,#2850);
#2331=AXIS2_PLACEMENT_3D('',#3580,#2851,#2852);
#2332=AXIS2_PLACEMENT_3D('',#3581,#2853,#2854);
#2333=AXIS2_PLACEMENT_3D('',#3582,#2855,#2856);
#2334=AXIS2_PLACEMENT_3D('',#3583,#2857,#2858);
#2335=AXIS2_PLACEMENT_3D('',#3584,#2859,#2860);
#2336=AXIS2_PLACEMENT_3D('',#3585,#2861,#2862);
#2337=AXIS2_PLACEMENT_3D('',#3586,#2863,#2864);
#2338=AXIS2_PLACEMENT_3D('',#3587,#2865,#2866);
#2339=AXIS2_PLACEMENT_3D('',#3588,#2867,#2868);
#2340=AXIS2_PLACEMENT_3D('',#3589,#2869,#2870);
#2341=AXIS2_PLACEMENT_3D('',#3592,#2873,#2874);
#2342=AXIS2_PLACEMENT_3D('',#3594,#2876,#2877);
#2343=AXIS2_PLACEMENT_3D('',#3596,#2879,#2880);
#2344=AXIS2_PLACEMENT_3D('',#3599,#2883,#2884);
#2345=AXIS2_PLACEMENT_3D('',#3602,#2887,#2888);
#2346=AXIS2_PLACEMENT_3D('',#3605,#2891,#2892);
#2347=AXIS2_PLACEMENT_3D('',#3608,#2895,#2896);
#2348=AXIS2_PLACEMENT_3D('',#3610,#2898,#2899);
#2349=AXIS2_PLACEMENT_3D('',#3612,#2901,#2902);
#2350=AXIS2_PLACEMENT_3D('',#3615,#2905,#2906);
#2351=AXIS2_PLACEMENT_3D('',#3618,#2909,#2910);
#2352=AXIS2_PLACEMENT_3D('',#3621,#2913,#2914);
#2353=AXIS2_PLACEMENT_3D('',#3623,#2916,#2917);
#2354=AXIS2_PLACEMENT_3D('',#3625,#2919,#2920);
#2355=AXIS2_PLACEMENT_3D('',#3628,#2923,#2924);
#2356=AXIS2_PLACEMENT_3D('',#3629,#2925,#2926);
#2357=AXIS2_PLACEMENT_3D('',#3630,#2927,#2928);
#2358=AXIS2_PLACEMENT_3D('',#3631,#2929,#2930);
#2359=AXIS2_PLACEMENT_3D('',#3632,#2931,#2932);
#2360=AXIS2_PLACEMENT_3D('',#3633,#2933,#2934);
#2361=AXIS2_PLACEMENT_3D('',#3634,#2935,#2936);
#2362=AXIS2_PLACEMENT_3D('',#3635,#2937,#2938);
#2363=AXIS2_PLACEMENT_3D('',#3636,#2939,#2940);
#2364=AXIS2_PLACEMENT_3D('',#3637,#2941,#2942);
#2365=AXIS2_PLACEMENT_3D('',#3640,#2945,#2946);
#2366=AXIS2_PLACEMENT_3D('',#3643,#2949,#2950);
#2367=AXIS2_PLACEMENT_3D('',#3646,#2953,#2954);
#2368=AXIS2_PLACEMENT_3D('',#3647,#2955,#2956);
#2369=AXIS2_PLACEMENT_3D('',#3649,#2957,#2958);
#2370=AXIS2_PLACEMENT_3D('',#3650,#2959,#2960);
#2371=AXIS2_PLACEMENT_3D('',#3651,#2961,#2962);
#2372=AXIS2_PLACEMENT_3D('',#3653,#2963,#2964);
#2373=AXIS2_PLACEMENT_3D('',#3654,#2965,#2966);
#2374=AXIS2_PLACEMENT_3D('',#3655,#2967,#2968);
#2375=AXIS2_PLACEMENT_3D('',#3657,#2969,#2970);
#2376=AXIS2_PLACEMENT_3D('',#3658,#2971,#2972);
#2377=AXIS2_PLACEMENT_3D('',#3659,#2973,#2974);
#2378=AXIS2_PLACEMENT_3D('',#3661,#2975,#2976);
#2379=AXIS2_PLACEMENT_3D('',#3662,#2977,#2978);
#2380=AXIS2_PLACEMENT_3D('',#3663,#2979,#2980);
#2381=AXIS2_PLACEMENT_3D('',#3665,#2981,#2982);
#2382=AXIS2_PLACEMENT_3D('',#3666,#2983,#2984);
#2383=AXIS2_PLACEMENT_3D('',#3667,#2985,#2986);
#2384=AXIS2_PLACEMENT_3D('',#3669,#2987,#2988);
#2385=AXIS2_PLACEMENT_3D('',#3670,#2989,#2990);
#2386=AXIS2_PLACEMENT_3D('',#3671,#2991,#2992);
#2387=AXIS2_PLACEMENT_3D('',#3673,#2993,#2994);
#2388=AXIS2_PLACEMENT_3D('',#3674,#2995,#2996);
#2389=AXIS2_PLACEMENT_3D('',#3675,#2997,#2998);
#2390=AXIS2_PLACEMENT_3D('',#3677,#2999,#3000);
#2391=AXIS2_PLACEMENT_3D('',#3678,#3001,#3002);
#2392=AXIS2_PLACEMENT_3D('',#3679,#3003,#3004);
#2393=AXIS2_PLACEMENT_3D('',#3681,#3005,#3006);
#2394=AXIS2_PLACEMENT_3D('',#3682,#3007,#3008);
#2395=AXIS2_PLACEMENT_3D('',#3683,#3009,#3010);
#2396=AXIS2_PLACEMENT_3D('',#3685,#3011,#3012);
#2397=AXIS2_PLACEMENT_3D('',#3686,#3013,#3014);
#2398=AXIS2_PLACEMENT_3D('',#3687,#3015,#3016);
#2399=AXIS2_PLACEMENT_3D('',#3689,#3017,#3018);
#2400=AXIS2_PLACEMENT_3D('',#3690,#3019,#3020);
#2401=AXIS2_PLACEMENT_3D('',#3692,#3022,#3023);
#2402=AXIS2_PLACEMENT_3D('',#3693,#3024,#3025);
#2403=AXIS2_PLACEMENT_3D('',#3697,#3028,#3029);
#2404=AXIS2_PLACEMENT_3D('',#3698,#3030,#3031);
#2405=AXIS2_PLACEMENT_3D('',#3703,#3035,#3036);
#2406=AXIS2_PLACEMENT_3D('',#3707,#3039,#3040);
#2407=AXIS2_PLACEMENT_3D('',#3709,#3042,#3043);
#2408=AXIS2_PLACEMENT_3D('',#3710,#3044,#3045);
#2409=AXIS2_PLACEMENT_3D('',#3711,#3046,#3047);
#2410=AXIS2_PLACEMENT_3D('',#3712,#3048,#3049);
#2411=AXIS2_PLACEMENT_3D('',#3713,#3050,#3051);
#2412=AXIS2_PLACEMENT_3D('',#3714,#3052,#3053);
#2413=AXIS2_PLACEMENT_3D('',#3715,#3054,#3055);
#2414=AXIS2_PLACEMENT_3D('',#3716,#3056,#3057);
#2415=AXIS2_PLACEMENT_3D('',#3717,#3058,#3059);
#2416=AXIS2_PLACEMENT_3D('',#3718,#3060,#3061);
#2417=AXIS2_PLACEMENT_3D('',#3721,#3064,#3065);
#2418=AXIS2_PLACEMENT_3D('',#3722,#3066,#3067);
#2419=AXIS2_PLACEMENT_3D('',#3723,#3068,#3069);
#2420=AXIS2_PLACEMENT_3D('',#3724,#3070,#3071);
#2421=AXIS2_PLACEMENT_3D('',#3726,#3072,#3073);
#2422=AXIS2_PLACEMENT_3D('',#3732,#3074,#3075);
#2423=AXIS2_PLACEMENT_3D('',#3733,#3076,#3077);
#2424=AXIS2_PLACEMENT_3D('',#3735,#3078,#3079);
#2425=AXIS2_PLACEMENT_3D('',#3741,#3080,#3081);
#2426=AXIS2_PLACEMENT_3D('',#3742,#3082,#3083);
#2427=AXIS2_PLACEMENT_3D('',#3744,#3084,#3085);
#2428=AXIS2_PLACEMENT_3D('',#3750,#3086,#3087);
#2429=AXIS2_PLACEMENT_3D('',#3751,#3088,#3089);
#2430=AXIS2_PLACEMENT_3D('',#3752,#3090,#3091);
#2431=AXIS2_PLACEMENT_3D('',#3753,#3092,#3093);
#2432=AXIS2_PLACEMENT_3D('',#3754,#3094,#3095);
#2433=AXIS2_PLACEMENT_3D('',#3755,#3096,#3097);
#2434=DIRECTION('',(0.,0.,1.));
#2435=DIRECTION('',(1.,0.,0.));
#2436=DIRECTION('',(-0.5,-0.866025403784439,4.33680868994202E-17));
#2437=DIRECTION('',(0.866025403784439,-0.5,0.));
#2438=DIRECTION('',(-0.5,-0.866025403784439,4.33680868994202E-17));
#2439=DIRECTION('',(0.866025403784439,-0.5,0.));
#2440=DIRECTION('',(0.5,0.866025403784439,-4.33680868994202E-17));
#2441=DIRECTION('',(-0.866025403784439,0.5,0.));
#2442=DIRECTION('',(-0.5,0.866025403784439,4.33680868994202E-17));
#2443=DIRECTION('',(-0.866025403784439,-0.5,0.));
#2444=DIRECTION('',(-0.5,0.866025403784439,4.33680868994202E-17));
#2445=DIRECTION('',(-0.866025403784439,-0.5,0.));
#2446=DIRECTION('',(0.5,-0.866025403784439,-4.33680868994202E-17));
#2447=DIRECTION('',(0.866025403784439,0.5,0.));
#2448=DIRECTION('',(1.,4.38245930773088E-16,4.33680868994202E-17));
#2449=DIRECTION('',(-4.38245930773088E-16,1.,0.));
#2450=DIRECTION('',(1.,4.38245930773088E-16,4.33680868994202E-17));
#2451=DIRECTION('',(-4.38245930773088E-16,1.,0.));
#2452=DIRECTION('',(-1.,-4.38245930773088E-16,-4.33680868994202E-17));
#2453=DIRECTION('',(4.38245930773088E-16,-1.,0.));
#2454=DIRECTION('',(0.,0.,1.));
#2455=DIRECTION('',(1.,0.,0.));
#2456=DIRECTION('',(0.,0.,-1.));
#2457=DIRECTION('',(-1.,0.,0.));
#2458=DIRECTION('',(0.,0.,-1.));
#2459=DIRECTION('',(-1.,0.,0.));
#2460=DIRECTION('',(0.,0.,-1.));
#2461=DIRECTION('',(-1.,0.,0.));
#2462=DIRECTION('',(0.,0.,-1.));
#2463=DIRECTION('',(-1.,0.,0.));
#2464=DIRECTION('',(0.,0.,-1.));
#2465=DIRECTION('',(-1.,0.,0.));
#2466=DIRECTION('',(0.,0.,-1.));
#2467=DIRECTION('',(-1.,0.,0.));
#2468=DIRECTION('',(0.,0.,-1.));
#2469=DIRECTION('',(-1.,0.,0.));
#2470=DIRECTION('',(-0.717545435363041,-0.696511699966098,0.));
#2471=DIRECTION('',(0.,0.,1.));
#2472=DIRECTION('',(1.,0.,0.));
#2473=DIRECTION('',(0.273156725410909,0.961969543885246,0.));
#2474=DIRECTION('',(0.,0.,1.));
#2475=DIRECTION('',(1.,0.,0.));
#2476=DIRECTION('',(-0.5,0.866025403784439,0.));
#2477=DIRECTION('',(0.,0.,1.));
#2478=DIRECTION('',(1.,0.,0.));
#2479=DIRECTION('',(1.,3.51116029236121E-16,0.));
#2480=DIRECTION('',(0.,0.,1.));
#2481=DIRECTION('',(1.,0.,0.));
#2482=DIRECTION('',(-0.273156725410909,0.961969543885247,0.));
#2483=DIRECTION('',(0.,0.,1.));
#2484=DIRECTION('',(1.,0.,0.));
#2485=DIRECTION('',(0.717545435363041,-0.696511699966098,0.));
#2486=DIRECTION('',(0.,0.,1.));
#2487=DIRECTION('',(1.,0.,0.));
#2488=DIRECTION('',(1.,3.51116029236121E-16,0.));
#2489=DIRECTION('',(0.,0.,1.));
#2490=DIRECTION('',(1.,0.,0.));
#2491=DIRECTION('',(-0.5,-0.866025403784439,0.));
#2492=DIRECTION('',(0.,0.,1.));
#2493=DIRECTION('',(1.,0.,0.));
#2494=DIRECTION('',(-0.866025403784439,-0.5,0.));
#2495=DIRECTION('',(-0.5,0.866025403784439,0.));
#2496=DIRECTION('',(-0.866025403784439,-0.5,0.));
#2497=DIRECTION('',(0.,0.,1.));
#2498=DIRECTION('',(1.,0.,0.));
#2499=DIRECTION('',(-0.5,0.866025403784439,0.));
#2500=DIRECTION('',(0.,0.,1.));
#2501=DIRECTION('',(1.,0.,0.));
#2502=DIRECTION('',(-0.5,-0.866025403784439,0.));
#2503=DIRECTION('',(0.,0.,1.));
#2504=DIRECTION('',(1.,0.,0.));
#2505=DIRECTION('',(0.866025403784439,-0.5,0.));
#2506=DIRECTION('',(-0.5,-0.866025403784439,0.));
#2507=DIRECTION('',(0.866025403784439,-0.5,0.));
#2508=DIRECTION('',(0.,0.,1.));
#2509=DIRECTION('',(1.,0.,0.));
#2510=DIRECTION('',(-0.5,-0.866025403784439,0.));
#2511=DIRECTION('',(0.,0.,1.));
#2512=DIRECTION('',(1.,0.,0.));
#2513=DIRECTION('',(1.,4.38245930773088E-16,0.));
#2514=DIRECTION('',(0.,0.,1.));
#2515=DIRECTION('',(1.,0.,0.));
#2516=DIRECTION('',(-4.38245930773088E-16,1.,0.));
#2517=DIRECTION('',(1.,4.38245930773088E-16,0.));
#2518=DIRECTION('',(-4.38245930773088E-16,1.,0.));
#2519=DIRECTION('',(0.,0.,1.));
#2520=DIRECTION('',(1.,0.,0.));
#2521=DIRECTION('',(1.,4.38245930773088E-16,0.));
#2522=DIRECTION('',(0.,0.,1.));
#2523=DIRECTION('',(1.,0.,0.));
#2524=DIRECTION('',(-0.5,0.866025403784439,0.));
#2525=DIRECTION('',(0.,0.,1.));
#2526=DIRECTION('',(1.,0.,0.));
#2527=DIRECTION('',(-0.965925826289068,0.258819045102521,0.));
#2528=DIRECTION('',(0.,0.,1.));
#2529=DIRECTION('',(1.,0.,0.));
#2530=DIRECTION('',(-0.965925826289068,-0.258819045102521,0.));
#2531=DIRECTION('',(0.,0.,1.));
#2532=DIRECTION('',(1.,0.,0.));
#2533=DIRECTION('',(-0.5,-0.866025403784439,0.));
#2534=DIRECTION('',(0.,0.,1.));
#2535=DIRECTION('',(1.,0.,0.));
#2536=DIRECTION('',(-0.5,0.866025403784439,0.));
#2537=DIRECTION('',(0.,0.,1.));
#2538=DIRECTION('',(1.,0.,0.));
#2539=DIRECTION('',(0.,0.,1.));
#2540=DIRECTION('',(1.,0.,0.));
#2541=DIRECTION('',(1.,-1.341834371888E-16,0.));
#2542=DIRECTION('',(0.,0.,1.));
#2543=DIRECTION('',(1.,0.,0.));
#2544=DIRECTION('',(0.,1.,0.));
#2545=DIRECTION('',(0.,0.,1.));
#2546=DIRECTION('',(1.,0.,0.));
#2547=DIRECTION('',(-1.,1.341834371888E-16,0.));
#2548=DIRECTION('',(0.,0.,1.));
#2549=DIRECTION('',(1.,0.,0.));
#2550=DIRECTION('',(0.,1.,0.));
#2551=DIRECTION('',(1.,-3.69090101271661E-16,0.));
#2552=DIRECTION('',(3.69090101271661E-16,1.,0.));
#2553=DIRECTION('',(0.,0.,-1.));
#2554=DIRECTION('',(-3.69090101271661E-16,-1.,0.));
#2555=DIRECTION('',(0.,0.,-1.));
#2556=DIRECTION('',(-3.69090101271661E-16,-1.,0.));
#2557=DIRECTION('',(0.,0.,-1.));
#2558=DIRECTION('',(-1.,0.,0.));
#2559=DIRECTION('',(0.,0.,-1.));
#2560=DIRECTION('',(-1.,0.,0.));
#2561=DIRECTION('',(0.,0.,-1.));
#2562=DIRECTION('',(0.,0.,1.));
#2563=DIRECTION('',(0.,0.,1.));
#2564=DIRECTION('',(1.,0.,0.));
#2565=DIRECTION('',(0.,0.,-1.));
#2566=DIRECTION('',(-1.,0.,0.));
#2567=DIRECTION('',(0.,0.,-1.));
#2568=DIRECTION('',(1.,0.,0.));
#2569=DIRECTION('',(0.,0.,-1.));
#2570=DIRECTION('',(0.,-1.,0.));
#2571=DIRECTION('',(0.,0.,-1.));
#2572=DIRECTION('',(0.,-1.,0.));
#2573=DIRECTION('',(0.,0.,-1.));
#2574=DIRECTION('',(0.,0.,1.));
#2575=DIRECTION('',(1.,0.,0.));
#2576=DIRECTION('',(-0.866025403784439,-0.5,0.));
#2577=DIRECTION('',(-0.5,0.866025403784439,0.));
#2578=DIRECTION('',(-0.866025403784439,-0.5,0.));
#2579=DIRECTION('',(0.,0.,1.));
#2580=DIRECTION('',(1.,0.,0.));
#2581=DIRECTION('',(-0.5,0.866025403784439,0.));
#2582=DIRECTION('',(0.,0.,1.));
#2583=DIRECTION('',(1.,0.,0.));
#2584=DIRECTION('',(1.,4.38245930773088E-16,0.));
#2585=DIRECTION('',(0.,0.,1.));
#2586=DIRECTION('',(1.,0.,0.));
#2587=DIRECTION('',(-4.38245930773088E-16,1.,0.));
#2588=DIRECTION('',(1.,4.38245930773088E-16,0.));
#2589=DIRECTION('',(-4.38245930773088E-16,1.,0.));
#2590=DIRECTION('',(0.,0.,1.));
#2591=DIRECTION('',(1.,0.,0.));
#2592=DIRECTION('',(1.,4.38245930773088E-16,0.));
#2593=DIRECTION('',(0.,0.,1.));
#2594=DIRECTION('',(1.,0.,0.));
#2595=DIRECTION('',(-0.5,-0.866025403784439,0.));
#2596=DIRECTION('',(0.,0.,1.));
#2597=DIRECTION('',(1.,0.,0.));
#2598=DIRECTION('',(0.866025403784439,-0.5,0.));
#2599=DIRECTION('',(-0.5,-0.866025403784439,0.));
#2600=DIRECTION('',(0.866025403784439,-0.5,0.));
#2601=DIRECTION('',(0.,0.,1.));
#2602=DIRECTION('',(1.,0.,0.));
#2603=DIRECTION('',(-0.5,-0.866025403784439,0.));
#2604=DIRECTION('',(0.,0.,1.));
#2605=DIRECTION('',(1.,0.,0.));
#2606=DIRECTION('',(-0.5,0.866025403784439,0.));
#2607=DIRECTION('',(0.,0.,1.));
#2608=DIRECTION('',(1.,0.,0.));
#2609=DIRECTION('',(0.717545435363041,-0.696511699966098,0.));
#2610=DIRECTION('',(0.,0.,1.));
#2611=DIRECTION('',(1.,0.,0.));
#2612=DIRECTION('',(-0.273156725410909,0.961969543885246,0.));
#2613=DIRECTION('',(0.,0.,1.));
#2614=DIRECTION('',(1.,0.,0.));
#2615=DIRECTION('',(-0.5,-0.866025403784439,0.));
#2616=DIRECTION('',(0.,0.,1.));
#2617=DIRECTION('',(1.,0.,0.));
#2618=DIRECTION('',(1.,3.51116029236121E-16,0.));
#2619=DIRECTION('',(0.,0.,1.));
#2620=DIRECTION('',(1.,0.,0.));
#2621=DIRECTION('',(0.273156725410909,0.961969543885246,0.));
#2622=DIRECTION('',(0.,0.,1.));
#2623=DIRECTION('',(1.,0.,0.));
#2624=DIRECTION('',(-0.717545435363041,-0.696511699966098,0.));
#2625=DIRECTION('',(0.,0.,1.));
#2626=DIRECTION('',(1.,0.,0.));
#2627=DIRECTION('',(1.,3.51116029236121E-16,0.));
#2628=DIRECTION('',(0.,0.,1.));
#2629=DIRECTION('',(1.,0.,0.));
#2630=DIRECTION('',(-0.5,0.866025403784439,0.));
#2631=DIRECTION('',(0.,0.,1.));
#2632=DIRECTION('',(1.,0.,0.));
#2633=DIRECTION('',(-0.965925826289069,-0.258819045102521,0.));
#2634=DIRECTION('',(0.,0.,1.));
#2635=DIRECTION('',(1.,0.,0.));
#2636=DIRECTION('',(-0.965925826289068,0.258819045102521,0.));
#2637=DIRECTION('',(0.,0.,1.));
#2638=DIRECTION('',(1.,0.,0.));
#2639=DIRECTION('',(-0.5,0.866025403784439,0.));
#2640=DIRECTION('',(0.,0.,1.));
#2641=DIRECTION('',(1.,0.,0.));
#2642=DIRECTION('',(-0.5,-0.866025403784439,0.));
#2643=DIRECTION('',(0.,0.,1.));
#2644=DIRECTION('',(1.,0.,0.));
#2645=DIRECTION('',(0.,0.,1.));
#2646=DIRECTION('',(1.,0.,0.));
#2647=DIRECTION('',(0.,0.,1.));
#2648=DIRECTION('',(1.,0.,0.));
#2649=DIRECTION('',(0.,0.,1.));
#2650=DIRECTION('',(1.,0.,0.));
#2651=DIRECTION('',(0.,0.,1.));
#2652=DIRECTION('',(-1.,0.,0.));
#2653=DIRECTION('',(0.,0.,1.));
#2654=DIRECTION('',(1.,0.,0.));
#2655=DIRECTION('',(1.7347234759768E-16,1.,0.));
#2656=DIRECTION('',(0.,0.,1.));
#2657=DIRECTION('',(1.,0.,0.));
#2658=DIRECTION('',(-1.,0.,0.));
#2659=DIRECTION('',(0.,0.,1.));
#2660=DIRECTION('',(1.,0.,0.));
#2661=DIRECTION('',(1.7347234759768E-16,1.,0.));
#2662=DIRECTION('',(0.,0.,1.));
#2663=DIRECTION('',(1.,0.,0.));
#2664=DIRECTION('',(0.,0.,-1.));
#2665=DIRECTION('',(-1.,0.,0.));
#2666=DIRECTION('',(0.,-1.,0.));
#2667=DIRECTION('',(0.,0.,1.));
#2668=DIRECTION('',(1.,0.,0.));
#2669=DIRECTION('',(1.7347234759768E-16,1.,0.));
#2670=DIRECTION('',(0.,0.,1.));
#2671=DIRECTION('',(1.,0.,0.));
#2672=DIRECTION('',(-1.,0.,0.));
#2673=DIRECTION('',(0.,0.,1.));
#2674=DIRECTION('',(1.,0.,0.));
#2675=DIRECTION('',(1.7347234759768E-16,1.,0.));
#2676=DIRECTION('',(0.,0.,1.));
#2677=DIRECTION('',(1.,0.,0.));
#2678=DIRECTION('',(0.,0.,1.));
#2679=DIRECTION('',(-1.,0.,0.));
#2680=DIRECTION('',(0.,-1.,0.));
#2681=DIRECTION('',(-1.,1.7347234759768E-16,0.));
#2682=DIRECTION('',(-1.7347234759768E-16,-1.,0.));
#2683=DIRECTION('',(0.,0.,1.));
#2684=DIRECTION('',(1.7347234759768E-16,1.,0.));
#2685=DIRECTION('',(0.,0.,-1.));
#2686=DIRECTION('',(-1.,1.7347234759768E-16,0.));
#2687=DIRECTION('',(-1.7347234759768E-16,-1.,0.));
#2688=DIRECTION('',(1.7347234759768E-16,1.,0.));
#2689=DIRECTION('',(0.,0.,1.));
#2690=DIRECTION('',(0.,0.,-1.));
#2691=DIRECTION('',(-1.,1.7347234759768E-16,0.));
#2692=DIRECTION('',(-1.7347234759768E-16,-1.,0.));
#2693=DIRECTION('',(0.,0.,1.));
#2694=DIRECTION('',(1.7347234759768E-16,1.,0.));
#2695=DIRECTION('',(0.,0.,-1.));
#2696=DIRECTION('',(0.,0.,-1.));
#2697=DIRECTION('',(1.,0.,0.));
#2698=DIRECTION('',(0.,0.,-1.));
#2699=DIRECTION('',(-1.,0.,0.));
#2700=DIRECTION('',(0.,0.,-1.));
#2701=DIRECTION('',(-1.,0.,0.));
#2702=DIRECTION('',(0.,0.,-1.));
#2703=DIRECTION('',(-1.,0.,0.));
#2704=DIRECTION('',(0.,0.,-1.));
#2705=DIRECTION('',(-1.,0.,0.));
#2706=DIRECTION('',(-1.,0.,0.));
#2707=DIRECTION('',(0.,0.,-1.));
#2708=DIRECTION('',(-1.,0.,0.));
#2709=DIRECTION('',(0.,0.,-1.));
#2710=DIRECTION('',(-1.,0.,0.));
#2711=DIRECTION('',(0.,0.,-1.));
#2712=DIRECTION('',(-1.,0.,0.));
#2713=DIRECTION('',(0.,0.,-1.));
#2714=DIRECTION('',(-1.,0.,0.));
#2715=DIRECTION('',(1.7347234759768E-16,1.,0.));
#2716=DIRECTION('',(0.,0.,-1.));
#2717=DIRECTION('',(-1.,0.,0.));
#2718=DIRECTION('',(-1.,0.,0.));
#2719=DIRECTION('',(0.,0.,-1.));
#2720=DIRECTION('',(-1.,0.,0.));
#2721=DIRECTION('',(0.,0.,-1.));
#2722=DIRECTION('',(-1.,0.,0.));
#2723=DIRECTION('',(0.,0.,-1.));
#2724=DIRECTION('',(-1.,0.,0.));
#2725=DIRECTION('',(0.,0.,-1.));
#2726=DIRECTION('',(-1.,0.,0.));
#2727=DIRECTION('',(0.,0.,-1.));
#2728=DIRECTION('',(-1.,0.,0.));
#2729=DIRECTION('',(0.,0.,-1.));
#2730=DIRECTION('',(-1.,0.,0.));
#2731=DIRECTION('',(0.866025403784439,-0.5,0.));
#2732=DIRECTION('',(0.5,0.866025403784439,0.));
#2733=DIRECTION('',(-2.16840434497101E-17,-3.7557864968429E-17,-1.));
#2734=DIRECTION('',(0.,0.,-1.));
#2735=DIRECTION('',(-0.866025403784439,-0.5,0.));
#2736=DIRECTION('',(0.5,-0.866025403784439,0.));
#2737=DIRECTION('',(-2.16840434497101E-17,3.7557864968429E-17,-1.));
#2738=DIRECTION('',(0.,0.,-1.));
#2739=DIRECTION('',(-4.38245930773088E-16,1.,0.));
#2740=DIRECTION('',(-1.,-4.38245930773088E-16,0.));
#2741=DIRECTION('',(4.33680868994202E-17,1.90058876090845E-32,-1.));
#2742=DIRECTION('',(0.,0.,-1.));
#2743=DIRECTION('',(-4.38245930773088E-16,1.,0.));
#2744=DIRECTION('',(-1.,-4.38245930773088E-16,0.));
#2745=DIRECTION('',(4.33680868994202E-17,1.90058876090845E-32,-1.));
#2746=DIRECTION('',(0.,0.,-1.));
#2747=DIRECTION('',(-0.866025403784439,-0.5,0.));
#2748=DIRECTION('',(0.5,-0.866025403784439,0.));
#2749=DIRECTION('',(-2.16840434497101E-17,3.7557864968429E-17,-1.));
#2750=DIRECTION('',(0.,0.,-1.));
#2751=DIRECTION('',(0.866025403784439,-0.5,0.));
#2752=DIRECTION('',(0.5,0.866025403784439,0.));
#2753=DIRECTION('',(-2.16840434497101E-17,-3.7557864968429E-17,-1.));
#2754=DIRECTION('',(0.,0.,-1.));
#2755=DIRECTION('',(1.,4.38245930773088E-16,4.33680868994202E-17));
#2756=DIRECTION('',(-4.38245930773088E-16,1.,0.));
#2757=DIRECTION('',(4.33680868994202E-17,1.90058876090845E-32,-1.));
#2758=DIRECTION('',(-1.,-4.38245930773088E-16,-4.33680868994202E-17));
#2759=DIRECTION('',(4.38245930773088E-16,-1.,0.));
#2760=DIRECTION('',(4.33680868994202E-17,1.90058876090845E-32,-1.));
#2761=DIRECTION('',(1.,4.38245930773088E-16,4.33680868994202E-17));
#2762=DIRECTION('',(-4.38245930773088E-16,1.,0.));
#2763=DIRECTION('',(4.33680868994202E-17,1.90058876090845E-32,-1.));
#2764=DIRECTION('',(1.,4.38245930773088E-16,4.33680868994202E-17));
#2765=DIRECTION('',(-4.38245930773088E-16,1.,0.));
#2766=DIRECTION('',(1.,4.38245930773088E-16,4.33680868994202E-17));
#2767=DIRECTION('',(-4.38245930773088E-16,1.,0.));
#2768=DIRECTION('',(4.33680868994202E-17,1.90058876090845E-32,-1.));
#2769=DIRECTION('',(1.,4.38245930773088E-16,4.33680868994202E-17));
#2770=DIRECTION('',(-4.38245930773088E-16,1.,0.));
#2771=DIRECTION('',(4.33680868994202E-17,1.90058876090845E-32,-1.));
#2772=DIRECTION('',(1.,4.38245930773088E-16,4.33680868994202E-17));
#2773=DIRECTION('',(-4.38245930773088E-16,1.,0.));
#2774=DIRECTION('',(4.33680868994202E-17,1.90058876090845E-32,-1.));
#2775=DIRECTION('',(1.,4.38245930773088E-16,4.33680868994202E-17));
#2776=DIRECTION('',(-4.38245930773088E-16,1.,0.));
#2777=DIRECTION('',(4.38245930773088E-16,-1.,0.));
#2778=DIRECTION('',(1.,4.38245930773088E-16,0.));
#2779=DIRECTION('',(1.,4.38245930773088E-16,0.));
#2780=DIRECTION('',(1.,4.38245930773088E-16,0.));
#2781=DIRECTION('',(1.,4.38245930773088E-16,4.33680868994202E-17));
#2782=DIRECTION('',(-4.38245930773088E-16,1.,0.));
#2783=DIRECTION('',(1.,4.38245930773088E-16,4.33680868994202E-17));
#2784=DIRECTION('',(-4.38245930773088E-16,1.,0.));
#2785=DIRECTION('',(1.,4.38245930773088E-16,4.33680868994202E-17));
#2786=DIRECTION('',(-4.38245930773088E-16,1.,-1.90058876090845E-32));
#2787=DIRECTION('',(-0.5,0.866025403784439,4.33680868994202E-17));
#2788=DIRECTION('',(-0.866025403784439,-0.5,0.));
#2789=DIRECTION('',(-2.16840434497101E-17,3.7557864968429E-17,-1.));
#2790=DIRECTION('',(0.5,-0.866025403784439,-4.33680868994202E-17));
#2791=DIRECTION('',(0.866025403784439,0.5,0.));
#2792=DIRECTION('',(-2.16840434497101E-17,3.7557864968429E-17,-1.));
#2793=DIRECTION('',(-0.5,0.866025403784439,4.33680868994202E-17));
#2794=DIRECTION('',(-0.866025403784439,-0.5,0.));
#2795=DIRECTION('',(-2.16840434497101E-17,3.7557864968429E-17,-1.));
#2796=DIRECTION('',(-0.5,0.866025403784439,4.33680868994202E-17));
#2797=DIRECTION('',(-0.866025403784439,-0.5,0.));
#2798=DIRECTION('',(-0.5,0.866025403784439,4.33680868994202E-17));
#2799=DIRECTION('',(-0.866025403784439,-0.5,0.));
#2800=DIRECTION('',(-2.16840434497101E-17,3.7557864968429E-17,-1.));
#2801=DIRECTION('',(-0.5,0.866025403784439,4.33680868994202E-17));
#2802=DIRECTION('',(-0.866025403784439,-0.5,0.));
#2803=DIRECTION('',(-2.16840434497101E-17,3.7557864968429E-17,-1.));
#2804=DIRECTION('',(-0.5,0.866025403784439,4.33680868994202E-17));
#2805=DIRECTION('',(-0.866025403784439,-0.5,0.));
#2806=DIRECTION('',(-2.16840434497101E-17,3.7557864968429E-17,-1.));
#2807=DIRECTION('',(-0.5,0.866025403784439,4.33680868994202E-17));
#2808=DIRECTION('',(-0.866025403784439,-0.5,0.));
#2809=DIRECTION('',(0.866025403784439,0.5,0.));
#2810=DIRECTION('',(-0.5,0.866025403784439,0.));
#2811=DIRECTION('',(-0.5,0.866025403784439,0.));
#2812=DIRECTION('',(-0.5,0.866025403784439,0.));
#2813=DIRECTION('',(-0.5,0.866025403784439,4.33680868994202E-17));
#2814=DIRECTION('',(-0.866025403784439,-0.5,0.));
#2815=DIRECTION('',(-0.5,0.866025403784439,4.33680868994202E-17));
#2816=DIRECTION('',(-0.866025403784439,-0.5,0.));
#2817=DIRECTION('',(-0.5,0.866025403784439,4.33680868994202E-17));
#2818=DIRECTION('',(-0.866025403784439,-0.5,-1.90058876090845E-32));
#2819=DIRECTION('',(-0.5,-0.866025403784439,4.33680868994202E-17));
#2820=DIRECTION('',(0.866025403784439,-0.5,0.));
#2821=DIRECTION('',(-2.16840434497101E-17,-3.7557864968429E-17,-1.));
#2822=DIRECTION('',(0.5,0.866025403784439,-4.33680868994202E-17));
#2823=DIRECTION('',(-0.866025403784439,0.5,0.));
#2824=DIRECTION('',(-2.16840434497101E-17,-3.7557864968429E-17,-1.));
#2825=DIRECTION('',(-0.5,-0.866025403784439,4.33680868994202E-17));
#2826=DIRECTION('',(0.866025403784439,-0.5,0.));
#2827=DIRECTION('',(-2.16840434497101E-17,-3.7557864968429E-17,-1.));
#2828=DIRECTION('',(-0.5,-0.866025403784439,4.33680868994202E-17));
#2829=DIRECTION('',(0.866025403784439,-0.5,0.));
#2830=DIRECTION('',(-0.5,-0.866025403784439,4.33680868994202E-17));
#2831=DIRECTION('',(0.866025403784439,-0.5,0.));
#2832=DIRECTION('',(-2.16840434497101E-17,-3.7557864968429E-17,-1.));
#2833=DIRECTION('',(-0.5,-0.866025403784439,4.33680868994202E-17));
#2834=DIRECTION('',(0.866025403784439,-0.5,0.));
#2835=DIRECTION('',(-2.16840434497101E-17,-3.7557864968429E-17,-1.));
#2836=DIRECTION('',(-0.5,-0.866025403784439,4.33680868994202E-17));
#2837=DIRECTION('',(0.866025403784439,-0.5,0.));
#2838=DIRECTION('',(-2.16840434497101E-17,-3.7557864968429E-17,-1.));
#2839=DIRECTION('',(-0.5,-0.866025403784439,4.33680868994202E-17));
#2840=DIRECTION('',(0.866025403784439,-0.5,0.));
#2841=DIRECTION('',(-0.866025403784439,0.5,0.));
#2842=DIRECTION('',(-0.5,-0.866025403784439,0.));
#2843=DIRECTION('',(-0.5,-0.866025403784439,0.));
#2844=DIRECTION('',(-0.5,-0.866025403784439,0.));
#2845=DIRECTION('',(-0.5,-0.866025403784439,4.33680868994202E-17));
#2846=DIRECTION('',(0.866025403784439,-0.5,0.));
#2847=DIRECTION('',(-0.5,-0.866025403784439,4.33680868994202E-17));
#2848=DIRECTION('',(0.866025403784439,-0.5,0.));
#2849=DIRECTION('',(-0.5,-0.866025403784439,4.33680868994202E-17));
#2850=DIRECTION('',(0.866025403784439,-0.5,-1.90058876090845E-32));
#2851=DIRECTION('',(0.5,-0.866025403784439,0.));
#2852=DIRECTION('',(0.866025403784439,0.5,0.));
#2853=DIRECTION('',(-0.5,0.866025403784439,0.));
#2854=DIRECTION('',(-0.866025403784439,-0.5,0.));
#2855=DIRECTION('',(-1.,-4.38245930773088E-16,0.));
#2856=DIRECTION('',(4.38245930773088E-16,-1.,0.));
#2857=DIRECTION('',(1.,4.38245930773088E-16,0.));
#2858=DIRECTION('',(-4.38245930773088E-16,1.,0.));
#2859=DIRECTION('',(0.5,0.866025403784439,0.));
#2860=DIRECTION('',(-0.866025403784439,0.5,0.));
#2861=DIRECTION('',(-0.5,-0.866025403784439,0.));
#2862=DIRECTION('',(0.866025403784439,-0.5,0.));
#2863=DIRECTION('',(0.,0.,-1.));
#2864=DIRECTION('',(-1.,0.,0.));
#2865=DIRECTION('',(0.,0.,-1.));
#2866=DIRECTION('',(-1.,0.,0.));
#2867=DIRECTION('',(0.,0.,-1.));
#2868=DIRECTION('',(-1.,0.,0.));
#2869=DIRECTION('',(-0.866025403784439,0.5,0.));
#2870=DIRECTION('',(-0.5,-0.866025403784439,0.));
#2871=DIRECTION('',(0.,0.,1.));
#2872=DIRECTION('',(0.,0.,1.));
#2873=DIRECTION('',(0.,0.,1.));
#2874=DIRECTION('',(1.,0.,0.));
#2875=DIRECTION('',(0.,0.,1.));
#2876=DIRECTION('',(3.51116029236121E-16,-1.,0.));
#2877=DIRECTION('',(1.,3.51116029236121E-16,0.));
#2878=DIRECTION('',(0.,0.,1.));
#2879=DIRECTION('',(-0.696511699966098,-0.717545435363041,0.));
#2880=DIRECTION('',(0.717545435363041,-0.696511699966098,0.));
#2881=DIRECTION('',(0.,0.,1.));
#2882=DIRECTION('',(0.,0.,1.));
#2883=DIRECTION('',(0.961969543885246,0.273156725410909,0.));
#2884=DIRECTION('',(-0.273156725410909,0.961969543885246,0.));
#2885=DIRECTION('',(0.,0.,1.));
#2886=DIRECTION('',(0.,0.,1.));
#2887=DIRECTION('',(-0.696511699966098,0.717545435363041,0.));
#2888=DIRECTION('',(-0.717545435363041,-0.696511699966098,0.));
#2889=DIRECTION('',(0.,0.,1.));
#2890=DIRECTION('',(0.,0.,1.));
#2891=DIRECTION('',(3.51116029236121E-16,-1.,0.));
#2892=DIRECTION('',(1.,3.51116029236121E-16,0.));
#2893=DIRECTION('',(0.,0.,1.));
#2894=DIRECTION('',(0.,0.,1.));
#2895=DIRECTION('',(0.,0.,1.));
#2896=DIRECTION('',(1.,0.,0.));
#2897=DIRECTION('',(0.,0.,1.));
#2898=DIRECTION('',(0.866025403784439,0.5,0.));
#2899=DIRECTION('',(-0.5,0.866025403784439,0.));
#2900=DIRECTION('',(0.,0.,1.));
#2901=DIRECTION('',(0.961969543885246,-0.273156725410909,0.));
#2902=DIRECTION('',(0.273156725410909,0.961969543885246,0.));
#2903=DIRECTION('',(0.,0.,1.));
#2904=DIRECTION('',(0.,0.,1.));
#2905=DIRECTION('',(0.258819045102521,0.965925826289068,0.));
#2906=DIRECTION('',(-0.965925826289068,0.258819045102521,0.));
#2907=DIRECTION('',(0.,0.,1.));
#2908=DIRECTION('',(0.,0.,1.));
#2909=DIRECTION('',(0.866025403784439,0.5,0.));
#2910=DIRECTION('',(-0.5,0.866025403784439,0.));
#2911=DIRECTION('',(0.,0.,1.));
#2912=DIRECTION('',(0.,0.,1.));
#2913=DIRECTION('',(0.,0.,1.));
#2914=DIRECTION('',(1.,0.,0.));
#2915=DIRECTION('',(0.,0.,1.));
#2916=DIRECTION('',(-0.866025403784439,0.5,0.));
#2917=DIRECTION('',(-0.5,-0.866025403784439,0.));
#2918=DIRECTION('',(0.,0.,1.));
#2919=DIRECTION('',(-0.258819045102521,0.965925826289068,0.));
#2920=DIRECTION('',(-0.965925826289069,-0.258819045102521,0.));
#2921=DIRECTION('',(0.,0.,1.));
#2922=DIRECTION('',(0.,0.,1.));
#2923=DIRECTION('',(0.,0.,-1.));
#2924=DIRECTION('',(-1.,0.,0.));
#2925=DIRECTION('',(0.,0.,-1.));
#2926=DIRECTION('',(-1.,0.,0.));
#2927=DIRECTION('',(0.,0.,1.));
#2928=DIRECTION('',(1.,0.,0.));
#2929=DIRECTION('',(0.,0.,1.));
#2930=DIRECTION('',(1.,0.,0.));
#2931=DIRECTION('',(0.,0.,1.));
#2932=DIRECTION('',(1.,0.,0.));
#2933=DIRECTION('',(0.,0.,-1.));
#2934=DIRECTION('',(-1.,0.,0.));
#2935=DIRECTION('',(0.,0.,1.));
#2936=DIRECTION('',(1.,0.,0.));
#2937=DIRECTION('',(0.,0.,1.));
#2938=DIRECTION('',(1.,0.,0.));
#2939=DIRECTION('',(0.,0.,-1.));
#2940=DIRECTION('',(-1.,0.,0.));
#2941=DIRECTION('',(-1.,1.7347234759768E-16,0.));
#2942=DIRECTION('',(-1.7347234759768E-16,-1.,0.));
#2943=DIRECTION('',(0.,0.,1.));
#2944=DIRECTION('',(0.,0.,-1.));
#2945=DIRECTION('',(0.,-1.,0.));
#2946=DIRECTION('',(0.,0.,-1.));
#2947=DIRECTION('',(0.,0.,-1.));
#2948=DIRECTION('',(0.,0.,-1.));
#2949=DIRECTION('',(0.,-1.,0.));
#2950=DIRECTION('',(0.,0.,-1.));
#2951=DIRECTION('',(0.,0.,-1.));
#2952=DIRECTION('',(0.,0.,-1.));
#2953=DIRECTION('',(0.,0.,-1.));
#2954=DIRECTION('',(-1.,0.,0.));
#2955=DIRECTION('',(0.,0.,-1.));
#2956=DIRECTION('',(-1.,0.,0.));
#2957=DIRECTION('',(0.,0.,-1.));
#2958=DIRECTION('',(1.,0.,0.));
#2959=DIRECTION('',(0.,0.,-1.));
#2960=DIRECTION('',(-1.,0.,0.));
#2961=DIRECTION('',(0.,0.,-1.));
#2962=DIRECTION('',(-1.,0.,0.));
#2963=DIRECTION('',(0.,0.,-1.));
#2964=DIRECTION('',(1.,0.,0.));
#2965=DIRECTION('',(0.,0.,-1.));
#2966=DIRECTION('',(-1.,0.,0.));
#2967=DIRECTION('',(0.,0.,-1.));
#2968=DIRECTION('',(-1.,0.,0.));
#2969=DIRECTION('',(0.,0.,-1.));
#2970=DIRECTION('',(1.,0.,0.));
#2971=DIRECTION('',(0.,0.,-1.));
#2972=DIRECTION('',(-1.,0.,0.));
#2973=DIRECTION('',(0.,0.,-1.));
#2974=DIRECTION('',(-1.,0.,0.));
#2975=DIRECTION('',(0.,0.,-1.));
#2976=DIRECTION('',(1.,0.,0.));
#2977=DIRECTION('',(0.,0.,1.));
#2978=DIRECTION('',(1.,0.,0.));
#2979=DIRECTION('',(0.,0.,-1.));
#2980=DIRECTION('',(-1.,0.,0.));
#2981=DIRECTION('',(0.,0.,-1.));
#2982=DIRECTION('',(-1.,0.,0.));
#2983=DIRECTION('',(0.,0.,1.));
#2984=DIRECTION('',(1.,0.,0.));
#2985=DIRECTION('',(0.,0.,-1.));
#2986=DIRECTION('',(-1.,0.,0.));
#2987=DIRECTION('',(0.,0.,-1.));
#2988=DIRECTION('',(-1.,0.,0.));
#2989=DIRECTION('',(0.,0.,1.));
#2990=DIRECTION('',(1.,0.,0.));
#2991=DIRECTION('',(0.,0.,-1.));
#2992=DIRECTION('',(-1.,0.,0.));
#2993=DIRECTION('',(0.,0.,-1.));
#2994=DIRECTION('',(-1.,0.,0.));
#2995=DIRECTION('',(0.,0.,1.));
#2996=DIRECTION('',(1.,0.,0.));
#2997=DIRECTION('',(0.,0.,-1.));
#2998=DIRECTION('',(-1.,0.,0.));
#2999=DIRECTION('',(0.,0.,-1.));
#3000=DIRECTION('',(-1.,0.,0.));
#3001=DIRECTION('',(0.,0.,-1.));
#3002=DIRECTION('',(-1.,0.,0.));
#3003=DIRECTION('',(0.,0.,-1.));
#3004=DIRECTION('',(-1.,0.,0.));
#3005=DIRECTION('',(0.,0.,1.));
#3006=DIRECTION('',(1.,0.,0.));
#3007=DIRECTION('',(0.,0.,-1.));
#3008=DIRECTION('',(-1.,0.,0.));
#3009=DIRECTION('',(0.,0.,-1.));
#3010=DIRECTION('',(-1.,0.,0.));
#3011=DIRECTION('',(0.,0.,1.));
#3012=DIRECTION('',(1.,0.,0.));
#3013=DIRECTION('',(0.,0.,-1.));
#3014=DIRECTION('',(-1.,0.,0.));
#3015=DIRECTION('',(0.,0.,-1.));
#3016=DIRECTION('',(-1.,0.,0.));
#3017=DIRECTION('',(0.,0.,1.));
#3018=DIRECTION('',(1.,0.,0.));
#3019=DIRECTION('',(1.,0.,0.));
#3020=DIRECTION('',(0.,0.,-1.));
#3021=DIRECTION('',(0.,0.,-1.));
#3022=DIRECTION('',(0.,0.,-1.));
#3023=DIRECTION('',(-1.,0.,0.));
#3024=DIRECTION('',(0.,0.,1.));
#3025=DIRECTION('',(1.,0.,0.));
#3026=DIRECTION('',(0.,0.,1.));
#3027=DIRECTION('',(0.,0.,-1.));
#3028=DIRECTION('',(0.,0.,-1.));
#3029=DIRECTION('',(-1.,0.,0.));
#3030=DIRECTION('',(0.,0.,1.));
#3031=DIRECTION('',(1.,0.,0.));
#3032=DIRECTION('',(0.,0.,1.));
#3033=DIRECTION('',(0.,0.,-1.));
#3034=DIRECTION('',(0.,0.,-1.));
#3035=DIRECTION('',(0.,0.,-1.));
#3036=DIRECTION('',(-1.,0.,0.));
#3037=DIRECTION('',(0.,0.,-1.));
#3038=DIRECTION('',(0.,0.,1.));
#3039=DIRECTION('',(0.,0.,1.));
#3040=DIRECTION('',(1.,0.,0.));
#3041=DIRECTION('',(0.,0.,-1.));
#3042=DIRECTION('',(1.,0.,0.));
#3043=DIRECTION('',(0.,0.,-1.));
#3044=DIRECTION('',(0.,0.,-1.));
#3045=DIRECTION('',(-1.,0.,0.));
#3046=DIRECTION('',(0.,0.,-1.));
#3047=DIRECTION('',(-1.,0.,0.));
#3048=DIRECTION('',(0.,0.,-1.));
#3049=DIRECTION('',(-1.,0.,0.));
#3050=DIRECTION('',(0.,0.,-1.));
#3051=DIRECTION('',(-1.,0.,0.));
#3052=DIRECTION('',(0.,0.,1.));
#3053=DIRECTION('',(1.,0.,0.));
#3054=DIRECTION('',(0.,0.,-1.));
#3055=DIRECTION('',(-1.,0.,0.));
#3056=DIRECTION('',(0.,0.,1.));
#3057=DIRECTION('',(1.,0.,0.));
#3058=DIRECTION('',(0.,0.,-1.));
#3059=DIRECTION('',(-1.,0.,0.));
#3060=DIRECTION('',(0.,0.,1.));
#3061=DIRECTION('',(1.,0.,0.));
#3062=DIRECTION('',(1.,-1.341834371888E-16,0.));
#3063=DIRECTION('',(-1.,1.341834371888E-16,0.));
#3064=DIRECTION('',(-1.341834371888E-16,-1.,0.));
#3065=DIRECTION('',(1.,-1.341834371888E-16,0.));
#3066=DIRECTION('',(1.341834371888E-16,1.,0.));
#3067=DIRECTION('',(-1.,1.341834371888E-16,0.));
#3068=DIRECTION('',(-1.,-4.38245930773088E-16,-4.33680868994202E-17));
#3069=DIRECTION('',(4.38245930773088E-16,-1.,1.90058876090845E-32));
#3070=DIRECTION('',(-1.,-4.38245930773088E-16,-4.33680868994202E-17));
#3071=DIRECTION('',(4.38245930773088E-16,-1.,0.));
#3072=DIRECTION('',(-1.,-4.38245930773088E-16,-4.33680868994202E-17));
#3073=DIRECTION('',(4.38245930773088E-16,-1.,0.));
#3074=DIRECTION('',(0.5,-0.866025403784439,-4.33680868994202E-17));
#3075=DIRECTION('',(0.866025403784439,0.5,1.90058876090845E-32));
#3076=DIRECTION('',(0.5,-0.866025403784439,-4.33680868994202E-17));
#3077=DIRECTION('',(0.866025403784439,0.5,0.));
#3078=DIRECTION('',(0.5,-0.866025403784439,-4.33680868994202E-17));
#3079=DIRECTION('',(0.866025403784439,0.5,0.));
#3080=DIRECTION('',(0.5,0.866025403784439,-4.33680868994202E-17));
#3081=DIRECTION('',(-0.866025403784439,0.5,1.90058876090845E-32));
#3082=DIRECTION('',(0.5,0.866025403784439,-4.33680868994202E-17));
#3083=DIRECTION('',(-0.866025403784439,0.5,0.));
#3084=DIRECTION('',(0.5,0.866025403784439,-4.33680868994202E-17));
#3085=DIRECTION('',(-0.866025403784439,0.5,0.));
#3086=DIRECTION('',(2.16840434497101E-17,-3.7557864968429E-17,1.));
#3087=DIRECTION('',(0.,-1.,-3.7557864968429E-17));
#3088=DIRECTION('',(-2.16840434497101E-17,3.7557864968429E-17,-1.));
#3089=DIRECTION('',(0.,1.,3.7557864968429E-17));
#3090=DIRECTION('',(2.16840434497101E-17,3.7557864968429E-17,1.));
#3091=DIRECTION('',(0.,-1.,3.7557864968429E-17));
#3092=DIRECTION('',(-2.16840434497101E-17,-3.7557864968429E-17,-1.));
#3093=DIRECTION('',(0.,1.,-3.7557864968429E-17));
#3094=DIRECTION('',(-4.33680868994202E-17,-1.90058876090845E-32,1.));
#3095=DIRECTION('',(1.,0.,4.33680868994202E-17));
#3096=DIRECTION('',(4.33680868994202E-17,1.90058876090845E-32,-1.));
#3097=DIRECTION('',(-1.,0.,-4.33680868994202E-17));
#3098=CARTESIAN_POINT('',(0.,0.,0.));
#3099=CARTESIAN_POINT('',(0.0333684308917882,0.142644093246442,0.01));
#3100=CARTESIAN_POINT('',(-0.0386903810567666,0.0178345698184943,0.01));
#3101=CARTESIAN_POINT('',(-0.0330179146619785,0.0145595698184943,0.01));
#3102=CARTESIAN_POINT('',(-0.0347903810567666,0.024589567968013,0.01));
#3103=CARTESIAN_POINT('',(-0.0404628474515547,0.027864567968013,0.01));
#3104=CARTESIAN_POINT('',(0.106717189100362,-0.0999913179897489,0.01));
#3105=CARTESIAN_POINT('',(0.0347903810567666,0.024589567968013,0.01));
#3106=CARTESIAN_POINT('',(0.0291179146619785,0.021314567968013,0.01));
#3107=CARTESIAN_POINT('',(0.0386903810567666,0.0178345698184944,0.01));
#3108=CARTESIAN_POINT('',(0.0443628474515547,0.0211095698184944,0.01));
#3109=CARTESIAN_POINT('',(-0.139690235927289,-0.0424241377865073,0.01));
#3110=CARTESIAN_POINT('',(0.0039,-0.0424241377865073,0.01));
#3111=CARTESIAN_POINT('',(0.0039,-0.0358741377865073,0.01));
#3112=CARTESIAN_POINT('',(-0.0039,-0.0424241377865073,0.01));
#3113=CARTESIAN_POINT('',(-0.0039,-0.0489741377865073,0.01));
#3114=CARTESIAN_POINT('',(0.,6.93889390390723E-18,0.02));
#3115=CARTESIAN_POINT('',(-0.0211519234753124,0.01221206871235,0.02));
#3116=CARTESIAN_POINT('',(-0.0256319234753125,0.01221206871235,0.02));
#3117=CARTESIAN_POINT('',(0.0211519234753124,0.01221206871235,0.02));
#3118=CARTESIAN_POINT('',(0.0166719234753124,0.01221206871235,0.02));
#3119=CARTESIAN_POINT('',(3.46944695195361E-18,-0.0244241374247,0.02));
#3120=CARTESIAN_POINT('',(-0.00448,-0.0244241374247,0.02));
#3121=CARTESIAN_POINT('',(-0.01016,-0.00762,0.02));
#3122=CARTESIAN_POINT('',(-0.01241,-0.00762,0.02));
#3123=CARTESIAN_POINT('',(0.01016,-0.00762,0.02));
#3124=CARTESIAN_POINT('',(0.00791,-0.00762,0.02));
#3125=CARTESIAN_POINT('',(0.01016,0.00762,0.02));
#3126=CARTESIAN_POINT('',(0.00791,0.00762,0.02));
#3127=CARTESIAN_POINT('',(-0.01016,0.00762,0.02));
#3128=CARTESIAN_POINT('',(-0.01241,0.00762,0.02));
#3129=CARTESIAN_POINT('',(0.0104141593281601,-0.0171979996253051,0.02));
#3130=CARTESIAN_POINT('',(0.0160592557765675,-0.0117183804542021,0.02));
#3131=CARTESIAN_POINT('',(0.0110776521757401,-0.0165539560450551,0.02));
#3132=CARTESIAN_POINT('',(0.0132732089767031,-0.00884819871274992,0.02));
#3133=CARTESIAN_POINT('',(0.0171210871522441,-0.00994082561439355,0.02));
#3134=CARTESIAN_POINT('',(0.0195571085205912,-0.00136194709299361,0.02));
#3135=CARTESIAN_POINT('',(0.0197025716281416,-0.000849673126420574,0.02));
#3136=CARTESIAN_POINT('',(0.0235504498036826,-0.00194230002806421,0.02));
#3137=CARTESIAN_POINT('',(0.0270145514188203,5.76999719357841E-5,0.02));
#3138=CARTESIAN_POINT('',(0.0296967967697245,-0.00458808525419568,0.02));
#3139=CARTESIAN_POINT('',(0.0371076951545867,-0.0174241377865072,0.02));
#3140=CARTESIAN_POINT('',(0.033643593539449,-0.0194241377865072,0.02));
#3141=CARTESIAN_POINT('',(0.033643593539449,-0.0234241377865072,0.02));
#3142=CARTESIAN_POINT('',(0.0188217967697245,-0.0234241377865072,0.02));
#3143=CARTESIAN_POINT('',(0.0138636989756045,-0.0234241377865072,0.02));
#3144=CARTESIAN_POINT('',(0.0138636989756045,-0.0194241377865072,0.02));
#3145=CARTESIAN_POINT('',(-0.0195571085205912,-0.00136194709299362,0.02));
#3146=CARTESIAN_POINT('',(-0.0171210871522441,-0.00994082561439356,0.02));
#3147=CARTESIAN_POINT('',(-0.0197025716281416,-0.000849673126420568,0.02));
#3148=CARTESIAN_POINT('',(-0.0132732089767031,-0.00884819871274992,0.02));
#3149=CARTESIAN_POINT('',(-0.0160592557765675,-0.0117183804542021,0.02));
#3150=CARTESIAN_POINT('',(-0.0104141593281601,-0.0171979996253052,0.02));
#3151=CARTESIAN_POINT('',(-0.0110776521757401,-0.0165539560450551,0.02));
#3152=CARTESIAN_POINT('',(-0.0138636989756045,-0.0194241377865072,0.02));
#3153=CARTESIAN_POINT('',(-0.0138636989756045,-0.0234241377865072,0.02));
#3154=CARTESIAN_POINT('',(-0.0188217967697245,-0.0234241377865072,0.02));
#3155=CARTESIAN_POINT('',(-0.033643593539449,-0.0234241377865072,0.02));
#3156=CARTESIAN_POINT('',(-0.033643593539449,-0.0194241377865072,0.02));
#3157=CARTESIAN_POINT('',(-0.0371076951545868,-0.0174241377865074,0.02));
#3158=CARTESIAN_POINT('',(-0.0296967967697245,-0.00458808525419575,0.02));
#3159=CARTESIAN_POINT('',(-0.0270145514188203,5.76999719357953E-5,0.02));
#3160=CARTESIAN_POINT('',(-0.0235504498036826,-0.0019423000280642,0.02));
#3161=CARTESIAN_POINT('',(0.047900635094611,0.0218819418743314,0.02));
#3162=CARTESIAN_POINT('',(0.0409724318643354,0.0178819418743314,0.02));
#3163=CARTESIAN_POINT('',(0.0331782032302755,0.0133819418743314,0.02));
#3164=CARTESIAN_POINT('',(0.0384724318643354,0.0222120688932536,0.02));
#3165=CARTESIAN_POINT('',(0.0359724318643354,0.0265421959121758,0.02));
#3166=CARTESIAN_POINT('',(0.042900635094611,0.0305421959121758,0.02));
#3167=CARTESIAN_POINT('',(0.0281782032302755,0.0220421959121758,0.02));
#3168=CARTESIAN_POINT('',(0.0241782032302755,0.0289703991424513,0.02));
#3169=CARTESIAN_POINT('',(0.01725,0.0249703991424513,0.02));
#3170=CARTESIAN_POINT('',(0.02375,0.0137120688932536,0.02));
#3171=CARTESIAN_POINT('',(0.0069282032302755,0.0428482755730144,0.02));
#3172=CARTESIAN_POINT('',(-6.93889390390723E-18,0.0388482755730144,0.02));
#3173=CARTESIAN_POINT('',(-0.00692820323027552,0.0428482755730144,0.02));
#3174=CARTESIAN_POINT('',(-0.02375,0.0137120688932536,0.02));
#3175=CARTESIAN_POINT('',(-0.01725,0.0249703991424514,0.02));
#3176=CARTESIAN_POINT('',(-0.0241782032302755,0.0289703991424514,0.02));
#3177=CARTESIAN_POINT('',(-0.0281782032302755,0.0220421959121758,0.02));
#3178=CARTESIAN_POINT('',(-0.042900635094611,0.0305421959121758,0.02));
#3179=CARTESIAN_POINT('',(-0.0359724318643354,0.0265421959121758,0.02));
#3180=CARTESIAN_POINT('',(-0.0384724318643354,0.0222120688932536,0.02));
#3181=CARTESIAN_POINT('',(-0.0409724318643354,0.0178819418743314,0.02));
#3182=CARTESIAN_POINT('',(-0.047900635094611,0.0218819418743314,0.02));
#3183=CARTESIAN_POINT('',(-0.0331782032302755,0.0133819418743314,0.02));
#3184=CARTESIAN_POINT('',(-0.0371782032302755,0.00645373864405593,0.02));
#3185=CARTESIAN_POINT('',(-0.03025,0.00245373864405593,0.02));
#3186=CARTESIAN_POINT('',(-0.02375,0.0137120688932536,0.02));
#3187=CARTESIAN_POINT('',(-0.0405717967697245,-0.0154241377865072,0.02));
#3188=CARTESIAN_POINT('',(-0.033643593539449,-0.0194241377865072,0.02));
#3189=CARTESIAN_POINT('',(-0.033643593539449,-0.0274241377865072,0.02));
#3190=CARTESIAN_POINT('',(0.,-0.0274241377865072,0.02));
#3191=CARTESIAN_POINT('',(-0.013,-0.0274241377865072,0.02));
#3192=CARTESIAN_POINT('',(-0.013,-0.0354241377865072,0.02));
#3193=CARTESIAN_POINT('',(-0.005,-0.0354241377865072,0.02));
#3194=CARTESIAN_POINT('',(-0.005,-0.0524241377865072,0.02));
#3195=CARTESIAN_POINT('',(-0.005,-0.0444241377865073,0.02));
#3196=CARTESIAN_POINT('',(1.94686976130398E-17,-0.0444241377865073,0.02));
#3197=CARTESIAN_POINT('',(0.005,-0.0444241377865073,0.02));
#3198=CARTESIAN_POINT('',(0.005,-0.0524241377865072,0.02));
#3199=CARTESIAN_POINT('',(0.005,-0.0354241377865072,0.02));
#3200=CARTESIAN_POINT('',(0.013,-0.0354241377865072,0.02));
#3201=CARTESIAN_POINT('',(0.013,-0.0274241377865072,0.02));
#3202=CARTESIAN_POINT('',(0.,-0.0274241377865072,0.02));
#3203=CARTESIAN_POINT('',(0.033643593539449,-0.0274241377865072,0.02));
#3204=CARTESIAN_POINT('',(0.033643593539449,-0.0194241377865072,0.02));
#3205=CARTESIAN_POINT('',(0.0405717967697245,-0.0154241377865072,0.02));
#3206=CARTESIAN_POINT('',(0.02375,0.0137120688932536,0.02));
#3207=CARTESIAN_POINT('',(0.03025,0.0024537386440559,0.02));
#3208=CARTESIAN_POINT('',(0.0371782032302755,0.0064537386440559,0.02));
#3209=CARTESIAN_POINT('',(0.00914294919243112,0.017626016360942,0.02));
#3210=CARTESIAN_POINT('',(0.00895809346456822,0.0176755483039392,0.02));
#3211=CARTESIAN_POINT('',(0.00103527618041009,0.0197984607970087,0.02));
#3212=CARTESIAN_POINT('',(5.20417042793042E-18,0.0159347574918524,0.02));
#3213=CARTESIAN_POINT('',(-0.00103527618041008,0.0197984607970087,0.02));
#3214=CARTESIAN_POINT('',(-0.00914294919243113,0.0176260163609421,0.02));
#3215=CARTESIAN_POINT('',(-0.00895809346456822,0.0176755483039392,0.02));
#3216=CARTESIAN_POINT('',(-0.0099933696449783,0.0215392516090955,0.02));
#3217=CARTESIAN_POINT('',(-0.0134574712601161,0.0235392516090955,0.02));
#3218=CARTESIAN_POINT('',(-0.010875,0.028012223040703,0.02));
#3219=CARTESIAN_POINT('',(-0.00346410161513774,0.0408482755730145,0.02));
#3220=CARTESIAN_POINT('',(-8.02309607639273E-18,0.0388482755730144,0.02));
#3221=CARTESIAN_POINT('',(0.00346410161513774,0.0408482755730145,0.02));
#3222=CARTESIAN_POINT('',(0.010875,0.0280122230407029,0.02));
#3223=CARTESIAN_POINT('',(0.0134574712601161,0.0235392516090955,0.02));
#3224=CARTESIAN_POINT('',(0.0099933696449783,0.0215392516090955,0.02));
#3225=CARTESIAN_POINT('',(-0.01616,0.00235,0.02));
#3226=CARTESIAN_POINT('',(-0.01766,0.00235,0.02));
#3227=CARTESIAN_POINT('',(-0.01616,0.00385,0.02));
#3228=CARTESIAN_POINT('',(0.,0.00385,0.02));
#3229=CARTESIAN_POINT('',(0.01616,0.00385,0.02));
#3230=CARTESIAN_POINT('',(0.01616,0.00235,0.02));
#3231=CARTESIAN_POINT('',(0.01766,0.00235,0.02));
#3232=CARTESIAN_POINT('',(0.01766,6.93889390390723E-18,0.02));
#3233=CARTESIAN_POINT('',(0.01766,-0.00235,0.02));
#3234=CARTESIAN_POINT('',(0.01616,-0.00235,0.02));
#3235=CARTESIAN_POINT('',(0.01616,-0.00385,0.02));
#3236=CARTESIAN_POINT('',(3.46944695195361E-18,-0.00385,0.02));
#3237=CARTESIAN_POINT('',(-0.01616,-0.00385,0.02));
#3238=CARTESIAN_POINT('',(-0.01616,-0.00235,0.02));
#3239=CARTESIAN_POINT('',(-0.01766,-0.00235,0.02));
#3240=CARTESIAN_POINT('',(-0.01766,6.93889390390723E-18,0.02));
#3241=CARTESIAN_POINT('',(0.01466,-1.51788304147971E-18,0.139411920446212));
#3242=CARTESIAN_POINT('',(0.01466,0.00235,0.139411920446212));
#3243=CARTESIAN_POINT('',(0.01466,0.00235,0.018));
#3244=CARTESIAN_POINT('',(0.01466,0.00235,0.005));
#3245=CARTESIAN_POINT('',(0.01466,-1.51788304147971E-18,0.018));
#3246=CARTESIAN_POINT('',(0.01466,-0.00235,0.018));
#3247=CARTESIAN_POINT('',(0.01466,-0.00235,0.139411920446212));
#3248=CARTESIAN_POINT('',(0.01466,-0.00235,0.005));
#3249=CARTESIAN_POINT('',(0.01466,0.0012120688932536,0.005));
#3250=CARTESIAN_POINT('',(0.01616,0.00235,0.139411920446212));
#3251=CARTESIAN_POINT('',(0.01616,0.00235,0.));
#3252=CARTESIAN_POINT('',(0.0167733333333334,0.00371887626256803,0.));
#3253=CARTESIAN_POINT('',(0.01766,0.00235,0.));
#3254=CARTESIAN_POINT('',(0.01766,0.00235,0.139411920446212));
#3255=CARTESIAN_POINT('',(0.01616,0.00385,0.018));
#3256=CARTESIAN_POINT('',(0.01616,0.00385,0.018));
#3257=CARTESIAN_POINT('',(0.01616,0.00235,0.018));
#3258=CARTESIAN_POINT('',(0.01616,0.00235,0.005));
#3259=CARTESIAN_POINT('',(0.0167733333333334,0.00371887626256803,0.005));
#3260=CARTESIAN_POINT('',(0.0167733333333334,0.00371887626256803,0.139411920446212));
#3261=CARTESIAN_POINT('',(-0.01466,1.95156391047391E-18,0.139411920446212));
#3262=CARTESIAN_POINT('',(-0.01466,1.95156391047391E-18,0.018));
#3263=CARTESIAN_POINT('',(-0.01466,0.00235,0.018));
#3264=CARTESIAN_POINT('',(-0.01466,-0.00235,0.018));
#3265=CARTESIAN_POINT('',(-0.01466,0.00235,0.139411920446212));
#3266=CARTESIAN_POINT('',(-0.01466,0.00235,0.005));
#3267=CARTESIAN_POINT('',(-0.01466,0.00121206889325361,0.005));
#3268=CARTESIAN_POINT('',(-0.01466,-0.00235,0.005));
#3269=CARTESIAN_POINT('',(-0.01466,-0.00235,0.139411920446212));
#3270=CARTESIAN_POINT('',(0.,6.93889390390723E-18,0.));
#3271=CARTESIAN_POINT('',(0.042900635094611,0.0305421959121758,0.));
#3272=CARTESIAN_POINT('',(0.0359724318643354,0.0265421959121758,0.));
#3273=CARTESIAN_POINT('',(0.0281782032302755,0.0220421959121758,0.));
#3274=CARTESIAN_POINT('',(0.0409724318643354,0.0178819418743314,0.));
#3275=CARTESIAN_POINT('',(0.0409724318643354,0.0178819418743314,0.));
#3276=CARTESIAN_POINT('',(0.047900635094611,0.0218819418743314,0.));
#3277=CARTESIAN_POINT('',(0.0331782032302755,0.0133819418743314,0.));
#3278=CARTESIAN_POINT('',(0.0371782032302755,0.0064537386440559,0.));
#3279=CARTESIAN_POINT('',(0.03025,0.0024537386440559,0.));
#3280=CARTESIAN_POINT('',(0.02375,0.0137120688932536,0.));
#3281=CARTESIAN_POINT('',(0.0405717967697245,-0.0154241377865072,0.));
#3282=CARTESIAN_POINT('',(0.033643593539449,-0.0194241377865072,0.));
#3283=CARTESIAN_POINT('',(0.033643593539449,-0.0274241377865072,0.));
#3284=CARTESIAN_POINT('',(0.,-0.0274241377865072,0.));
#3285=CARTESIAN_POINT('',(0.013,-0.0274241377865072,0.));
#3286=CARTESIAN_POINT('',(0.013,-0.0354241377865072,0.));
#3287=CARTESIAN_POINT('',(0.005,-0.0354241377865072,0.));
#3288=CARTESIAN_POINT('',(0.005,-0.0524241377865072,0.));
#3289=CARTESIAN_POINT('',(0.005,-0.0444241377865073,0.));
#3290=CARTESIAN_POINT('',(-0.005,-0.0444241377865073,0.));
#3291=CARTESIAN_POINT('',(-0.005,-0.0444241377865073,0.));
#3292=CARTESIAN_POINT('',(-0.005,-0.0524241377865072,0.));
#3293=CARTESIAN_POINT('',(-0.005,-0.0354241377865072,0.));
#3294=CARTESIAN_POINT('',(-0.013,-0.0354241377865072,0.));
#3295=CARTESIAN_POINT('',(-0.013,-0.0274241377865072,0.));
#3296=CARTESIAN_POINT('',(0.,-0.0274241377865072,0.));
#3297=CARTESIAN_POINT('',(-0.033643593539449,-0.0274241377865072,0.));
#3298=CARTESIAN_POINT('',(-0.033643593539449,-0.0194241377865072,0.));
#3299=CARTESIAN_POINT('',(-0.0405717967697245,-0.0154241377865072,0.));
#3300=CARTESIAN_POINT('',(-0.02375,0.0137120688932536,0.));
#3301=CARTESIAN_POINT('',(-0.03025,0.00245373864405592,0.));
#3302=CARTESIAN_POINT('',(-0.0371782032302755,0.00645373864405593,0.));
#3303=CARTESIAN_POINT('',(-0.0331782032302755,0.0133819418743314,0.));
#3304=CARTESIAN_POINT('',(-0.047900635094611,0.0218819418743314,0.));
#3305=CARTESIAN_POINT('',(-0.0409724318643354,0.0178819418743314,0.));
#3306=CARTESIAN_POINT('',(-0.0359724318643354,0.0265421959121758,0.));
#3307=CARTESIAN_POINT('',(-0.0359724318643354,0.0265421959121758,0.));
#3308=CARTESIAN_POINT('',(-0.042900635094611,0.0305421959121758,0.));
#3309=CARTESIAN_POINT('',(-0.0281782032302755,0.0220421959121758,0.));
#3310=CARTESIAN_POINT('',(-0.0241782032302755,0.0289703991424514,0.));
#3311=CARTESIAN_POINT('',(-0.01725,0.0249703991424514,0.));
#3312=CARTESIAN_POINT('',(-0.02375,0.0137120688932536,0.));
#3313=CARTESIAN_POINT('',(-0.00692820323027552,0.0428482755730144,0.));
#3314=CARTESIAN_POINT('',(-6.93889390390723E-18,0.0388482755730144,0.));
#3315=CARTESIAN_POINT('',(0.0069282032302755,0.0428482755730144,0.));
#3316=CARTESIAN_POINT('',(0.02375,0.0137120688932536,0.));
#3317=CARTESIAN_POINT('',(0.01725,0.0249703991424513,0.));
#3318=CARTESIAN_POINT('',(0.0241782032302755,0.0289703991424513,0.));
#3319=CARTESIAN_POINT('',(-0.0136474014556268,-0.0140595349934948,0.));
#3320=CARTESIAN_POINT('',(-0.0160592557765675,-0.0117183804542021,0.));
#3321=CARTESIAN_POINT('',(-0.0110776521757401,-0.0165539560450551,0.));
#3322=CARTESIAN_POINT('',(-0.0132732089767031,-0.00884819871274992,0.));
#3323=CARTESIAN_POINT('',(-0.0171210871522441,-0.00994082561439356,0.));
#3324=CARTESIAN_POINT('',(-0.0184557394842979,-0.00524061223623208,0.));
#3325=CARTESIAN_POINT('',(-0.0197025716281416,-0.000849673126420568,0.));
#3326=CARTESIAN_POINT('',(-0.0235504498036826,-0.0019423000280642,0.));
#3327=CARTESIAN_POINT('',(-0.0270145514188203,5.76999719357901E-5,0.));
#3328=CARTESIAN_POINT('',(-0.0202858983848622,0.0117120688932536,0.));
#3329=CARTESIAN_POINT('',(-0.0371076951545868,-0.0174241377865074,0.));
#3330=CARTESIAN_POINT('',(-0.033643593539449,-0.0194241377865072,0.));
#3331=CARTESIAN_POINT('',(-0.033643593539449,-0.0234241377865072,0.));
#3332=CARTESIAN_POINT('',(8.22459024787819E-18,-0.0234241377865072,0.));
#3333=CARTESIAN_POINT('',(-0.0138636989756045,-0.0234241377865072,0.));
#3334=CARTESIAN_POINT('',(-0.0138636989756045,-0.0194241377865072,0.));
#3335=CARTESIAN_POINT('',(0.0184557394842979,-0.00524061223623209,0.));
#3336=CARTESIAN_POINT('',(0.0171210871522441,-0.00994082561439355,0.));
#3337=CARTESIAN_POINT('',(0.0197025716281416,-0.000849673126420574,0.));
#3338=CARTESIAN_POINT('',(0.0132732089767031,-0.00884819871274992,0.));
#3339=CARTESIAN_POINT('',(0.0160592557765675,-0.0117183804542021,0.));
#3340=CARTESIAN_POINT('',(0.0136474014556268,-0.0140595349934948,0.));
#3341=CARTESIAN_POINT('',(0.0110776521757401,-0.0165539560450551,0.));
#3342=CARTESIAN_POINT('',(0.0138636989756045,-0.0194241377865072,0.));
#3343=CARTESIAN_POINT('',(0.0138636989756045,-0.0234241377865072,0.));
#3344=CARTESIAN_POINT('',(8.22459024787819E-18,-0.0234241377865072,0.));
#3345=CARTESIAN_POINT('',(0.033643593539449,-0.0234241377865072,0.));
#3346=CARTESIAN_POINT('',(0.033643593539449,-0.0194241377865072,0.));
#3347=CARTESIAN_POINT('',(0.0371076951545867,-0.0174241377865072,0.));
#3348=CARTESIAN_POINT('',(0.0202858983848622,0.0117120688932536,0.));
#3349=CARTESIAN_POINT('',(0.0270145514188203,5.76999719357832E-5,0.));
#3350=CARTESIAN_POINT('',(0.0235504498036826,-0.00194230002806421,0.));
#3351=CARTESIAN_POINT('',(-0.00501896555337319,0.0187310344466268,0.));
#3352=CARTESIAN_POINT('',(-0.00103527618041007,0.0197984607970087,0.));
#3353=CARTESIAN_POINT('',(-0.00895809346456822,0.0176755483039392,0.));
#3354=CARTESIAN_POINT('',(5.20417042793042E-18,0.0159347574918524,0.));
#3355=CARTESIAN_POINT('',(0.00103527618041009,0.0197984607970087,0.));
#3356=CARTESIAN_POINT('',(0.0050189655533732,0.0187310344466268,0.));
#3357=CARTESIAN_POINT('',(0.00895809346456822,0.0176755483039392,0.));
#3358=CARTESIAN_POINT('',(0.0099933696449783,0.0215392516090955,0.));
#3359=CARTESIAN_POINT('',(0.0134574712601161,0.0235392516090955,0.));
#3360=CARTESIAN_POINT('',(0.0202858983848622,0.0117120688932536,0.));
#3361=CARTESIAN_POINT('',(0.00346410161513774,0.0408482755730145,0.));
#3362=CARTESIAN_POINT('',(-8.02309607639273E-18,0.0388482755730144,0.));
#3363=CARTESIAN_POINT('',(-0.00346410161513774,0.0408482755730145,0.));
#3364=CARTESIAN_POINT('',(-0.0202858983848622,0.0117120688932536,0.));
#3365=CARTESIAN_POINT('',(-0.013457471260116,0.0235392516090955,0.));
#3366=CARTESIAN_POINT('',(-0.0099933696449783,0.0215392516090955,0.));
#3367=CARTESIAN_POINT('',(3.46944695195361E-18,-0.0244241374247,0.));
#3368=CARTESIAN_POINT('',(0.00225,-0.0244241374247,0.));
#3369=CARTESIAN_POINT('',(0.0211519234753124,0.01221206871235,0.));
#3370=CARTESIAN_POINT('',(0.0234019234753124,0.01221206871235,0.));
#3371=CARTESIAN_POINT('',(-0.0211519234753124,0.01221206871235,0.));
#3372=CARTESIAN_POINT('',(-0.0189019234753125,0.01221206871235,0.));
#3373=CARTESIAN_POINT('',(-0.01616,-0.00235,0.));
#3374=CARTESIAN_POINT('',(-0.01766,-0.00235,0.));
#3375=CARTESIAN_POINT('',(-0.0167733333333334,-0.00371887626256803,0.));
#3376=CARTESIAN_POINT('',(-0.018,-0.00645662878770409,0.));
#3377=CARTESIAN_POINT('',(-0.015,-0.0064566287877041,0.));
#3378=CARTESIAN_POINT('',(-0.015,1.7347234759768E-18,0.));
#3379=CARTESIAN_POINT('',(-0.015,-0.007,0.));
#3380=CARTESIAN_POINT('',(-0.012,-0.007,0.));
#3381=CARTESIAN_POINT('',(-0.012,-0.01,0.));
#3382=CARTESIAN_POINT('',(-1.7347234759768E-18,-0.01,0.));
#3383=CARTESIAN_POINT('',(0.012,-0.01,0.));
#3384=CARTESIAN_POINT('',(0.012,-0.007,0.));
#3385=CARTESIAN_POINT('',(0.015,-0.007,0.));
#3386=CARTESIAN_POINT('',(0.015,1.7347234759768E-18,0.));
#3387=CARTESIAN_POINT('',(0.015,-0.0064566287877041,0.));
#3388=CARTESIAN_POINT('',(0.018,-0.0064566287877041,0.));
#3389=CARTESIAN_POINT('',(0.0167733333333334,-0.00371887626256804,0.));
#3390=CARTESIAN_POINT('',(0.01616,-0.00235,0.));
#3391=CARTESIAN_POINT('',(0.01766,-0.00235,0.));
#3392=CARTESIAN_POINT('',(0.01766,-2.60208521396521E-18,0.));
#3393=CARTESIAN_POINT('',(0.018,0.00645662878770409,0.));
#3394=CARTESIAN_POINT('',(0.015,0.00645662878770409,0.));
#3395=CARTESIAN_POINT('',(0.015,1.7347234759768E-18,0.));
#3396=CARTESIAN_POINT('',(0.015,0.007,0.));
#3397=CARTESIAN_POINT('',(0.012,0.007,0.));
#3398=CARTESIAN_POINT('',(0.012,0.01,0.));
#3399=CARTESIAN_POINT('',(1.7347234759768E-18,0.01,0.));
#3400=CARTESIAN_POINT('',(-0.012,0.01,0.));
#3401=CARTESIAN_POINT('',(-0.012,0.007,0.));
#3402=CARTESIAN_POINT('',(-0.015,0.007,0.));
#3403=CARTESIAN_POINT('',(-0.015,1.7347234759768E-18,0.));
#3404=CARTESIAN_POINT('',(-0.015,0.0064566287877041,0.));
#3405=CARTESIAN_POINT('',(-0.018,0.0064566287877041,0.));
#3406=CARTESIAN_POINT('',(-0.0167733333333334,0.00371887626256804,0.));
#3407=CARTESIAN_POINT('',(-0.01616,0.00235,0.));
#3408=CARTESIAN_POINT('',(-0.01766,0.00235,0.));
#3409=CARTESIAN_POINT('',(-0.01766,1.7347234759768E-18,0.));
#3410=CARTESIAN_POINT('',(0.015,1.7347234759768E-18,0.005));
#3411=CARTESIAN_POINT('',(0.015,0.00645662878770409,0.005));
#3412=CARTESIAN_POINT('',(0.015,0.00645662878770409,0.005));
#3413=CARTESIAN_POINT('',(0.015,1.7347234759768E-18,0.005));
#3414=CARTESIAN_POINT('',(0.015,0.007,0.005));
#3415=CARTESIAN_POINT('',(0.015,0.007,0.));
#3416=CARTESIAN_POINT('',(-0.015,1.7347234759768E-18,0.005));
#3417=CARTESIAN_POINT('',(-0.015,1.7347234759768E-18,0.005));
#3418=CARTESIAN_POINT('',(-0.015,0.0064566287877041,0.005));
#3419=CARTESIAN_POINT('',(-0.015,0.007,0.005));
#3420=CARTESIAN_POINT('',(-0.015,0.0064566287877041,0.));
#3421=CARTESIAN_POINT('',(-0.015,0.007,0.005));
#3422=CARTESIAN_POINT('',(-0.015,1.7347234759768E-18,0.005));
#3423=CARTESIAN_POINT('',(-0.015,-0.0064566287877041,0.005));
#3424=CARTESIAN_POINT('',(-0.015,-0.0064566287877041,0.005));
#3425=CARTESIAN_POINT('',(-0.015,1.7347234759768E-18,0.005));
#3426=CARTESIAN_POINT('',(-0.015,-0.007,0.005));
#3427=CARTESIAN_POINT('',(-0.015,-0.007,0.));
#3428=CARTESIAN_POINT('',(-1.38777878078145E-17,0.00121206889325361,0.005));
#3429=CARTESIAN_POINT('',(-0.01016,-0.00635,0.005));
#3430=CARTESIAN_POINT('',(-0.01241,-0.00635,0.005));
#3431=CARTESIAN_POINT('',(-0.01016,0.00635,0.005));
#3432=CARTESIAN_POINT('',(-0.01241,0.00635,0.005));
#3433=CARTESIAN_POINT('',(0.01016,0.00635,0.005));
#3434=CARTESIAN_POINT('',(0.00791,0.00635,0.005));
#3435=CARTESIAN_POINT('',(0.01016,-0.00635,0.005));
#3436=CARTESIAN_POINT('',(0.00791,-0.00635,0.005));
#3437=CARTESIAN_POINT('',(1.7347234759768E-18,0.01,0.005));
#3438=CARTESIAN_POINT('',(0.012,0.01,0.005));
#3439=CARTESIAN_POINT('',(-0.012,0.01,0.005));
#3440=CARTESIAN_POINT('',(0.012,0.007,0.005));
#3441=CARTESIAN_POINT('',(0.018,0.00645662878770409,0.005));
#3442=CARTESIAN_POINT('',(0.01616,-0.00235,0.005));
#3443=CARTESIAN_POINT('',(0.0167733333333334,-0.00371887626256804,0.005));
#3444=CARTESIAN_POINT('',(0.018,-0.0064566287877041,0.005));
#3445=CARTESIAN_POINT('',(0.015,-0.0064566287877041,0.005));
#3446=CARTESIAN_POINT('',(0.015,1.7347234759768E-18,0.005));
#3447=CARTESIAN_POINT('',(0.015,-0.007,0.005));
#3448=CARTESIAN_POINT('',(0.012,-0.007,0.005));
#3449=CARTESIAN_POINT('',(0.012,-0.01,0.005));
#3450=CARTESIAN_POINT('',(-1.7347234759768E-18,-0.01,0.005));
#3451=CARTESIAN_POINT('',(-0.012,-0.01,0.005));
#3452=CARTESIAN_POINT('',(-0.012,-0.007,0.005));
#3453=CARTESIAN_POINT('',(-0.018,-0.00645662878770409,0.005));
#3454=CARTESIAN_POINT('',(-0.0167733333333334,-0.00371887626256803,0.005));
#3455=CARTESIAN_POINT('',(-0.01616,-0.00235,0.005));
#3456=CARTESIAN_POINT('',(-0.01616,0.00235,0.005));
#3457=CARTESIAN_POINT('',(-0.0167733333333334,0.00371887626256804,0.005));
#3458=CARTESIAN_POINT('',(-0.018,0.0064566287877041,0.005));
#3459=CARTESIAN_POINT('',(-0.012,0.007,0.005));
#3460=CARTESIAN_POINT('',(-0.02375,0.0137120688932536,0.02));
#3461=CARTESIAN_POINT('',(-0.01725,0.0249703991424514,0.02));
#3462=CARTESIAN_POINT('',(-0.00692820323027552,0.0428482755730144,0.02));
#3463=CARTESIAN_POINT('',(0.02375,0.0137120688932536,0.02));
#3464=CARTESIAN_POINT('',(0.03025,0.0024537386440559,0.02));
#3465=CARTESIAN_POINT('',(0.0405717967697245,-0.0154241377865072,0.02));
#3466=CARTESIAN_POINT('',(0.,-0.0274241377865072,0.02));
#3467=CARTESIAN_POINT('',(-0.013,-0.0274241377865072,0.02));
#3468=CARTESIAN_POINT('',(-0.033643593539449,-0.0274241377865072,0.02));
#3469=CARTESIAN_POINT('',(0.,-0.0274241377865072,0.02));
#3470=CARTESIAN_POINT('',(0.013,-0.0274241377865072,0.02));
#3471=CARTESIAN_POINT('',(0.033643593539449,-0.0274241377865072,0.02));
#3472=CARTESIAN_POINT('',(0.02375,0.0137120688932536,0.02));
#3473=CARTESIAN_POINT('',(0.01725,0.0249703991424513,0.02));
#3474=CARTESIAN_POINT('',(0.0069282032302755,0.0428482755730144,0.02));
#3475=CARTESIAN_POINT('',(-0.02375,0.0137120688932536,0.02));
#3476=CARTESIAN_POINT('',(-0.03025,0.00245373864405593,0.02));
#3477=CARTESIAN_POINT('',(-0.0405717967697245,-0.0154241377865072,0.02));
#3478=CARTESIAN_POINT('',(-0.005,-0.0524241377865072,0.01));
#3479=CARTESIAN_POINT('',(-0.005,-0.0354241377865072,3.46944695195362E-19));
#3480=CARTESIAN_POINT('',(-0.005,-0.0354241377865072,0.0128288690319631));
#3481=CARTESIAN_POINT('',(-0.005,-0.0424241377865073,0.01));
#3482=CARTESIAN_POINT('',(-0.005,-0.0354241377865072,0.00717113096803689));
#3483=CARTESIAN_POINT('',(-0.005,-0.0354241377865072,3.46944695195362E-19));
#3484=CARTESIAN_POINT('',(-0.005,-0.0444241377865073,0.008));
#3485=CARTESIAN_POINT('',(-0.005,-0.0524241377865072,0.008));
#3486=CARTESIAN_POINT('',(-0.005,-0.0524241377865072,0.01));
#3487=CARTESIAN_POINT('',(-0.005,-0.0524241377865072,0.012));
#3488=CARTESIAN_POINT('',(-0.005,-0.0444241377865073,0.012));
#3489=CARTESIAN_POINT('',(0.005,-0.0524241377865072,0.01));
#3490=CARTESIAN_POINT('',(0.005,-0.0354241377865072,0.01));
#3491=CARTESIAN_POINT('',(0.005,-0.0354241377865072,0.00717113096803689));
#3492=CARTESIAN_POINT('',(0.005,-0.0424241377865073,0.01));
#3493=CARTESIAN_POINT('',(0.005,-0.0354241377865072,0.0128288690319631));
#3494=CARTESIAN_POINT('',(0.005,-0.0354241377865072,0.01));
#3495=CARTESIAN_POINT('',(0.005,-0.0444241377865073,0.012));
#3496=CARTESIAN_POINT('',(0.005,-0.0524241377865072,0.012));
#3497=CARTESIAN_POINT('',(0.005,-0.0524241377865072,0.01));
#3498=CARTESIAN_POINT('',(0.005,-0.0524241377865072,0.008));
#3499=CARTESIAN_POINT('',(0.005,-0.0444241377865073,0.008));
#3500=CARTESIAN_POINT('',(9.09687725141002E-18,-0.0524241377865072,0.01));
#3501=CARTESIAN_POINT('',(0.005,-0.0524241377865072,0.008));
#3502=CARTESIAN_POINT('',(9.09687725141002E-18,-0.0524241377865072,0.012));
#3503=CARTESIAN_POINT('',(0.0039,-0.0424241377865073,0.01));
#3504=CARTESIAN_POINT('',(0.0039,-0.0424241377865073,0.01));
#3505=CARTESIAN_POINT('',(0.0039,-0.0348741377865073,0.01));
#3506=CARTESIAN_POINT('',(0.005,-0.0354241377865072,0.00717113096803689));
#3507=CARTESIAN_POINT('',(0.005,-0.0350588853242594,0.00807494348351431));
#3508=CARTESIAN_POINT('',(0.00503785727813816,-0.0346893808955152,0.00999804038289135));
#3509=CARTESIAN_POINT('',(0.005,-0.0350589042789999,0.0119251034197471));
#3510=CARTESIAN_POINT('',(0.005,-0.0354241377865072,0.0128288690319631));
#3511=CARTESIAN_POINT('',(0.0039,-0.0399241377865073,0.01));
#3512=CARTESIAN_POINT('',(0.047900635094611,0.0218819418743314,0.01));
#3513=CARTESIAN_POINT('',(0.0331782032302755,0.0133819418743314,3.46944695195362E-19));
#3514=CARTESIAN_POINT('',(0.0331782032302755,0.0133819418743314,0.0128288690319631));
#3515=CARTESIAN_POINT('',(0.0392403810567666,0.0168819418743314,0.01));
#3516=CARTESIAN_POINT('',(0.0331782032302755,0.0133819418743314,0.0071711309680369));
#3517=CARTESIAN_POINT('',(0.0331782032302755,0.0133819418743314,3.46944695195362E-19));
#3518=CARTESIAN_POINT('',(0.0409724318643354,0.0178819418743314,0.008));
#3519=CARTESIAN_POINT('',(0.047900635094611,0.0218819418743314,0.008));
#3520=CARTESIAN_POINT('',(0.047900635094611,0.0218819418743314,0.01));
#3521=CARTESIAN_POINT('',(0.047900635094611,0.0218819418743314,0.012));
#3522=CARTESIAN_POINT('',(0.0409724318643354,0.0178819418743314,0.012));
#3523=CARTESIAN_POINT('',(0.042900635094611,0.0305421959121758,0.01));
#3524=CARTESIAN_POINT('',(0.0281782032302755,0.0220421959121758,0.01));
#3525=CARTESIAN_POINT('',(0.0281782032302755,0.0220421959121758,0.00717113096803689));
#3526=CARTESIAN_POINT('',(0.0342403810567666,0.0255421959121758,0.01));
#3527=CARTESIAN_POINT('',(0.0281782032302755,0.0220421959121758,0.0128288690319631));
#3528=CARTESIAN_POINT('',(0.0281782032302755,0.0220421959121758,0.01));
#3529=CARTESIAN_POINT('',(0.0359724318643354,0.0265421959121758,0.012));
#3530=CARTESIAN_POINT('',(0.042900635094611,0.0305421959121758,0.012));
#3531=CARTESIAN_POINT('',(0.042900635094611,0.0305421959121758,0.01));
#3532=CARTESIAN_POINT('',(0.042900635094611,0.0305421959121758,0.008));
#3533=CARTESIAN_POINT('',(0.0359724318643354,0.0265421959121758,0.008));
#3534=CARTESIAN_POINT('',(0.045400635094611,0.0262120688932536,0.01));
#3535=CARTESIAN_POINT('',(0.042900635094611,0.0305421959121758,0.008));
#3536=CARTESIAN_POINT('',(0.045400635094611,0.0262120688932536,0.012));
#3537=CARTESIAN_POINT('',(0.0347903810567666,0.024589567968013,0.01));
#3538=CARTESIAN_POINT('',(0.0347903810567666,0.024589567968013,0.01));
#3539=CARTESIAN_POINT('',(0.0282518892581941,0.020814567968013,0.01));
#3540=CARTESIAN_POINT('',(0.0281782032302755,0.0220421959121758,0.00717113096803689));
#3541=CARTESIAN_POINT('',(0.0278618853191741,0.0218595696810519,0.00807494348351431));
#3542=CARTESIAN_POINT('',(0.0275229564580017,0.0217076028312656,0.00999804038289134));
#3543=CARTESIAN_POINT('',(0.0278619017344609,0.0218595791584222,0.0119251034197471));
#3544=CARTESIAN_POINT('',(0.0281782032302755,0.0220421959121758,0.0128288690319631));
#3545=CARTESIAN_POINT('',(0.0326253175473055,0.0233395679680129,0.01));
#3546=CARTESIAN_POINT('',(-0.042900635094611,0.0305421959121758,0.01));
#3547=CARTESIAN_POINT('',(-0.0281782032302755,0.0220421959121758,3.46944695195362E-19));
#3548=CARTESIAN_POINT('',(-0.0281782032302755,0.0220421959121758,0.0128288690319631));
#3549=CARTESIAN_POINT('',(-0.0342403810567666,0.0255421959121758,0.01));
#3550=CARTESIAN_POINT('',(-0.0281782032302755,0.0220421959121758,0.00717113096803687));
#3551=CARTESIAN_POINT('',(-0.0281782032302755,0.0220421959121758,3.46944695195362E-19));
#3552=CARTESIAN_POINT('',(-0.0359724318643354,0.0265421959121758,0.008));
#3553=CARTESIAN_POINT('',(-0.042900635094611,0.0305421959121758,0.008));
#3554=CARTESIAN_POINT('',(-0.042900635094611,0.0305421959121758,0.01));
#3555=CARTESIAN_POINT('',(-0.042900635094611,0.0305421959121758,0.012));
#3556=CARTESIAN_POINT('',(-0.0359724318643354,0.0265421959121758,0.012));
#3557=CARTESIAN_POINT('',(-0.047900635094611,0.0218819418743314,0.01));
#3558=CARTESIAN_POINT('',(-0.0331782032302755,0.0133819418743314,0.01));
#3559=CARTESIAN_POINT('',(-0.0331782032302755,0.0133819418743314,0.00717113096803691));
#3560=CARTESIAN_POINT('',(-0.0392403810567666,0.0168819418743314,0.01));
#3561=CARTESIAN_POINT('',(-0.0331782032302755,0.0133819418743314,0.0128288690319631));
#3562=CARTESIAN_POINT('',(-0.0331782032302755,0.0133819418743314,0.01));
#3563=CARTESIAN_POINT('',(-0.0409724318643354,0.0178819418743314,0.012));
#3564=CARTESIAN_POINT('',(-0.047900635094611,0.0218819418743314,0.012));
#3565=CARTESIAN_POINT('',(-0.047900635094611,0.0218819418743314,0.01));
#3566=CARTESIAN_POINT('',(-0.047900635094611,0.0218819418743314,0.008));
#3567=CARTESIAN_POINT('',(-0.0409724318643354,0.0178819418743314,0.008));
#3568=CARTESIAN_POINT('',(-0.045400635094611,0.0262120688932536,0.01));
#3569=CARTESIAN_POINT('',(-0.047900635094611,0.0218819418743314,0.008));
#3570=CARTESIAN_POINT('',(-0.045400635094611,0.0262120688932536,0.012));
#3571=CARTESIAN_POINT('',(-0.0386903810567666,0.0178345698184943,0.01));
#3572=CARTESIAN_POINT('',(-0.0386903810567666,0.0178345698184943,0.01));
#3573=CARTESIAN_POINT('',(-0.0321518892581941,0.0140595698184943,0.01));
#3574=CARTESIAN_POINT('',(-0.0331782032302755,0.0133819418743314,0.00717113096803691));
#3575=CARTESIAN_POINT('',(-0.0328618853191741,0.0131993156432075,0.00807494348351433));
#3576=CARTESIAN_POINT('',(-0.0325608137361398,0.0129817780642496,0.00999804038289135));
#3577=CARTESIAN_POINT('',(-0.0328619017344609,0.0131993251205778,0.0119251034197471));
#3578=CARTESIAN_POINT('',(-0.0331782032302755,0.0133819418743314,0.0128288690319631));
#3579=CARTESIAN_POINT('',(-0.0365253175473055,0.0165845698184943,0.01));
#3580=CARTESIAN_POINT('',(0.0384724318643354,0.0222120688932536,0.008));
#3581=CARTESIAN_POINT('',(0.0384724318643354,0.0222120688932536,0.012));
#3582=CARTESIAN_POINT('',(5.59090980522532E-18,-0.0444241377865073,0.008));
#3583=CARTESIAN_POINT('',(1.94686976130398E-17,-0.0444241377865073,0.012));
#3584=CARTESIAN_POINT('',(-0.0384724318643354,0.0222120688932536,0.008));
#3585=CARTESIAN_POINT('',(-0.0384724318643354,0.0222120688932536,0.012));
#3586=CARTESIAN_POINT('',(-6.93889390390723E-18,0.0388482755730144,0.02));
#3587=CARTESIAN_POINT('',(-0.033643593539449,-0.0194241377865072,0.02));
#3588=CARTESIAN_POINT('',(0.033643593539449,-0.0194241377865072,0.02));
#3589=CARTESIAN_POINT('',(-0.0296967967697245,-0.00458808525419575,-0.119411920446212));
#3590=CARTESIAN_POINT('',(-0.0270145514188203,5.76999719357953E-5,0.02));
#3591=CARTESIAN_POINT('',(-0.0371076951545868,-0.0174241377865074,-0.119411920446212));
#3592=CARTESIAN_POINT('',(-0.033643593539449,-0.0194241377865072,-0.119411920446212));
#3593=CARTESIAN_POINT('',(-0.033643593539449,-0.0234241377865072,-0.119411920446212));
#3594=CARTESIAN_POINT('',(-0.0188217967697245,-0.0234241377865072,-0.119411920446212));
#3595=CARTESIAN_POINT('',(-0.0138636989756045,-0.0234241377865072,-0.119411920446212));
#3596=CARTESIAN_POINT('',(-0.0104141593281601,-0.0171979996253052,-0.119411920446212));
#3597=CARTESIAN_POINT('',(-0.0160592557765675,-0.0117183804542021,0.));
#3598=CARTESIAN_POINT('',(-0.0110776521757401,-0.0165539560450551,-0.119411920446212));
#3599=CARTESIAN_POINT('',(-0.0195571085205912,-0.00136194709299362,-0.119411920446212));
#3600=CARTESIAN_POINT('',(-0.0171210871522441,-0.00994082561439356,0.02));
#3601=CARTESIAN_POINT('',(-0.0197025716281416,-0.000849673126420569,0.));
#3602=CARTESIAN_POINT('',(0.0104141593281601,-0.0171979996253051,-0.119411920446212));
#3603=CARTESIAN_POINT('',(0.0160592557765675,-0.0117183804542021,0.02));
#3604=CARTESIAN_POINT('',(0.0110776521757401,-0.0165539560450551,0.));
#3605=CARTESIAN_POINT('',(0.0188217967697245,-0.0234241377865072,-0.119411920446212));
#3606=CARTESIAN_POINT('',(0.0138636989756045,-0.0234241377865072,0.02));
#3607=CARTESIAN_POINT('',(0.033643593539449,-0.0234241377865072,-0.119411920446212));
#3608=CARTESIAN_POINT('',(0.033643593539449,-0.0194241377865072,-0.119411920446212));
#3609=CARTESIAN_POINT('',(0.0371076951545867,-0.0174241377865072,-0.119411920446212));
#3610=CARTESIAN_POINT('',(0.0296967967697245,-0.00458808525419568,-0.119411920446212));
#3611=CARTESIAN_POINT('',(0.0270145514188203,5.76999719357875E-5,-0.119411920446212));
#3612=CARTESIAN_POINT('',(0.0195571085205912,-0.00136194709299361,-0.119411920446212));
#3613=CARTESIAN_POINT('',(0.0171210871522441,-0.00994082561439355,0.));
#3614=CARTESIAN_POINT('',(0.0197025716281416,-0.000849673126420574,-0.119411920446212));
#3615=CARTESIAN_POINT('',(0.00914294919243112,0.017626016360942,-0.119411920446212));
#3616=CARTESIAN_POINT('',(0.00103527618041009,0.0197984607970087,-0.119411920446212));
#3617=CARTESIAN_POINT('',(0.00895809346456822,0.0176755483039392,-0.119411920446212));
#3618=CARTESIAN_POINT('',(0.010875,0.0280122230407029,-0.119411920446212));
#3619=CARTESIAN_POINT('',(0.0134574712601161,0.0235392516090955,-0.119411920446212));
#3620=CARTESIAN_POINT('',(0.00346410161513774,0.0408482755730145,-0.119411920446212));
#3621=CARTESIAN_POINT('',(-8.02309607639273E-18,0.0388482755730144,-0.119411920446212));
#3622=CARTESIAN_POINT('',(-0.00346410161513774,0.0408482755730145,-0.119411920446212));
#3623=CARTESIAN_POINT('',(-0.010875,0.028012223040703,-0.119411920446212));
#3624=CARTESIAN_POINT('',(-0.0134574712601161,0.0235392516090955,-0.119411920446212));
#3625=CARTESIAN_POINT('',(-0.00914294919243113,0.0176260163609421,-0.119411920446212));
#3626=CARTESIAN_POINT('',(-0.00103527618041008,0.0197984607970087,-0.119411920446212));
#3627=CARTESIAN_POINT('',(-0.00895809346456822,0.0176755483039392,-0.119411920446212));
#3628=CARTESIAN_POINT('',(-0.0132732089767031,-0.00884819871274992,-0.119411920446212));
#3629=CARTESIAN_POINT('',(0.0132732089767031,-0.00884819871274992,-0.119411920446212));
#3630=CARTESIAN_POINT('',(5.20417042793042E-18,0.0159347574918524,-0.119411920446212));
#3631=CARTESIAN_POINT('',(0.0099933696449783,0.0215392516090955,-0.119411920446212));
#3632=CARTESIAN_POINT('',(-0.0099933696449783,0.0215392516090955,-0.119411920446212));
#3633=CARTESIAN_POINT('',(0.0138636989756045,-0.0194241377865072,-0.119411920446212));
#3634=CARTESIAN_POINT('',(0.0235504498036826,-0.00194230002806421,-0.119411920446212));
#3635=CARTESIAN_POINT('',(-0.0138636989756045,-0.0194241377865072,-0.119411920446212));
#3636=CARTESIAN_POINT('',(-0.0235504498036826,-0.0019423000280642,-0.119411920446212));
#3637=CARTESIAN_POINT('',(0.015,1.7347234759768E-18,0.005));
#3638=CARTESIAN_POINT('',(0.015,-0.0064566287877041,0.));
#3639=CARTESIAN_POINT('',(0.015,-0.007,0.005));
#3640=CARTESIAN_POINT('',(-1.7347234759768E-18,-0.01,0.005));
#3641=CARTESIAN_POINT('',(-0.012,-0.01,0.005));
#3642=CARTESIAN_POINT('',(0.012,-0.01,0.005));
#3643=CARTESIAN_POINT('',(1.7347234759768E-18,0.01,0.005));
#3644=CARTESIAN_POINT('',(0.012,0.01,0.005));
#3645=CARTESIAN_POINT('',(-0.012,0.01,0.005));
#3646=CARTESIAN_POINT('',(0.01016,-0.00635,0.01));
#3647=CARTESIAN_POINT('',(0.01016,-0.00635,0.01));
#3648=CARTESIAN_POINT('',(0.00791,-0.00635,0.01));
#3649=CARTESIAN_POINT('',(0.,0.,0.01));
#3650=CARTESIAN_POINT('',(0.01016,0.00635,0.01));
#3651=CARTESIAN_POINT('',(0.01016,0.00635,0.01));
#3652=CARTESIAN_POINT('',(0.00791,0.00635,0.01));
#3653=CARTESIAN_POINT('',(0.,0.,0.01));
#3654=CARTESIAN_POINT('',(-0.01016,0.00635,0.01));
#3655=CARTESIAN_POINT('',(-0.01016,0.00635,0.01));
#3656=CARTESIAN_POINT('',(-0.01241,0.00635,0.01));
#3657=CARTESIAN_POINT('',(0.,0.,0.01));
#3658=CARTESIAN_POINT('',(-0.01016,-0.00635,0.01));
#3659=CARTESIAN_POINT('',(-0.01016,-0.00635,0.01));
#3660=CARTESIAN_POINT('',(-0.01241,-0.00635,0.01));
#3661=CARTESIAN_POINT('',(0.,0.,0.01));
#3662=CARTESIAN_POINT('',(-0.00791,0.00762,0.015));
#3663=CARTESIAN_POINT('',(-0.01016,0.00762,0.015));
#3664=CARTESIAN_POINT('',(-0.01241,0.00762,0.015));
#3665=CARTESIAN_POINT('',(-0.01016,0.00762,0.02));
#3666=CARTESIAN_POINT('',(0.01241,0.00762,0.015));
#3667=CARTESIAN_POINT('',(0.01016,0.00762,0.015));
#3668=CARTESIAN_POINT('',(0.00791,0.00762,0.015));
#3669=CARTESIAN_POINT('',(0.01016,0.00762,0.02));
#3670=CARTESIAN_POINT('',(0.01241,-0.00762,0.015));
#3671=CARTESIAN_POINT('',(0.01016,-0.00762,0.015));
#3672=CARTESIAN_POINT('',(0.00791,-0.00762,0.015));
#3673=CARTESIAN_POINT('',(0.01016,-0.00762,0.02));
#3674=CARTESIAN_POINT('',(-0.00791,-0.00762,0.015));
#3675=CARTESIAN_POINT('',(-0.01016,-0.00762,0.015));
#3676=CARTESIAN_POINT('',(-0.01241,-0.00762,0.015));
#3677=CARTESIAN_POINT('',(-0.01016,-0.00762,0.02));
#3678=CARTESIAN_POINT('',(3.46944695195361E-18,-0.0244241374247,0.02));
#3679=CARTESIAN_POINT('',(3.46944695195361E-18,-0.0244241374247,0.01777));
#3680=CARTESIAN_POINT('',(-0.00225,-0.0244241374247,0.01777));
#3681=CARTESIAN_POINT('',(3.46944695195361E-18,-0.0244241374247,0.02));
#3682=CARTESIAN_POINT('',(0.0211519234753124,0.01221206871235,0.02));
#3683=CARTESIAN_POINT('',(0.0211519234753124,0.01221206871235,0.01777));
#3684=CARTESIAN_POINT('',(0.0189019234753125,0.01221206871235,0.01777));
#3685=CARTESIAN_POINT('',(0.0211519234753124,0.01221206871235,0.02));
#3686=CARTESIAN_POINT('',(-0.0211519234753124,0.01221206871235,0.02));
#3687=CARTESIAN_POINT('',(-0.0211519234753124,0.01221206871235,0.01777));
#3688=CARTESIAN_POINT('',(-0.0234019234753124,0.01221206871235,0.01777));
#3689=CARTESIAN_POINT('',(-0.0211519234753124,0.01221206871235,0.02));
#3690=CARTESIAN_POINT('',(0.01766,-2.60208521396521E-18,0.139411920446212));
#3691=CARTESIAN_POINT('',(0.01766,-0.00235,0.139411920446212));
#3692=CARTESIAN_POINT('',(0.01616,-0.00235,0.139411920446212));
#3693=CARTESIAN_POINT('',(0.01616,-0.00235,0.018));
#3694=CARTESIAN_POINT('',(0.01616,-0.00385,0.018));
#3695=CARTESIAN_POINT('',(0.01616,-0.00385,0.018));
#3696=CARTESIAN_POINT('',(0.0167733333333334,-0.00371887626256804,0.139411920446212));
#3697=CARTESIAN_POINT('',(-0.01616,0.00235,0.139411920446212));
#3698=CARTESIAN_POINT('',(-0.01616,0.00235,0.018));
#3699=CARTESIAN_POINT('',(-0.01616,0.00385,0.018));
#3700=CARTESIAN_POINT('',(-0.01616,0.00385,0.018));
#3701=CARTESIAN_POINT('',(-0.01766,0.00235,0.139411920446212));
#3702=CARTESIAN_POINT('',(-0.0167733333333334,0.00371887626256804,0.139411920446212));
#3703=CARTESIAN_POINT('',(-0.01616,-0.00235,0.139411920446212));
#3704=CARTESIAN_POINT('',(-0.01766,-0.00235,0.139411920446212));
#3705=CARTESIAN_POINT('',(-0.01616,-0.00385,0.018));
#3706=CARTESIAN_POINT('',(-0.01616,-0.00385,0.018));
#3707=CARTESIAN_POINT('',(-0.01616,-0.00235,0.018));
#3708=CARTESIAN_POINT('',(-0.0167733333333334,-0.00371887626256803,0.139411920446212));
#3709=CARTESIAN_POINT('',(-0.01766,1.7347234759768E-18,0.139411920446212));
#3710=CARTESIAN_POINT('',(-0.018,-0.00645662878770409,0.139411920446212));
#3711=CARTESIAN_POINT('',(-0.018,0.0064566287877041,0.139411920446212));
#3712=CARTESIAN_POINT('',(0.018,-0.0064566287877041,0.139411920446212));
#3713=CARTESIAN_POINT('',(0.018,0.00645662878770409,0.139411920446212));
#3714=CARTESIAN_POINT('',(0.012,0.007,0.005));
#3715=CARTESIAN_POINT('',(-0.012,0.007,0.005));
#3716=CARTESIAN_POINT('',(-0.012,-0.007,0.005));
#3717=CARTESIAN_POINT('',(0.012,-0.007,0.005));
#3718=CARTESIAN_POINT('',(-1.38777878078145E-17,0.00121206889325361,0.018));
#3719=CARTESIAN_POINT('',(0.,0.00385,0.018));
#3720=CARTESIAN_POINT('',(3.46944695195361E-18,-0.00385,0.018));
#3721=CARTESIAN_POINT('',(0.,0.00385,0.018));
#3722=CARTESIAN_POINT('',(3.46944695195361E-18,-0.00385,0.018));
#3723=CARTESIAN_POINT('',(-0.0039,-0.0399241377865073,0.01));
#3724=CARTESIAN_POINT('',(-0.0039,-0.0424241377865073,0.01));
#3725=CARTESIAN_POINT('',(-0.0039,-0.0499741377865073,0.01));
#3726=CARTESIAN_POINT('',(-0.0039,-0.0424241377865073,0.01));
#3727=CARTESIAN_POINT('',(-0.005,-0.0354241377865072,0.0128288690319631));
#3728=CARTESIAN_POINT('',(-0.005,-0.0350588853242594,0.0119250565164857));
#3729=CARTESIAN_POINT('',(-0.00503785727813816,-0.0346893808955152,0.0100019596171087));
#3730=CARTESIAN_POINT('',(-0.005,-0.035058904279,0.0080748965802529));
#3731=CARTESIAN_POINT('',(-0.005,-0.0354241377865072,0.00717113096803689));
#3732=CARTESIAN_POINT('',(0.0365253175473055,0.0165845698184943,0.01));
#3733=CARTESIAN_POINT('',(0.0386903810567666,0.0178345698184943,0.01));
#3734=CARTESIAN_POINT('',(0.0452288728553391,0.0216095698184943,0.01));
#3735=CARTESIAN_POINT('',(0.0386903810567666,0.0178345698184943,0.01));
#3736=CARTESIAN_POINT('',(0.0331782032302755,0.0133819418743314,0.0128288690319631));
#3737=CARTESIAN_POINT('',(0.0328618853191741,0.0131993156432075,0.0119250565164857));
#3738=CARTESIAN_POINT('',(0.0325608137361398,0.0129817780642496,0.0100019596171087));
#3739=CARTESIAN_POINT('',(0.0328619017344609,0.0131993251205778,0.00807489658025291));
#3740=CARTESIAN_POINT('',(0.0331782032302755,0.0133819418743314,0.0071711309680369));
#3741=CARTESIAN_POINT('',(-0.0326253175473055,0.0233395679680129,0.01));
#3742=CARTESIAN_POINT('',(-0.0347903810567666,0.024589567968013,0.01));
#3743=CARTESIAN_POINT('',(-0.0413288728553391,0.028364567968013,0.01));
#3744=CARTESIAN_POINT('',(-0.0347903810567666,0.024589567968013,0.01));
#3745=CARTESIAN_POINT('',(-0.0281782032302755,0.0220421959121758,0.0128288690319631));
#3746=CARTESIAN_POINT('',(-0.0278618853191741,0.0218595696810519,0.0119250565164857));
#3747=CARTESIAN_POINT('',(-0.0275229564580016,0.0217076028312656,0.0100019596171087));
#3748=CARTESIAN_POINT('',(-0.0278619017344609,0.0218595791584222,0.00807489658025289));
#3749=CARTESIAN_POINT('',(-0.0281782032302755,0.0220421959121758,0.00717113096803688));
#3750=CARTESIAN_POINT('',(0.0371782032302755,0.0064537386440559,0.01));
#3751=CARTESIAN_POINT('',(0.0241782032302755,0.0289703991424513,0.02));
#3752=CARTESIAN_POINT('',(-0.0241782032302755,0.0289703991424514,0.01));
#3753=CARTESIAN_POINT('',(-0.0371782032302755,0.00645373864405593,0.02));
#3754=CARTESIAN_POINT('',(-0.013,-0.0354241377865072,0.01));
#3755=CARTESIAN_POINT('',(0.013,-0.0354241377865072,0.02));
#3756=MECHANICAL_DESIGN_GEOMETRIC_PRESENTATION_REPRESENTATION('',(#2174),
#3757);
#3757=(
GEOMETRIC_REPRESENTATION_CONTEXT(3)
GLOBAL_UNCERTAINTY_ASSIGNED_CONTEXT((#3758))
GLOBAL_UNIT_ASSIGNED_CONTEXT((#3761,#3760,#3759))
REPRESENTATION_CONTEXT('Part 1','TOP_LEVEL_ASSEMBLY_PART')
);
#3758=UNCERTAINTY_MEASURE_WITH_UNIT(LENGTH_MEASURE(2.E-5),#3761,
'DISTANCE_ACCURACY_VALUE','Maximum Tolerance applied to model');
#3759=(
NAMED_UNIT(*)
SI_UNIT($,.STERADIAN.)
SOLID_ANGLE_UNIT()
);
#3760=(
NAMED_UNIT(*)
PLANE_ANGLE_UNIT()
SI_UNIT($,.RADIAN.)
);
#3761=(
LENGTH_UNIT()
NAMED_UNIT(*)
SI_UNIT($,.METRE.)
);
#3762=PRODUCT_DEFINITION_SHAPE('','',#3763);
#3763=PRODUCT_DEFINITION('','',#3765,#3764);
#3764=PRODUCT_DEFINITION_CONTEXT('',#3771,'design');
#3765=PRODUCT_DEFINITION_FORMATION_WITH_SPECIFIED_SOURCE('','',#3767,
 .NOT_KNOWN.);
#3766=PRODUCT_RELATED_PRODUCT_CATEGORY('','',(#3767));
#3767=PRODUCT('Part 1','Part 1','Part 1',(#3769));
#3768=PRODUCT_CATEGORY('','');
#3769=PRODUCT_CONTEXT('',#3771,'mechanical');
#3770=APPLICATION_PROTOCOL_DEFINITION('international standard',
'ap242_managed_model_based_3d_engineering',2011,#3771);
#3771=APPLICATION_CONTEXT('managed model based 3d engineering');
ENDSEC;
END-ISO-10303-21;
