ISO-10303-21;
HEADER;
/* Generated by software containing ST-Developer
 * from STEP Tools, Inc. (www.steptools.com) 
 */
/* OPTION: using custom renumber hook */

FILE_DESCRIPTION(
/* description */ ('STEP AP242',
'CAx-IF Rec.Pracs.---Representation and Presentation of Product Manufa
cturing Information (PMI)---4.0---2014-10-13',
'CAx-IF Rec.Pracs.---3D Tessellated Geometry---0.4---2014-09-14','2;1'),

/* implementation_level */ '2;1');

FILE_NAME(
/* name */ '687400f1d1955a75fb7b320d',
/* time_stamp */ '2025-07-13T18:54:41Z',
/* author */ (''),
/* organization */ (''),
/* preprocessor_version */ 'ST-DEVELOPER v20',
/* originating_system */ 'ONSHAPE BY PTC INC, 1.200',
/* authorisation */ '  ');

FILE_SCHEMA (('AP242_MANAGED_MODEL_BASED_3D_ENGINEERING_MIM_LF { 1 0 10303 442 1 1 4 }'));
ENDSEC;

DATA;
#10=SHAPE_REPRESENTATION_RELATIONSHIP('','',#3540,#11);
#11=ADVANCED_BREP_SHAPE_REPRESENTATION('',(#3538),#6062);
#12=CONICAL_SURFACE('',#3774,0.002815,0.78539816339744);
#13=CONICAL_SURFACE('',#3777,0.002815,0.78539816339744);
#14=CONICAL_SURFACE('',#3780,0.002815,0.78539816339744);
#15=CONICAL_SURFACE('',#3783,0.002815,0.78539816339744);
#16=CONICAL_SURFACE('',#3789,0.002815,0.785398163397441);
#17=CONICAL_SURFACE('',#3792,0.002815,0.785398163397441);
#18=CONICAL_SURFACE('',#3795,0.002815,0.785398163397441);
#19=CONICAL_SURFACE('',#3798,0.002815,0.785398163397441);
#20=CONICAL_SURFACE('',#3804,0.002815,0.785398163397446);
#21=CONICAL_SURFACE('',#3807,0.002815,0.785398163397446);
#22=CONICAL_SURFACE('',#3810,0.002815,0.785398163397446);
#23=CONICAL_SURFACE('',#3813,0.002815,0.785398163397446);
#24=CONICAL_SURFACE('',#3841,0.00448,0.785398163397448);
#25=CONICAL_SURFACE('',#3845,0.00448,0.785398163397448);
#26=CONICAL_SURFACE('',#3849,0.00448,0.785398163397448);
#27=CONICAL_SURFACE('',#3853,0.00448,0.785398163397448);
#28=CONICAL_SURFACE('',#3857,0.00448,0.785398163397448);
#29=CONICAL_SURFACE('',#3861,0.00448,0.785398163397448);
#30=CONICAL_SURFACE('',#3865,0.00448,0.785398163397448);
#31=CONICAL_SURFACE('',#3869,0.00448,0.785398163397448);
#32=CYLINDRICAL_SURFACE('',#3772,0.00145);
#33=CYLINDRICAL_SURFACE('',#3775,0.00145);
#34=CYLINDRICAL_SURFACE('',#3778,0.00145);
#35=CYLINDRICAL_SURFACE('',#3781,0.00145);
#36=CYLINDRICAL_SURFACE('',#3784,0.01075);
#37=CYLINDRICAL_SURFACE('',#3787,0.00145);
#38=CYLINDRICAL_SURFACE('',#3790,0.00145);
#39=CYLINDRICAL_SURFACE('',#3793,0.00145);
#40=CYLINDRICAL_SURFACE('',#3796,0.00145);
#41=CYLINDRICAL_SURFACE('',#3799,0.01075);
#42=CYLINDRICAL_SURFACE('',#3802,0.00145);
#43=CYLINDRICAL_SURFACE('',#3805,0.00145);
#44=CYLINDRICAL_SURFACE('',#3808,0.00145);
#45=CYLINDRICAL_SURFACE('',#3811,0.00145);
#46=CYLINDRICAL_SURFACE('',#3814,0.01075);
#47=CYLINDRICAL_SURFACE('',#3817,0.008);
#48=CYLINDRICAL_SURFACE('',#3818,0.008);
#49=CYLINDRICAL_SURFACE('',#3819,0.008);
#50=CYLINDRICAL_SURFACE('',#3820,0.008);
#51=CYLINDRICAL_SURFACE('',#3821,0.008);
#52=CYLINDRICAL_SURFACE('',#3822,0.008);
#53=CYLINDRICAL_SURFACE('',#3823,0.015);
#54=CYLINDRICAL_SURFACE('',#3824,0.004);
#55=CYLINDRICAL_SURFACE('',#3825,0.004);
#56=CYLINDRICAL_SURFACE('',#3826,0.004);
#57=CYLINDRICAL_SURFACE('',#3827,0.004);
#58=CYLINDRICAL_SURFACE('',#3828,0.004);
#59=CYLINDRICAL_SURFACE('',#3829,0.004);
#60=CYLINDRICAL_SURFACE('',#3830,0.004);
#61=CYLINDRICAL_SURFACE('',#3831,0.004);
#62=CYLINDRICAL_SURFACE('',#3832,0.004);
#63=CYLINDRICAL_SURFACE('',#3833,0.004);
#64=CYLINDRICAL_SURFACE('',#3834,0.004);
#65=CYLINDRICAL_SURFACE('',#3835,0.004);
#66=CYLINDRICAL_SURFACE('',#3836,0.004);
#67=CYLINDRICAL_SURFACE('',#3837,0.004);
#68=CYLINDRICAL_SURFACE('',#3838,0.004);
#69=CYLINDRICAL_SURFACE('',#3839,0.00225);
#70=CYLINDRICAL_SURFACE('',#3843,0.00225);
#71=CYLINDRICAL_SURFACE('',#3847,0.00225);
#72=CYLINDRICAL_SURFACE('',#3851,0.00225);
#73=CYLINDRICAL_SURFACE('',#3855,0.00225);
#74=CYLINDRICAL_SURFACE('',#3859,0.00225);
#75=CYLINDRICAL_SURFACE('',#3863,0.00225);
#76=CYLINDRICAL_SURFACE('',#3867,0.00225);
#77=CYLINDRICAL_SURFACE('',#3874,0.02);
#78=CYLINDRICAL_SURFACE('',#3876,0.02);
#79=CYLINDRICAL_SURFACE('',#3878,0.03);
#80=CYLINDRICAL_SURFACE('',#3881,0.075);
#81=CYLINDRICAL_SURFACE('',#3883,0.065);
#82=CYLINDRICAL_SURFACE('',#3885,0.075);
#83=CYLINDRICAL_SURFACE('',#3887,0.065);
#84=CYLINDRICAL_SURFACE('',#3889,0.075);
#85=CYLINDRICAL_SURFACE('',#3891,0.065);
#86=CYLINDRICAL_SURFACE('',#3892,0.02);
#87=CYLINDRICAL_SURFACE('',#3897,0.02);
#88=CYLINDRICAL_SURFACE('',#3903,0.03);
#89=CYLINDRICAL_SURFACE('',#3905,0.02);
#90=CYLINDRICAL_SURFACE('',#3906,0.02);
#91=CYLINDRICAL_SURFACE('',#3908,0.03);
#92=CYLINDRICAL_SURFACE('',#3910,0.008);
#93=CYLINDRICAL_SURFACE('',#3911,0.008);
#94=CYLINDRICAL_SURFACE('',#3912,0.008);
#95=CYLINDRICAL_SURFACE('',#3913,0.008);
#96=CYLINDRICAL_SURFACE('',#3914,0.008);
#97=CYLINDRICAL_SURFACE('',#3915,0.008);
#98=CYLINDRICAL_SURFACE('',#3916,0.008);
#99=CYLINDRICAL_SURFACE('',#3917,0.008);
#100=CYLINDRICAL_SURFACE('',#3918,0.008);
#101=CYLINDRICAL_SURFACE('',#3919,0.008);
#102=CYLINDRICAL_SURFACE('',#3920,0.008);
#103=CYLINDRICAL_SURFACE('',#3921,0.008);
#104=CYLINDRICAL_SURFACE('',#3922,0.008);
#105=CYLINDRICAL_SURFACE('',#3923,0.008);
#106=CYLINDRICAL_SURFACE('',#3924,0.008);
#107=CYLINDRICAL_SURFACE('',#3925,0.004);
#108=CYLINDRICAL_SURFACE('',#3926,0.004);
#109=CYLINDRICAL_SURFACE('',#3927,0.004);
#110=CYLINDRICAL_SURFACE('',#3928,0.004);
#111=CYLINDRICAL_SURFACE('',#3929,0.004);
#112=CYLINDRICAL_SURFACE('',#3930,0.004);
#113=CYLINDRICAL_SURFACE('',#3931,0.004);
#114=CYLINDRICAL_SURFACE('',#3932,0.004);
#115=CYLINDRICAL_SURFACE('',#3933,0.004);
#116=CYLINDRICAL_SURFACE('',#3934,0.004);
#117=CYLINDRICAL_SURFACE('',#3935,0.004);
#118=CYLINDRICAL_SURFACE('',#3936,0.004);
#119=CYLINDRICAL_SURFACE('',#3937,0.004);
#120=CYLINDRICAL_SURFACE('',#3938,0.004);
#121=CYLINDRICAL_SURFACE('',#3939,0.004);
#122=CYLINDRICAL_SURFACE('',#3940,0.004);
#123=CYLINDRICAL_SURFACE('',#3941,0.004);
#124=CYLINDRICAL_SURFACE('',#3942,0.004);
#125=CYLINDRICAL_SURFACE('',#3943,0.004);
#126=CYLINDRICAL_SURFACE('',#3944,0.004);
#127=CYLINDRICAL_SURFACE('',#3945,0.004);
#128=CYLINDRICAL_SURFACE('',#3946,0.004);
#129=CYLINDRICAL_SURFACE('',#3947,0.004);
#130=CYLINDRICAL_SURFACE('',#3948,0.004);
#131=CYLINDRICAL_SURFACE('',#3949,0.00448);
#132=CYLINDRICAL_SURFACE('',#3950,0.00448);
#133=CYLINDRICAL_SURFACE('',#3951,0.00448);
#134=CYLINDRICAL_SURFACE('',#3952,0.00448);
#135=CYLINDRICAL_SURFACE('',#3953,0.00448);
#136=CYLINDRICAL_SURFACE('',#3954,0.00448);
#137=CYLINDRICAL_SURFACE('',#3955,0.00448);
#138=CYLINDRICAL_SURFACE('',#3956,0.00448);
#139=LINE('',#5054,#394);
#140=LINE('',#5063,#395);
#141=LINE('',#5072,#396);
#142=LINE('',#5077,#397);
#143=LINE('',#5079,#398);
#144=LINE('',#5081,#399);
#145=LINE('',#5083,#400);
#146=LINE('',#5085,#401);
#147=LINE('',#5087,#402);
#148=LINE('',#5089,#403);
#149=LINE('',#5093,#404);
#150=LINE('',#5095,#405);
#151=LINE('',#5099,#406);
#152=LINE('',#5103,#407);
#153=LINE('',#5105,#408);
#154=LINE('',#5107,#409);
#155=LINE('',#5109,#410);
#156=LINE('',#5111,#411);
#157=LINE('',#5113,#412);
#158=LINE('',#5115,#413);
#159=LINE('',#5119,#414);
#160=LINE('',#5121,#415);
#161=LINE('',#5125,#416);
#162=LINE('',#5129,#417);
#163=LINE('',#5131,#418);
#164=LINE('',#5133,#419);
#165=LINE('',#5135,#420);
#166=LINE('',#5137,#421);
#167=LINE('',#5139,#422);
#168=LINE('',#5141,#423);
#169=LINE('',#5145,#424);
#170=LINE('',#5147,#425);
#171=LINE('',#5150,#426);
#172=LINE('',#5155,#427);
#173=LINE('',#5159,#428);
#174=LINE('',#5167,#429);
#175=LINE('',#5170,#430);
#176=LINE('',#5179,#431);
#177=LINE('',#5191,#432);
#178=LINE('',#5199,#433);
#179=LINE('',#5207,#434);
#180=LINE('',#5215,#435);
#181=LINE('',#5223,#436);
#182=LINE('',#5231,#437);
#183=LINE('',#5234,#438);
#184=LINE('',#5239,#439);
#185=LINE('',#5247,#440);
#186=LINE('',#5251,#441);
#187=LINE('',#5254,#442);
#188=LINE('',#5259,#443);
#189=LINE('',#5267,#444);
#190=LINE('',#5271,#445);
#191=LINE('',#5274,#446);
#192=LINE('',#5283,#447);
#193=LINE('',#5304,#448);
#194=LINE('',#5308,#449);
#195=LINE('',#5312,#450);
#196=LINE('',#5316,#451);
#197=LINE('',#5319,#452);
#198=LINE('',#5328,#453);
#199=LINE('',#5335,#454);
#200=LINE('',#5344,#455);
#201=LINE('',#5351,#456);
#202=LINE('',#5356,#457);
#203=LINE('',#5360,#458);
#204=LINE('',#5368,#459);
#205=LINE('',#5389,#460);
#206=LINE('',#5394,#461);
#207=LINE('',#5398,#462);
#208=LINE('',#5402,#463);
#209=LINE('',#5406,#464);
#210=LINE('',#5410,#465);
#211=LINE('',#5418,#466);
#212=LINE('',#5426,#467);
#213=LINE('',#5429,#468);
#214=LINE('',#5438,#469);
#215=LINE('',#5450,#470);
#216=LINE('',#5454,#471);
#217=LINE('',#5458,#472);
#218=LINE('',#5462,#473);
#219=LINE('',#5470,#474);
#220=LINE('',#5478,#475);
#221=LINE('',#5486,#476);
#222=LINE('',#5494,#477);
#223=LINE('',#5498,#478);
#224=LINE('',#5503,#479);
#225=LINE('',#5507,#480);
#226=LINE('',#5511,#481);
#227=LINE('',#5512,#482);
#228=LINE('',#5513,#483);
#229=LINE('',#5514,#484);
#230=LINE('',#5516,#485);
#231=LINE('',#5521,#486);
#232=LINE('',#5523,#487);
#233=LINE('',#5524,#488);
#234=LINE('',#5528,#489);
#235=LINE('',#5532,#490);
#236=LINE('',#5536,#491);
#237=LINE('',#5538,#492);
#238=LINE('',#5540,#493);
#239=LINE('',#5542,#494);
#240=LINE('',#5543,#495);
#241=LINE('',#5545,#496);
#242=LINE('',#5550,#497);
#243=LINE('',#5551,#498);
#244=LINE('',#5552,#499);
#245=LINE('',#5553,#500);
#246=LINE('',#5555,#501);
#247=LINE('',#5559,#502);
#248=LINE('',#5563,#503);
#249=LINE('',#5567,#504);
#250=LINE('',#5571,#505);
#251=LINE('',#5575,#506);
#252=LINE('',#5577,#507);
#253=LINE('',#5579,#508);
#254=LINE('',#5583,#509);
#255=LINE('',#5585,#510);
#256=LINE('',#5587,#511);
#257=LINE('',#5589,#512);
#258=LINE('',#5590,#513);
#259=LINE('',#5592,#514);
#260=LINE('',#5597,#515);
#261=LINE('',#5601,#516);
#262=LINE('',#5605,#517);
#263=LINE('',#5606,#518);
#264=LINE('',#5607,#519);
#265=LINE('',#5608,#520);
#266=LINE('',#5610,#521);
#267=LINE('',#5615,#522);
#268=LINE('',#5617,#523);
#269=LINE('',#5618,#524);
#270=LINE('',#5622,#525);
#271=LINE('',#5626,#526);
#272=LINE('',#5630,#527);
#273=LINE('',#5632,#528);
#274=LINE('',#5634,#529);
#275=LINE('',#5636,#530);
#276=LINE('',#5637,#531);
#277=LINE('',#5639,#532);
#278=LINE('',#5640,#533);
#279=LINE('',#5642,#534);
#280=LINE('',#5643,#535);
#281=LINE('',#5645,#536);
#282=LINE('',#5646,#537);
#283=LINE('',#5658,#538);
#284=LINE('',#5660,#539);
#285=LINE('',#5661,#540);
#286=LINE('',#5665,#541);
#287=LINE('',#5667,#542);
#288=LINE('',#5670,#543);
#289=LINE('',#5683,#544);
#290=LINE('',#5695,#545);
#291=LINE('',#5697,#546);
#292=LINE('',#5698,#547);
#293=LINE('',#5702,#548);
#294=LINE('',#5704,#549);
#295=LINE('',#5707,#550);
#296=LINE('',#5720,#551);
#297=LINE('',#5732,#552);
#298=LINE('',#5734,#553);
#299=LINE('',#5735,#554);
#300=LINE('',#5739,#555);
#301=LINE('',#5741,#556);
#302=LINE('',#5744,#557);
#303=LINE('',#5757,#558);
#304=LINE('',#5776,#559);
#305=LINE('',#5777,#560);
#306=LINE('',#5779,#561);
#307=LINE('',#5780,#562);
#308=LINE('',#5799,#563);
#309=LINE('',#5800,#564);
#310=LINE('',#5802,#565);
#311=LINE('',#5803,#566);
#312=LINE('',#5822,#567);
#313=LINE('',#5823,#568);
#314=LINE('',#5825,#569);
#315=LINE('',#5826,#570);
#316=LINE('',#5898,#571);
#317=LINE('',#5899,#572);
#318=LINE('',#5901,#573);
#319=LINE('',#5902,#574);
#320=LINE('',#5904,#575);
#321=LINE('',#5905,#576);
#322=LINE('',#5907,#577);
#323=LINE('',#5908,#578);
#324=LINE('',#5910,#579);
#325=LINE('',#5911,#580);
#326=LINE('',#5913,#581);
#327=LINE('',#5914,#582);
#328=LINE('',#5916,#583);
#329=LINE('',#5917,#584);
#330=LINE('',#5919,#585);
#331=LINE('',#5920,#586);
#332=LINE('',#5922,#587);
#333=LINE('',#5923,#588);
#334=LINE('',#5925,#589);
#335=LINE('',#5926,#590);
#336=LINE('',#5928,#591);
#337=LINE('',#5929,#592);
#338=LINE('',#5931,#593);
#339=LINE('',#5932,#594);
#340=LINE('',#5934,#595);
#341=LINE('',#5935,#596);
#342=LINE('',#5937,#597);
#343=LINE('',#5938,#598);
#344=LINE('',#5940,#599);
#345=LINE('',#5941,#600);
#346=LINE('',#5943,#601);
#347=LINE('',#5944,#602);
#348=LINE('',#5946,#603);
#349=LINE('',#5947,#604);
#350=LINE('',#5949,#605);
#351=LINE('',#5950,#606);
#352=LINE('',#5952,#607);
#353=LINE('',#5953,#608);
#354=LINE('',#5955,#609);
#355=LINE('',#5956,#610);
#356=LINE('',#5958,#611);
#357=LINE('',#5959,#612);
#358=LINE('',#5961,#613);
#359=LINE('',#5962,#614);
#360=LINE('',#5964,#615);
#361=LINE('',#5965,#616);
#362=LINE('',#5967,#617);
#363=LINE('',#5968,#618);
#364=LINE('',#5970,#619);
#365=LINE('',#5971,#620);
#366=LINE('',#5973,#621);
#367=LINE('',#5974,#622);
#368=LINE('',#5976,#623);
#369=LINE('',#5977,#624);
#370=LINE('',#5979,#625);
#371=LINE('',#5980,#626);
#372=LINE('',#5982,#627);
#373=LINE('',#5983,#628);
#374=LINE('',#5985,#629);
#375=LINE('',#5986,#630);
#376=LINE('',#5988,#631);
#377=LINE('',#5989,#632);
#378=LINE('',#5991,#633);
#379=LINE('',#5992,#634);
#380=LINE('',#5994,#635);
#381=LINE('',#5995,#636);
#382=LINE('',#5997,#637);
#383=LINE('',#5998,#638);
#384=LINE('',#6000,#639);
#385=LINE('',#6001,#640);
#386=LINE('',#6003,#641);
#387=LINE('',#6004,#642);
#388=LINE('',#6006,#643);
#389=LINE('',#6007,#644);
#390=LINE('',#6009,#645);
#391=LINE('',#6010,#646);
#392=LINE('',#6012,#647);
#393=LINE('',#6013,#648);
#394=VECTOR('',#3969,1.);
#395=VECTOR('',#3976,1.);
#396=VECTOR('',#3985,1.);
#397=VECTOR('',#3988,1.);
#398=VECTOR('',#3989,1.);
#399=VECTOR('',#3990,1.);
#400=VECTOR('',#3991,1.);
#401=VECTOR('',#3992,1.);
#402=VECTOR('',#3993,1.);
#403=VECTOR('',#3994,1.);
#404=VECTOR('',#3997,1.);
#405=VECTOR('',#3998,1.);
#406=VECTOR('',#4001,1.);
#407=VECTOR('',#4004,1.);
#408=VECTOR('',#4005,1.);
#409=VECTOR('',#4006,1.);
#410=VECTOR('',#4007,1.);
#411=VECTOR('',#4008,1.);
#412=VECTOR('',#4009,1.);
#413=VECTOR('',#4010,1.);
#414=VECTOR('',#4013,1.);
#415=VECTOR('',#4014,1.);
#416=VECTOR('',#4017,1.);
#417=VECTOR('',#4020,1.);
#418=VECTOR('',#4021,1.);
#419=VECTOR('',#4022,1.);
#420=VECTOR('',#4023,1.);
#421=VECTOR('',#4024,1.);
#422=VECTOR('',#4025,1.);
#423=VECTOR('',#4026,1.);
#424=VECTOR('',#4029,1.);
#425=VECTOR('',#4030,1.);
#426=VECTOR('',#4033,1.);
#427=VECTOR('',#4036,1.);
#428=VECTOR('',#4039,1.);
#429=VECTOR('',#4046,1.);
#430=VECTOR('',#4049,1.);
#431=VECTOR('',#4056,1.);
#432=VECTOR('',#4067,1.);
#433=VECTOR('',#4074,1.);
#434=VECTOR('',#4081,1.);
#435=VECTOR('',#4088,1.);
#436=VECTOR('',#4095,1.);
#437=VECTOR('',#4102,1.);
#438=VECTOR('',#4105,1.);
#439=VECTOR('',#4108,1.);
#440=VECTOR('',#4115,1.);
#441=VECTOR('',#4118,1.);
#442=VECTOR('',#4121,1.);
#443=VECTOR('',#4124,1.);
#444=VECTOR('',#4131,1.);
#445=VECTOR('',#4134,1.);
#446=VECTOR('',#4137,1.);
#447=VECTOR('',#4144,1.);
#448=VECTOR('',#4165,1.);
#449=VECTOR('',#4168,1.);
#450=VECTOR('',#4171,1.);
#451=VECTOR('',#4174,1.);
#452=VECTOR('',#4177,1.);
#453=VECTOR('',#4184,1.);
#454=VECTOR('',#4191,1.);
#455=VECTOR('',#4198,1.);
#456=VECTOR('',#4205,1.);
#457=VECTOR('',#4208,1.);
#458=VECTOR('',#4211,1.);
#459=VECTOR('',#4218,1.);
#460=VECTOR('',#4239,1.);
#461=VECTOR('',#4242,1.);
#462=VECTOR('',#4245,1.);
#463=VECTOR('',#4248,1.);
#464=VECTOR('',#4251,1.);
#465=VECTOR('',#4254,1.);
#466=VECTOR('',#4261,1.);
#467=VECTOR('',#4268,1.);
#468=VECTOR('',#4271,1.);
#469=VECTOR('',#4278,1.);
#470=VECTOR('',#4289,1.);
#471=VECTOR('',#4292,1.);
#472=VECTOR('',#4295,1.);
#473=VECTOR('',#4298,1.);
#474=VECTOR('',#4305,1.);
#475=VECTOR('',#4312,1.);
#476=VECTOR('',#4319,1.);
#477=VECTOR('',#4326,1.);
#478=VECTOR('',#4331,1.);
#479=VECTOR('',#4334,1.);
#480=VECTOR('',#4337,1.);
#481=VECTOR('',#4340,1.);
#482=VECTOR('',#4341,1.);
#483=VECTOR('',#4342,1.);
#484=VECTOR('',#4343,1.);
#485=VECTOR('',#4346,1.);
#486=VECTOR('',#4349,1.);
#487=VECTOR('',#4350,1.);
#488=VECTOR('',#4351,1.);
#489=VECTOR('',#4354,1.);
#490=VECTOR('',#4359,1.);
#491=VECTOR('',#4362,1.);
#492=VECTOR('',#4363,1.);
#493=VECTOR('',#4364,1.);
#494=VECTOR('',#4365,1.);
#495=VECTOR('',#4366,1.);
#496=VECTOR('',#4369,1.);
#497=VECTOR('',#4372,1.);
#498=VECTOR('',#4373,1.);
#499=VECTOR('',#4374,1.);
#500=VECTOR('',#4375,1.);
#501=VECTOR('',#4376,1.);
#502=VECTOR('',#4379,1.);
#503=VECTOR('',#4384,1.);
#504=VECTOR('',#4387,1.);
#505=VECTOR('',#4390,1.);
#506=VECTOR('',#4393,1.);
#507=VECTOR('',#4394,1.);
#508=VECTOR('',#4397,1.);
#509=VECTOR('',#4400,1.);
#510=VECTOR('',#4401,1.);
#511=VECTOR('',#4402,1.);
#512=VECTOR('',#4403,1.);
#513=VECTOR('',#4404,1.);
#514=VECTOR('',#4407,1.);
#515=VECTOR('',#4410,1.);
#516=VECTOR('',#4413,1.);
#517=VECTOR('',#4416,1.);
#518=VECTOR('',#4417,1.);
#519=VECTOR('',#4418,1.);
#520=VECTOR('',#4419,1.);
#521=VECTOR('',#4422,1.);
#522=VECTOR('',#4425,1.);
#523=VECTOR('',#4426,1.);
#524=VECTOR('',#4427,1.);
#525=VECTOR('',#4430,1.);
#526=VECTOR('',#4435,1.);
#527=VECTOR('',#4438,1.);
#528=VECTOR('',#4439,1.);
#529=VECTOR('',#4440,1.);
#530=VECTOR('',#4441,1.);
#531=VECTOR('',#4442,1.);
#532=VECTOR('',#4445,1.);
#533=VECTOR('',#4446,1.);
#534=VECTOR('',#4449,1.);
#535=VECTOR('',#4450,1.);
#536=VECTOR('',#4453,1.);
#537=VECTOR('',#4454,1.);
#538=VECTOR('',#4467,1.);
#539=VECTOR('',#4470,1.);
#540=VECTOR('',#4471,1.);
#541=VECTOR('',#4476,1.);
#542=VECTOR('',#4477,1.);
#543=VECTOR('',#4482,1.);
#544=VECTOR('',#4497,1.);
#545=VECTOR('',#4510,1.);
#546=VECTOR('',#4513,1.);
#547=VECTOR('',#4514,1.);
#548=VECTOR('',#4519,1.);
#549=VECTOR('',#4520,1.);
#550=VECTOR('',#4525,1.);
#551=VECTOR('',#4540,1.);
#552=VECTOR('',#4553,1.);
#553=VECTOR('',#4556,1.);
#554=VECTOR('',#4557,1.);
#555=VECTOR('',#4562,1.);
#556=VECTOR('',#4563,1.);
#557=VECTOR('',#4568,1.);
#558=VECTOR('',#4583,1.);
#559=VECTOR('',#4612,1.);
#560=VECTOR('',#4613,1.);
#561=VECTOR('',#4616,1.);
#562=VECTOR('',#4617,1.);
#563=VECTOR('',#4646,1.);
#564=VECTOR('',#4647,1.);
#565=VECTOR('',#4650,1.);
#566=VECTOR('',#4651,1.);
#567=VECTOR('',#4680,1.);
#568=VECTOR('',#4681,1.);
#569=VECTOR('',#4684,1.);
#570=VECTOR('',#4685,1.);
#571=VECTOR('',#4796,1.);
#572=VECTOR('',#4797,1.);
#573=VECTOR('',#4800,1.);
#574=VECTOR('',#4801,1.);
#575=VECTOR('',#4804,1.);
#576=VECTOR('',#4805,1.);
#577=VECTOR('',#4808,1.);
#578=VECTOR('',#4809,1.);
#579=VECTOR('',#4812,1.);
#580=VECTOR('',#4813,1.);
#581=VECTOR('',#4816,1.);
#582=VECTOR('',#4817,1.);
#583=VECTOR('',#4820,1.);
#584=VECTOR('',#4821,1.);
#585=VECTOR('',#4824,1.);
#586=VECTOR('',#4825,1.);
#587=VECTOR('',#4828,1.);
#588=VECTOR('',#4829,1.);
#589=VECTOR('',#4832,1.);
#590=VECTOR('',#4833,1.);
#591=VECTOR('',#4836,1.);
#592=VECTOR('',#4837,1.);
#593=VECTOR('',#4840,1.);
#594=VECTOR('',#4841,1.);
#595=VECTOR('',#4844,1.);
#596=VECTOR('',#4845,1.);
#597=VECTOR('',#4848,1.);
#598=VECTOR('',#4849,1.);
#599=VECTOR('',#4852,1.);
#600=VECTOR('',#4853,1.);
#601=VECTOR('',#4856,1.);
#602=VECTOR('',#4857,1.);
#603=VECTOR('',#4860,1.);
#604=VECTOR('',#4861,1.);
#605=VECTOR('',#4864,1.);
#606=VECTOR('',#4865,1.);
#607=VECTOR('',#4868,1.);
#608=VECTOR('',#4869,1.);
#609=VECTOR('',#4872,1.);
#610=VECTOR('',#4873,1.);
#611=VECTOR('',#4876,1.);
#612=VECTOR('',#4877,1.);
#613=VECTOR('',#4880,1.);
#614=VECTOR('',#4881,1.);
#615=VECTOR('',#4884,1.);
#616=VECTOR('',#4885,1.);
#617=VECTOR('',#4888,1.);
#618=VECTOR('',#4889,1.);
#619=VECTOR('',#4892,1.);
#620=VECTOR('',#4893,1.);
#621=VECTOR('',#4896,1.);
#622=VECTOR('',#4897,1.);
#623=VECTOR('',#4900,1.);
#624=VECTOR('',#4901,1.);
#625=VECTOR('',#4904,1.);
#626=VECTOR('',#4905,1.);
#627=VECTOR('',#4908,1.);
#628=VECTOR('',#4909,1.);
#629=VECTOR('',#4912,1.);
#630=VECTOR('',#4913,1.);
#631=VECTOR('',#4916,1.);
#632=VECTOR('',#4917,1.);
#633=VECTOR('',#4920,1.);
#634=VECTOR('',#4921,1.);
#635=VECTOR('',#4924,1.);
#636=VECTOR('',#4925,1.);
#637=VECTOR('',#4928,1.);
#638=VECTOR('',#4929,1.);
#639=VECTOR('',#4932,1.);
#640=VECTOR('',#4933,1.);
#641=VECTOR('',#4936,1.);
#642=VECTOR('',#4937,1.);
#643=VECTOR('',#4940,1.);
#644=VECTOR('',#4941,1.);
#645=VECTOR('',#4944,1.);
#646=VECTOR('',#4945,1.);
#647=VECTOR('',#4948,1.);
#648=VECTOR('',#4949,1.);
#649=ORIENTED_EDGE('',*,*,#1611,.T.);
#650=ORIENTED_EDGE('',*,*,#1612,.T.);
#651=ORIENTED_EDGE('',*,*,#1613,.T.);
#652=ORIENTED_EDGE('',*,*,#1614,.T.);
#653=ORIENTED_EDGE('',*,*,#1615,.F.);
#654=ORIENTED_EDGE('',*,*,#1616,.T.);
#655=ORIENTED_EDGE('',*,*,#1617,.T.);
#656=ORIENTED_EDGE('',*,*,#1618,.T.);
#657=ORIENTED_EDGE('',*,*,#1619,.T.);
#658=ORIENTED_EDGE('',*,*,#1620,.T.);
#659=ORIENTED_EDGE('',*,*,#1621,.F.);
#660=ORIENTED_EDGE('',*,*,#1622,.T.);
#661=ORIENTED_EDGE('',*,*,#1623,.F.);
#662=ORIENTED_EDGE('',*,*,#1624,.T.);
#663=ORIENTED_EDGE('',*,*,#1625,.T.);
#664=ORIENTED_EDGE('',*,*,#1626,.T.);
#665=ORIENTED_EDGE('',*,*,#1627,.T.);
#666=ORIENTED_EDGE('',*,*,#1628,.T.);
#667=ORIENTED_EDGE('',*,*,#1629,.T.);
#668=ORIENTED_EDGE('',*,*,#1630,.T.);
#669=ORIENTED_EDGE('',*,*,#1631,.T.);
#670=ORIENTED_EDGE('',*,*,#1632,.F.);
#671=ORIENTED_EDGE('',*,*,#1633,.T.);
#672=ORIENTED_EDGE('',*,*,#1634,.F.);
#673=ORIENTED_EDGE('',*,*,#1635,.T.);
#674=ORIENTED_EDGE('',*,*,#1636,.T.);
#675=ORIENTED_EDGE('',*,*,#1637,.T.);
#676=ORIENTED_EDGE('',*,*,#1638,.T.);
#677=ORIENTED_EDGE('',*,*,#1639,.T.);
#678=ORIENTED_EDGE('',*,*,#1640,.T.);
#679=ORIENTED_EDGE('',*,*,#1641,.T.);
#680=ORIENTED_EDGE('',*,*,#1642,.T.);
#681=ORIENTED_EDGE('',*,*,#1643,.T.);
#682=ORIENTED_EDGE('',*,*,#1644,.T.);
#683=ORIENTED_EDGE('',*,*,#1645,.F.);
#684=ORIENTED_EDGE('',*,*,#1646,.T.);
#685=ORIENTED_EDGE('',*,*,#1647,.F.);
#686=ORIENTED_EDGE('',*,*,#1648,.T.);
#687=ORIENTED_EDGE('',*,*,#1649,.T.);
#688=ORIENTED_EDGE('',*,*,#1650,.T.);
#689=ORIENTED_EDGE('',*,*,#1651,.T.);
#690=ORIENTED_EDGE('',*,*,#1652,.T.);
#691=ORIENTED_EDGE('',*,*,#1653,.T.);
#692=ORIENTED_EDGE('',*,*,#1654,.T.);
#693=ORIENTED_EDGE('',*,*,#1655,.T.);
#694=ORIENTED_EDGE('',*,*,#1656,.T.);
#695=ORIENTED_EDGE('',*,*,#1657,.T.);
#696=ORIENTED_EDGE('',*,*,#1658,.F.);
#697=ORIENTED_EDGE('',*,*,#1659,.T.);
#698=ORIENTED_EDGE('',*,*,#1660,.F.);
#699=ORIENTED_EDGE('',*,*,#1661,.T.);
#700=ORIENTED_EDGE('',*,*,#1662,.T.);
#701=ORIENTED_EDGE('',*,*,#1663,.F.);
#702=ORIENTED_EDGE('',*,*,#1664,.T.);
#703=ORIENTED_EDGE('',*,*,#1665,.T.);
#704=ORIENTED_EDGE('',*,*,#1666,.T.);
#705=ORIENTED_EDGE('',*,*,#1667,.T.);
#706=ORIENTED_EDGE('',*,*,#1668,.T.);
#707=ORIENTED_EDGE('',*,*,#1669,.T.);
#708=ORIENTED_EDGE('',*,*,#1670,.T.);
#709=ORIENTED_EDGE('',*,*,#1671,.F.);
#710=ORIENTED_EDGE('',*,*,#1672,.T.);
#711=ORIENTED_EDGE('',*,*,#1673,.F.);
#712=ORIENTED_EDGE('',*,*,#1674,.T.);
#713=ORIENTED_EDGE('',*,*,#1675,.T.);
#714=ORIENTED_EDGE('',*,*,#1676,.T.);
#715=ORIENTED_EDGE('',*,*,#1677,.T.);
#716=ORIENTED_EDGE('',*,*,#1678,.T.);
#717=ORIENTED_EDGE('',*,*,#1679,.F.);
#718=ORIENTED_EDGE('',*,*,#1680,.T.);
#719=ORIENTED_EDGE('',*,*,#1681,.F.);
#720=ORIENTED_EDGE('',*,*,#1682,.T.);
#721=ORIENTED_EDGE('',*,*,#1683,.T.);
#722=ORIENTED_EDGE('',*,*,#1684,.T.);
#723=ORIENTED_EDGE('',*,*,#1685,.T.);
#724=ORIENTED_EDGE('',*,*,#1686,.T.);
#725=ORIENTED_EDGE('',*,*,#1687,.F.);
#726=ORIENTED_EDGE('',*,*,#1688,.T.);
#727=ORIENTED_EDGE('',*,*,#1689,.F.);
#728=ORIENTED_EDGE('',*,*,#1690,.T.);
#729=ORIENTED_EDGE('',*,*,#1691,.T.);
#730=ORIENTED_EDGE('',*,*,#1692,.T.);
#731=ORIENTED_EDGE('',*,*,#1693,.T.);
#732=ORIENTED_EDGE('',*,*,#1694,.T.);
#733=ORIENTED_EDGE('',*,*,#1695,.F.);
#734=ORIENTED_EDGE('',*,*,#1696,.T.);
#735=ORIENTED_EDGE('',*,*,#1697,.F.);
#736=ORIENTED_EDGE('',*,*,#1698,.T.);
#737=ORIENTED_EDGE('',*,*,#1699,.T.);
#738=ORIENTED_EDGE('',*,*,#1700,.T.);
#739=ORIENTED_EDGE('',*,*,#1701,.T.);
#740=ORIENTED_EDGE('',*,*,#1702,.T.);
#741=ORIENTED_EDGE('',*,*,#1703,.F.);
#742=ORIENTED_EDGE('',*,*,#1704,.T.);
#743=ORIENTED_EDGE('',*,*,#1705,.T.);
#744=ORIENTED_EDGE('',*,*,#1706,.T.);
#745=ORIENTED_EDGE('',*,*,#1707,.T.);
#746=ORIENTED_EDGE('',*,*,#1708,.T.);
#747=ORIENTED_EDGE('',*,*,#1709,.T.);
#748=ORIENTED_EDGE('',*,*,#1710,.T.);
#749=ORIENTED_EDGE('',*,*,#1711,.F.);
#750=ORIENTED_EDGE('',*,*,#1712,.T.);
#751=ORIENTED_EDGE('',*,*,#1713,.F.);
#752=ORIENTED_EDGE('',*,*,#1714,.T.);
#753=ORIENTED_EDGE('',*,*,#1715,.T.);
#754=ORIENTED_EDGE('',*,*,#1716,.T.);
#755=ORIENTED_EDGE('',*,*,#1717,.T.);
#756=ORIENTED_EDGE('',*,*,#1718,.T.);
#757=ORIENTED_EDGE('',*,*,#1719,.T.);
#758=ORIENTED_EDGE('',*,*,#1720,.T.);
#759=ORIENTED_EDGE('',*,*,#1721,.F.);
#760=ORIENTED_EDGE('',*,*,#1722,.T.);
#761=ORIENTED_EDGE('',*,*,#1723,.F.);
#762=ORIENTED_EDGE('',*,*,#1724,.T.);
#763=ORIENTED_EDGE('',*,*,#1725,.F.);
#764=ORIENTED_EDGE('',*,*,#1726,.T.);
#765=ORIENTED_EDGE('',*,*,#1727,.T.);
#766=ORIENTED_EDGE('',*,*,#1728,.T.);
#767=ORIENTED_EDGE('',*,*,#1729,.T.);
#768=ORIENTED_EDGE('',*,*,#1730,.T.);
#769=ORIENTED_EDGE('',*,*,#1731,.F.);
#770=ORIENTED_EDGE('',*,*,#1732,.T.);
#771=ORIENTED_EDGE('',*,*,#1733,.F.);
#772=ORIENTED_EDGE('',*,*,#1734,.F.);
#773=ORIENTED_EDGE('',*,*,#1735,.F.);
#774=ORIENTED_EDGE('',*,*,#1736,.F.);
#775=ORIENTED_EDGE('',*,*,#1737,.F.);
#776=ORIENTED_EDGE('',*,*,#1738,.T.);
#777=ORIENTED_EDGE('',*,*,#1739,.F.);
#778=ORIENTED_EDGE('',*,*,#1740,.T.);
#779=ORIENTED_EDGE('',*,*,#1741,.F.);
#780=ORIENTED_EDGE('',*,*,#1742,.T.);
#781=ORIENTED_EDGE('',*,*,#1743,.T.);
#782=ORIENTED_EDGE('',*,*,#1744,.T.);
#783=ORIENTED_EDGE('',*,*,#1745,.T.);
#784=ORIENTED_EDGE('',*,*,#1746,.T.);
#785=ORIENTED_EDGE('',*,*,#1747,.F.);
#786=ORIENTED_EDGE('',*,*,#1748,.T.);
#787=ORIENTED_EDGE('',*,*,#1749,.T.);
#788=ORIENTED_EDGE('',*,*,#1750,.T.);
#789=ORIENTED_EDGE('',*,*,#1751,.T.);
#790=ORIENTED_EDGE('',*,*,#1752,.T.);
#791=ORIENTED_EDGE('',*,*,#1753,.F.);
#792=ORIENTED_EDGE('',*,*,#1754,.T.);
#793=ORIENTED_EDGE('',*,*,#1755,.F.);
#794=ORIENTED_EDGE('',*,*,#1756,.T.);
#795=ORIENTED_EDGE('',*,*,#1757,.T.);
#796=ORIENTED_EDGE('',*,*,#1758,.T.);
#797=ORIENTED_EDGE('',*,*,#1759,.T.);
#798=ORIENTED_EDGE('',*,*,#1760,.T.);
#799=ORIENTED_EDGE('',*,*,#1761,.F.);
#800=ORIENTED_EDGE('',*,*,#1762,.T.);
#801=ORIENTED_EDGE('',*,*,#1763,.F.);
#802=ORIENTED_EDGE('',*,*,#1764,.T.);
#803=ORIENTED_EDGE('',*,*,#1765,.T.);
#804=ORIENTED_EDGE('',*,*,#1766,.T.);
#805=ORIENTED_EDGE('',*,*,#1767,.T.);
#806=ORIENTED_EDGE('',*,*,#1768,.T.);
#807=ORIENTED_EDGE('',*,*,#1769,.F.);
#808=ORIENTED_EDGE('',*,*,#1770,.T.);
#809=ORIENTED_EDGE('',*,*,#1771,.F.);
#810=ORIENTED_EDGE('',*,*,#1772,.T.);
#811=ORIENTED_EDGE('',*,*,#1773,.F.);
#812=ORIENTED_EDGE('',*,*,#1774,.F.);
#813=ORIENTED_EDGE('',*,*,#1775,.F.);
#814=ORIENTED_EDGE('',*,*,#1776,.F.);
#815=ORIENTED_EDGE('',*,*,#1777,.F.);
#816=ORIENTED_EDGE('',*,*,#1778,.F.);
#817=ORIENTED_EDGE('',*,*,#1779,.F.);
#818=ORIENTED_EDGE('',*,*,#1780,.F.);
#819=ORIENTED_EDGE('',*,*,#1781,.T.);
#820=ORIENTED_EDGE('',*,*,#1782,.F.);
#821=ORIENTED_EDGE('',*,*,#1783,.T.);
#822=ORIENTED_EDGE('',*,*,#1784,.F.);
#823=ORIENTED_EDGE('',*,*,#1785,.T.);
#824=ORIENTED_EDGE('',*,*,#1786,.F.);
#825=ORIENTED_EDGE('',*,*,#1787,.T.);
#826=ORIENTED_EDGE('',*,*,#1788,.F.);
#827=ORIENTED_EDGE('',*,*,#1789,.T.);
#828=ORIENTED_EDGE('',*,*,#1790,.F.);
#829=ORIENTED_EDGE('',*,*,#1791,.T.);
#830=ORIENTED_EDGE('',*,*,#1792,.F.);
#831=ORIENTED_EDGE('',*,*,#1793,.T.);
#832=ORIENTED_EDGE('',*,*,#1794,.F.);
#833=ORIENTED_EDGE('',*,*,#1795,.T.);
#834=ORIENTED_EDGE('',*,*,#1796,.T.);
#835=ORIENTED_EDGE('',*,*,#1797,.T.);
#836=ORIENTED_EDGE('',*,*,#1798,.T.);
#837=ORIENTED_EDGE('',*,*,#1799,.T.);
#838=ORIENTED_EDGE('',*,*,#1800,.F.);
#839=ORIENTED_EDGE('',*,*,#1801,.T.);
#840=ORIENTED_EDGE('',*,*,#1802,.F.);
#841=ORIENTED_EDGE('',*,*,#1803,.T.);
#842=ORIENTED_EDGE('',*,*,#1804,.T.);
#843=ORIENTED_EDGE('',*,*,#1805,.T.);
#844=ORIENTED_EDGE('',*,*,#1806,.T.);
#845=ORIENTED_EDGE('',*,*,#1807,.T.);
#846=ORIENTED_EDGE('',*,*,#1808,.F.);
#847=ORIENTED_EDGE('',*,*,#1809,.T.);
#848=ORIENTED_EDGE('',*,*,#1810,.F.);
#849=ORIENTED_EDGE('',*,*,#1811,.T.);
#850=ORIENTED_EDGE('',*,*,#1812,.F.);
#851=ORIENTED_EDGE('',*,*,#1813,.T.);
#852=ORIENTED_EDGE('',*,*,#1814,.F.);
#853=ORIENTED_EDGE('',*,*,#1815,.T.);
#854=ORIENTED_EDGE('',*,*,#1816,.T.);
#855=ORIENTED_EDGE('',*,*,#1817,.T.);
#856=ORIENTED_EDGE('',*,*,#1818,.T.);
#857=ORIENTED_EDGE('',*,*,#1819,.T.);
#858=ORIENTED_EDGE('',*,*,#1820,.F.);
#859=ORIENTED_EDGE('',*,*,#1821,.T.);
#860=ORIENTED_EDGE('',*,*,#1822,.T.);
#861=ORIENTED_EDGE('',*,*,#1823,.T.);
#862=ORIENTED_EDGE('',*,*,#1824,.T.);
#863=ORIENTED_EDGE('',*,*,#1825,.T.);
#864=ORIENTED_EDGE('',*,*,#1826,.F.);
#865=ORIENTED_EDGE('',*,*,#1827,.T.);
#866=ORIENTED_EDGE('',*,*,#1828,.F.);
#867=ORIENTED_EDGE('',*,*,#1829,.T.);
#868=ORIENTED_EDGE('',*,*,#1830,.T.);
#869=ORIENTED_EDGE('',*,*,#1831,.T.);
#870=ORIENTED_EDGE('',*,*,#1832,.T.);
#871=ORIENTED_EDGE('',*,*,#1833,.T.);
#872=ORIENTED_EDGE('',*,*,#1834,.F.);
#873=ORIENTED_EDGE('',*,*,#1835,.T.);
#874=ORIENTED_EDGE('',*,*,#1836,.F.);
#875=ORIENTED_EDGE('',*,*,#1837,.T.);
#876=ORIENTED_EDGE('',*,*,#1838,.F.);
#877=ORIENTED_EDGE('',*,*,#1839,.T.);
#878=ORIENTED_EDGE('',*,*,#1840,.F.);
#879=ORIENTED_EDGE('',*,*,#1841,.T.);
#880=ORIENTED_EDGE('',*,*,#1842,.T.);
#881=ORIENTED_EDGE('',*,*,#1626,.F.);
#882=ORIENTED_EDGE('',*,*,#1843,.T.);
#883=ORIENTED_EDGE('',*,*,#1782,.T.);
#884=ORIENTED_EDGE('',*,*,#1844,.T.);
#885=ORIENTED_EDGE('',*,*,#1635,.F.);
#886=ORIENTED_EDGE('',*,*,#1845,.F.);
#887=ORIENTED_EDGE('',*,*,#1846,.T.);
#888=ORIENTED_EDGE('',*,*,#1847,.T.);
#889=ORIENTED_EDGE('',*,*,#1848,.T.);
#890=ORIENTED_EDGE('',*,*,#1849,.T.);
#891=ORIENTED_EDGE('',*,*,#1628,.F.);
#892=ORIENTED_EDGE('',*,*,#1850,.F.);
#893=ORIENTED_EDGE('',*,*,#1851,.T.);
#894=ORIENTED_EDGE('',*,*,#1852,.T.);
#895=ORIENTED_EDGE('',*,*,#1853,.T.);
#896=ORIENTED_EDGE('',*,*,#1854,.T.);
#897=ORIENTED_EDGE('',*,*,#1855,.T.);
#898=ORIENTED_EDGE('',*,*,#1856,.T.);
#899=ORIENTED_EDGE('',*,*,#1857,.T.);
#900=ORIENTED_EDGE('',*,*,#1858,.F.);
#901=ORIENTED_EDGE('',*,*,#1859,.F.);
#902=ORIENTED_EDGE('',*,*,#1848,.F.);
#903=ORIENTED_EDGE('',*,*,#1860,.T.);
#904=ORIENTED_EDGE('',*,*,#1836,.T.);
#905=ORIENTED_EDGE('',*,*,#1861,.F.);
#906=ORIENTED_EDGE('',*,*,#1862,.T.);
#907=ORIENTED_EDGE('',*,*,#1863,.T.);
#908=ORIENTED_EDGE('',*,*,#1652,.F.);
#909=ORIENTED_EDGE('',*,*,#1864,.T.);
#910=ORIENTED_EDGE('',*,*,#1786,.T.);
#911=ORIENTED_EDGE('',*,*,#1865,.T.);
#912=ORIENTED_EDGE('',*,*,#1661,.F.);
#913=ORIENTED_EDGE('',*,*,#1866,.F.);
#914=ORIENTED_EDGE('',*,*,#1867,.F.);
#915=ORIENTED_EDGE('',*,*,#1868,.T.);
#916=ORIENTED_EDGE('',*,*,#1869,.F.);
#917=ORIENTED_EDGE('',*,*,#1870,.T.);
#918=ORIENTED_EDGE('',*,*,#1871,.F.);
#919=ORIENTED_EDGE('',*,*,#1872,.T.);
#920=ORIENTED_EDGE('',*,*,#1873,.T.);
#921=ORIENTED_EDGE('',*,*,#1874,.T.);
#922=ORIENTED_EDGE('',*,*,#1875,.T.);
#923=ORIENTED_EDGE('',*,*,#1876,.T.);
#924=ORIENTED_EDGE('',*,*,#1877,.T.);
#925=ORIENTED_EDGE('',*,*,#1878,.T.);
#926=ORIENTED_EDGE('',*,*,#1654,.F.);
#927=ORIENTED_EDGE('',*,*,#1879,.T.);
#928=ORIENTED_EDGE('',*,*,#1880,.T.);
#929=ORIENTED_EDGE('',*,*,#1881,.T.);
#930=ORIENTED_EDGE('',*,*,#1882,.T.);
#931=ORIENTED_EDGE('',*,*,#1883,.F.);
#932=ORIENTED_EDGE('',*,*,#1884,.F.);
#933=ORIENTED_EDGE('',*,*,#1877,.F.);
#934=ORIENTED_EDGE('',*,*,#1885,.T.);
#935=ORIENTED_EDGE('',*,*,#1867,.T.);
#936=ORIENTED_EDGE('',*,*,#1886,.F.);
#937=ORIENTED_EDGE('',*,*,#1887,.T.);
#938=ORIENTED_EDGE('',*,*,#1888,.F.);
#939=ORIENTED_EDGE('',*,*,#1889,.T.);
#940=ORIENTED_EDGE('',*,*,#1890,.F.);
#941=ORIENTED_EDGE('',*,*,#1891,.T.);
#942=ORIENTED_EDGE('',*,*,#1892,.T.);
#943=ORIENTED_EDGE('',*,*,#1639,.F.);
#944=ORIENTED_EDGE('',*,*,#1893,.T.);
#945=ORIENTED_EDGE('',*,*,#1790,.T.);
#946=ORIENTED_EDGE('',*,*,#1894,.T.);
#947=ORIENTED_EDGE('',*,*,#1648,.F.);
#948=ORIENTED_EDGE('',*,*,#1895,.F.);
#949=ORIENTED_EDGE('',*,*,#1896,.T.);
#950=ORIENTED_EDGE('',*,*,#1897,.T.);
#951=ORIENTED_EDGE('',*,*,#1898,.T.);
#952=ORIENTED_EDGE('',*,*,#1899,.T.);
#953=ORIENTED_EDGE('',*,*,#1641,.F.);
#954=ORIENTED_EDGE('',*,*,#1900,.F.);
#955=ORIENTED_EDGE('',*,*,#1901,.T.);
#956=ORIENTED_EDGE('',*,*,#1902,.T.);
#957=ORIENTED_EDGE('',*,*,#1903,.T.);
#958=ORIENTED_EDGE('',*,*,#1904,.T.);
#959=ORIENTED_EDGE('',*,*,#1905,.T.);
#960=ORIENTED_EDGE('',*,*,#1906,.T.);
#961=ORIENTED_EDGE('',*,*,#1907,.T.);
#962=ORIENTED_EDGE('',*,*,#1908,.F.);
#963=ORIENTED_EDGE('',*,*,#1909,.F.);
#964=ORIENTED_EDGE('',*,*,#1898,.F.);
#965=ORIENTED_EDGE('',*,*,#1910,.T.);
#966=ORIENTED_EDGE('',*,*,#1886,.T.);
#967=ORIENTED_EDGE('',*,*,#1788,.T.);
#968=ORIENTED_EDGE('',*,*,#1911,.T.);
#969=ORIENTED_EDGE('',*,*,#1650,.F.);
#970=ORIENTED_EDGE('',*,*,#1912,.T.);
#971=ORIENTED_EDGE('',*,*,#1784,.T.);
#972=ORIENTED_EDGE('',*,*,#1913,.T.);
#973=ORIENTED_EDGE('',*,*,#1624,.F.);
#974=ORIENTED_EDGE('',*,*,#1914,.T.);
#975=ORIENTED_EDGE('',*,*,#1637,.F.);
#976=ORIENTED_EDGE('',*,*,#1915,.T.);
#977=ORIENTED_EDGE('',*,*,#1792,.T.);
#978=ORIENTED_EDGE('',*,*,#1916,.T.);
#979=ORIENTED_EDGE('',*,*,#1917,.F.);
#980=ORIENTED_EDGE('',*,*,#1918,.T.);
#981=ORIENTED_EDGE('',*,*,#1919,.T.);
#982=ORIENTED_EDGE('',*,*,#1920,.T.);
#983=ORIENTED_EDGE('',*,*,#1921,.T.);
#984=ORIENTED_EDGE('',*,*,#1634,.T.);
#985=ORIENTED_EDGE('',*,*,#1922,.T.);
#986=ORIENTED_EDGE('',*,*,#1854,.F.);
#987=ORIENTED_EDGE('',*,*,#1845,.T.);
#988=ORIENTED_EDGE('',*,*,#1856,.F.);
#989=ORIENTED_EDGE('',*,*,#1923,.T.);
#990=ORIENTED_EDGE('',*,*,#1632,.T.);
#991=ORIENTED_EDGE('',*,*,#1924,.F.);
#992=ORIENTED_EDGE('',*,*,#1925,.T.);
#993=ORIENTED_EDGE('',*,*,#1926,.F.);
#994=ORIENTED_EDGE('',*,*,#1927,.T.);
#995=ORIENTED_EDGE('',*,*,#1924,.T.);
#996=ORIENTED_EDGE('',*,*,#1631,.F.);
#997=ORIENTED_EDGE('',*,*,#1858,.T.);
#998=ORIENTED_EDGE('',*,*,#1928,.T.);
#999=ORIENTED_EDGE('',*,*,#1926,.T.);
#1000=ORIENTED_EDGE('',*,*,#1630,.F.);
#1001=ORIENTED_EDGE('',*,*,#1929,.F.);
#1002=ORIENTED_EDGE('',*,*,#1930,.F.);
#1003=ORIENTED_EDGE('',*,*,#1931,.T.);
#1004=ORIENTED_EDGE('',*,*,#1932,.T.);
#1005=ORIENTED_EDGE('',*,*,#1933,.T.);
#1006=ORIENTED_EDGE('',*,*,#1934,.T.);
#1007=ORIENTED_EDGE('',*,*,#1629,.F.);
#1008=ORIENTED_EDGE('',*,*,#1849,.F.);
#1009=ORIENTED_EDGE('',*,*,#1859,.T.);
#1010=ORIENTED_EDGE('',*,*,#1929,.T.);
#1011=ORIENTED_EDGE('',*,*,#1842,.F.);
#1012=ORIENTED_EDGE('',*,*,#1935,.T.);
#1013=ORIENTED_EDGE('',*,*,#1850,.T.);
#1014=ORIENTED_EDGE('',*,*,#1627,.F.);
#1015=ORIENTED_EDGE('',*,*,#1936,.F.);
#1016=ORIENTED_EDGE('',*,*,#1937,.T.);
#1017=ORIENTED_EDGE('',*,*,#1938,.T.);
#1018=ORIENTED_EDGE('',*,*,#1939,.T.);
#1019=ORIENTED_EDGE('',*,*,#1940,.T.);
#1020=ORIENTED_EDGE('',*,*,#1660,.T.);
#1021=ORIENTED_EDGE('',*,*,#1941,.T.);
#1022=ORIENTED_EDGE('',*,*,#1879,.F.);
#1023=ORIENTED_EDGE('',*,*,#1866,.T.);
#1024=ORIENTED_EDGE('',*,*,#1881,.F.);
#1025=ORIENTED_EDGE('',*,*,#1942,.T.);
#1026=ORIENTED_EDGE('',*,*,#1658,.T.);
#1027=ORIENTED_EDGE('',*,*,#1943,.F.);
#1028=ORIENTED_EDGE('',*,*,#1944,.T.);
#1029=ORIENTED_EDGE('',*,*,#1945,.F.);
#1030=ORIENTED_EDGE('',*,*,#1946,.T.);
#1031=ORIENTED_EDGE('',*,*,#1943,.T.);
#1032=ORIENTED_EDGE('',*,*,#1657,.F.);
#1033=ORIENTED_EDGE('',*,*,#1883,.T.);
#1034=ORIENTED_EDGE('',*,*,#1947,.T.);
#1035=ORIENTED_EDGE('',*,*,#1945,.T.);
#1036=ORIENTED_EDGE('',*,*,#1656,.F.);
#1037=ORIENTED_EDGE('',*,*,#1948,.F.);
#1038=ORIENTED_EDGE('',*,*,#1949,.F.);
#1039=ORIENTED_EDGE('',*,*,#1950,.T.);
#1040=ORIENTED_EDGE('',*,*,#1951,.T.);
#1041=ORIENTED_EDGE('',*,*,#1952,.T.);
#1042=ORIENTED_EDGE('',*,*,#1953,.T.);
#1043=ORIENTED_EDGE('',*,*,#1655,.F.);
#1044=ORIENTED_EDGE('',*,*,#1878,.F.);
#1045=ORIENTED_EDGE('',*,*,#1884,.T.);
#1046=ORIENTED_EDGE('',*,*,#1948,.T.);
#1047=ORIENTED_EDGE('',*,*,#1863,.F.);
#1048=ORIENTED_EDGE('',*,*,#1954,.T.);
#1049=ORIENTED_EDGE('',*,*,#1871,.T.);
#1050=ORIENTED_EDGE('',*,*,#1653,.F.);
#1051=ORIENTED_EDGE('',*,*,#1955,.F.);
#1052=ORIENTED_EDGE('',*,*,#1956,.T.);
#1053=ORIENTED_EDGE('',*,*,#1957,.T.);
#1054=ORIENTED_EDGE('',*,*,#1958,.T.);
#1055=ORIENTED_EDGE('',*,*,#1959,.T.);
#1056=ORIENTED_EDGE('',*,*,#1647,.T.);
#1057=ORIENTED_EDGE('',*,*,#1960,.T.);
#1058=ORIENTED_EDGE('',*,*,#1904,.F.);
#1059=ORIENTED_EDGE('',*,*,#1895,.T.);
#1060=ORIENTED_EDGE('',*,*,#1906,.F.);
#1061=ORIENTED_EDGE('',*,*,#1961,.T.);
#1062=ORIENTED_EDGE('',*,*,#1645,.T.);
#1063=ORIENTED_EDGE('',*,*,#1962,.F.);
#1064=ORIENTED_EDGE('',*,*,#1963,.T.);
#1065=ORIENTED_EDGE('',*,*,#1964,.F.);
#1066=ORIENTED_EDGE('',*,*,#1965,.T.);
#1067=ORIENTED_EDGE('',*,*,#1962,.T.);
#1068=ORIENTED_EDGE('',*,*,#1644,.F.);
#1069=ORIENTED_EDGE('',*,*,#1908,.T.);
#1070=ORIENTED_EDGE('',*,*,#1966,.T.);
#1071=ORIENTED_EDGE('',*,*,#1964,.T.);
#1072=ORIENTED_EDGE('',*,*,#1643,.F.);
#1073=ORIENTED_EDGE('',*,*,#1967,.F.);
#1074=ORIENTED_EDGE('',*,*,#1968,.F.);
#1075=ORIENTED_EDGE('',*,*,#1969,.T.);
#1076=ORIENTED_EDGE('',*,*,#1970,.T.);
#1077=ORIENTED_EDGE('',*,*,#1971,.T.);
#1078=ORIENTED_EDGE('',*,*,#1972,.T.);
#1079=ORIENTED_EDGE('',*,*,#1642,.F.);
#1080=ORIENTED_EDGE('',*,*,#1899,.F.);
#1081=ORIENTED_EDGE('',*,*,#1909,.T.);
#1082=ORIENTED_EDGE('',*,*,#1967,.T.);
#1083=ORIENTED_EDGE('',*,*,#1892,.F.);
#1084=ORIENTED_EDGE('',*,*,#1973,.T.);
#1085=ORIENTED_EDGE('',*,*,#1900,.T.);
#1086=ORIENTED_EDGE('',*,*,#1640,.F.);
#1087=ORIENTED_EDGE('',*,*,#1972,.F.);
#1088=ORIENTED_EDGE('',*,*,#1974,.F.);
#1089=ORIENTED_EDGE('',*,*,#1974,.T.);
#1090=ORIENTED_EDGE('',*,*,#1959,.F.);
#1091=ORIENTED_EDGE('',*,*,#1971,.F.);
#1092=ORIENTED_EDGE('',*,*,#1975,.F.);
#1093=ORIENTED_EDGE('',*,*,#1975,.T.);
#1094=ORIENTED_EDGE('',*,*,#1958,.F.);
#1095=ORIENTED_EDGE('',*,*,#1970,.F.);
#1096=ORIENTED_EDGE('',*,*,#1976,.F.);
#1097=ORIENTED_EDGE('',*,*,#1976,.T.);
#1098=ORIENTED_EDGE('',*,*,#1957,.F.);
#1099=ORIENTED_EDGE('',*,*,#1969,.F.);
#1100=ORIENTED_EDGE('',*,*,#1977,.F.);
#1101=ORIENTED_EDGE('',*,*,#1977,.T.);
#1102=ORIENTED_EDGE('',*,*,#1956,.F.);
#1103=ORIENTED_EDGE('',*,*,#1968,.T.);
#1104=ORIENTED_EDGE('',*,*,#1955,.T.);
#1105=ORIENTED_EDGE('',*,*,#1888,.T.);
#1106=ORIENTED_EDGE('',*,*,#1978,.T.);
#1107=ORIENTED_EDGE('',*,*,#1896,.F.);
#1108=ORIENTED_EDGE('',*,*,#1979,.T.);
#1109=ORIENTED_EDGE('',*,*,#1890,.T.);
#1110=ORIENTED_EDGE('',*,*,#1980,.T.);
#1111=ORIENTED_EDGE('',*,*,#1902,.F.);
#1112=ORIENTED_EDGE('',*,*,#1981,.T.);
#1113=ORIENTED_EDGE('',*,*,#1953,.F.);
#1114=ORIENTED_EDGE('',*,*,#1982,.F.);
#1115=ORIENTED_EDGE('',*,*,#1982,.T.);
#1116=ORIENTED_EDGE('',*,*,#1940,.F.);
#1117=ORIENTED_EDGE('',*,*,#1952,.F.);
#1118=ORIENTED_EDGE('',*,*,#1983,.F.);
#1119=ORIENTED_EDGE('',*,*,#1983,.T.);
#1120=ORIENTED_EDGE('',*,*,#1939,.F.);
#1121=ORIENTED_EDGE('',*,*,#1951,.F.);
#1122=ORIENTED_EDGE('',*,*,#1984,.F.);
#1123=ORIENTED_EDGE('',*,*,#1984,.T.);
#1124=ORIENTED_EDGE('',*,*,#1938,.F.);
#1125=ORIENTED_EDGE('',*,*,#1950,.F.);
#1126=ORIENTED_EDGE('',*,*,#1985,.F.);
#1127=ORIENTED_EDGE('',*,*,#1985,.T.);
#1128=ORIENTED_EDGE('',*,*,#1937,.F.);
#1129=ORIENTED_EDGE('',*,*,#1949,.T.);
#1130=ORIENTED_EDGE('',*,*,#1936,.T.);
#1131=ORIENTED_EDGE('',*,*,#1875,.F.);
#1132=ORIENTED_EDGE('',*,*,#1986,.T.);
#1133=ORIENTED_EDGE('',*,*,#1869,.T.);
#1134=ORIENTED_EDGE('',*,*,#1987,.T.);
#1135=ORIENTED_EDGE('',*,*,#1873,.F.);
#1136=ORIENTED_EDGE('',*,*,#1988,.T.);
#1137=ORIENTED_EDGE('',*,*,#1861,.T.);
#1138=ORIENTED_EDGE('',*,*,#1989,.T.);
#1139=ORIENTED_EDGE('',*,*,#1934,.F.);
#1140=ORIENTED_EDGE('',*,*,#1990,.F.);
#1141=ORIENTED_EDGE('',*,*,#1990,.T.);
#1142=ORIENTED_EDGE('',*,*,#1921,.F.);
#1143=ORIENTED_EDGE('',*,*,#1933,.F.);
#1144=ORIENTED_EDGE('',*,*,#1991,.F.);
#1145=ORIENTED_EDGE('',*,*,#1991,.T.);
#1146=ORIENTED_EDGE('',*,*,#1920,.F.);
#1147=ORIENTED_EDGE('',*,*,#1932,.F.);
#1148=ORIENTED_EDGE('',*,*,#1992,.F.);
#1149=ORIENTED_EDGE('',*,*,#1992,.T.);
#1150=ORIENTED_EDGE('',*,*,#1919,.F.);
#1151=ORIENTED_EDGE('',*,*,#1931,.F.);
#1152=ORIENTED_EDGE('',*,*,#1993,.F.);
#1153=ORIENTED_EDGE('',*,*,#1993,.T.);
#1154=ORIENTED_EDGE('',*,*,#1918,.F.);
#1155=ORIENTED_EDGE('',*,*,#1930,.T.);
#1156=ORIENTED_EDGE('',*,*,#1917,.T.);
#1157=ORIENTED_EDGE('',*,*,#1838,.T.);
#1158=ORIENTED_EDGE('',*,*,#1994,.T.);
#1159=ORIENTED_EDGE('',*,*,#1846,.F.);
#1160=ORIENTED_EDGE('',*,*,#1995,.T.);
#1161=ORIENTED_EDGE('',*,*,#1840,.T.);
#1162=ORIENTED_EDGE('',*,*,#1996,.T.);
#1163=ORIENTED_EDGE('',*,*,#1852,.F.);
#1164=ORIENTED_EDGE('',*,*,#1997,.T.);
#1165=ORIENTED_EDGE('',*,*,#1625,.F.);
#1166=ORIENTED_EDGE('',*,*,#1913,.F.);
#1167=ORIENTED_EDGE('',*,*,#1783,.F.);
#1168=ORIENTED_EDGE('',*,*,#1843,.F.);
#1169=ORIENTED_EDGE('',*,*,#1662,.F.);
#1170=ORIENTED_EDGE('',*,*,#1865,.F.);
#1171=ORIENTED_EDGE('',*,*,#1785,.F.);
#1172=ORIENTED_EDGE('',*,*,#1914,.F.);
#1173=ORIENTED_EDGE('',*,*,#1636,.F.);
#1174=ORIENTED_EDGE('',*,*,#1844,.F.);
#1175=ORIENTED_EDGE('',*,*,#1793,.F.);
#1176=ORIENTED_EDGE('',*,*,#1915,.F.);
#1177=ORIENTED_EDGE('',*,*,#1651,.F.);
#1178=ORIENTED_EDGE('',*,*,#1911,.F.);
#1179=ORIENTED_EDGE('',*,*,#1787,.F.);
#1180=ORIENTED_EDGE('',*,*,#1864,.F.);
#1181=ORIENTED_EDGE('',*,*,#1649,.F.);
#1182=ORIENTED_EDGE('',*,*,#1894,.F.);
#1183=ORIENTED_EDGE('',*,*,#1789,.F.);
#1184=ORIENTED_EDGE('',*,*,#1912,.F.);
#1185=ORIENTED_EDGE('',*,*,#1638,.F.);
#1186=ORIENTED_EDGE('',*,*,#1916,.F.);
#1187=ORIENTED_EDGE('',*,*,#1791,.F.);
#1188=ORIENTED_EDGE('',*,*,#1893,.F.);
#1189=ORIENTED_EDGE('',*,*,#1623,.T.);
#1190=ORIENTED_EDGE('',*,*,#1781,.F.);
#1191=ORIENTED_EDGE('',*,*,#1855,.F.);
#1192=ORIENTED_EDGE('',*,*,#1922,.F.);
#1193=ORIENTED_EDGE('',*,*,#1633,.F.);
#1194=ORIENTED_EDGE('',*,*,#1923,.F.);
#1195=ORIENTED_EDGE('',*,*,#1905,.F.);
#1196=ORIENTED_EDGE('',*,*,#1960,.F.);
#1197=ORIENTED_EDGE('',*,*,#1646,.F.);
#1198=ORIENTED_EDGE('',*,*,#1961,.F.);
#1199=ORIENTED_EDGE('',*,*,#1880,.F.);
#1200=ORIENTED_EDGE('',*,*,#1941,.F.);
#1201=ORIENTED_EDGE('',*,*,#1659,.F.);
#1202=ORIENTED_EDGE('',*,*,#1942,.F.);
#1203=ORIENTED_EDGE('',*,*,#1847,.F.);
#1204=ORIENTED_EDGE('',*,*,#1994,.F.);
#1205=ORIENTED_EDGE('',*,*,#1837,.F.);
#1206=ORIENTED_EDGE('',*,*,#1860,.F.);
#1207=ORIENTED_EDGE('',*,*,#1853,.F.);
#1208=ORIENTED_EDGE('',*,*,#1996,.F.);
#1209=ORIENTED_EDGE('',*,*,#1839,.F.);
#1210=ORIENTED_EDGE('',*,*,#1995,.F.);
#1211=ORIENTED_EDGE('',*,*,#1851,.F.);
#1212=ORIENTED_EDGE('',*,*,#1935,.F.);
#1213=ORIENTED_EDGE('',*,*,#1841,.F.);
#1214=ORIENTED_EDGE('',*,*,#1997,.F.);
#1215=ORIENTED_EDGE('',*,*,#1872,.F.);
#1216=ORIENTED_EDGE('',*,*,#1954,.F.);
#1217=ORIENTED_EDGE('',*,*,#1862,.F.);
#1218=ORIENTED_EDGE('',*,*,#1988,.F.);
#1219=ORIENTED_EDGE('',*,*,#1874,.F.);
#1220=ORIENTED_EDGE('',*,*,#1989,.F.);
#1221=ORIENTED_EDGE('',*,*,#1870,.F.);
#1222=ORIENTED_EDGE('',*,*,#1986,.F.);
#1223=ORIENTED_EDGE('',*,*,#1876,.F.);
#1224=ORIENTED_EDGE('',*,*,#1987,.F.);
#1225=ORIENTED_EDGE('',*,*,#1868,.F.);
#1226=ORIENTED_EDGE('',*,*,#1885,.F.);
#1227=ORIENTED_EDGE('',*,*,#1947,.F.);
#1228=ORIENTED_EDGE('',*,*,#1882,.F.);
#1229=ORIENTED_EDGE('',*,*,#1944,.F.);
#1230=ORIENTED_EDGE('',*,*,#1946,.F.);
#1231=ORIENTED_EDGE('',*,*,#1928,.F.);
#1232=ORIENTED_EDGE('',*,*,#1857,.F.);
#1233=ORIENTED_EDGE('',*,*,#1925,.F.);
#1234=ORIENTED_EDGE('',*,*,#1927,.F.);
#1235=ORIENTED_EDGE('',*,*,#1897,.F.);
#1236=ORIENTED_EDGE('',*,*,#1978,.F.);
#1237=ORIENTED_EDGE('',*,*,#1887,.F.);
#1238=ORIENTED_EDGE('',*,*,#1910,.F.);
#1239=ORIENTED_EDGE('',*,*,#1903,.F.);
#1240=ORIENTED_EDGE('',*,*,#1980,.F.);
#1241=ORIENTED_EDGE('',*,*,#1889,.F.);
#1242=ORIENTED_EDGE('',*,*,#1979,.F.);
#1243=ORIENTED_EDGE('',*,*,#1901,.F.);
#1244=ORIENTED_EDGE('',*,*,#1973,.F.);
#1245=ORIENTED_EDGE('',*,*,#1891,.F.);
#1246=ORIENTED_EDGE('',*,*,#1981,.F.);
#1247=ORIENTED_EDGE('',*,*,#1966,.F.);
#1248=ORIENTED_EDGE('',*,*,#1907,.F.);
#1249=ORIENTED_EDGE('',*,*,#1963,.F.);
#1250=ORIENTED_EDGE('',*,*,#1965,.F.);
#1251=ORIENTED_EDGE('',*,*,#1998,.F.);
#1252=ORIENTED_EDGE('',*,*,#1780,.T.);
#1253=ORIENTED_EDGE('',*,*,#1998,.T.);
#1254=ORIENTED_EDGE('',*,*,#1999,.F.);
#1255=ORIENTED_EDGE('',*,*,#2000,.F.);
#1256=ORIENTED_EDGE('',*,*,#1779,.T.);
#1257=ORIENTED_EDGE('',*,*,#2000,.T.);
#1258=ORIENTED_EDGE('',*,*,#2001,.T.);
#1259=ORIENTED_EDGE('',*,*,#2002,.F.);
#1260=ORIENTED_EDGE('',*,*,#1778,.T.);
#1261=ORIENTED_EDGE('',*,*,#2002,.T.);
#1262=ORIENTED_EDGE('',*,*,#2003,.F.);
#1263=ORIENTED_EDGE('',*,*,#2004,.F.);
#1264=ORIENTED_EDGE('',*,*,#1777,.T.);
#1265=ORIENTED_EDGE('',*,*,#2004,.T.);
#1266=ORIENTED_EDGE('',*,*,#2005,.F.);
#1267=ORIENTED_EDGE('',*,*,#2006,.F.);
#1268=ORIENTED_EDGE('',*,*,#1776,.T.);
#1269=ORIENTED_EDGE('',*,*,#2006,.T.);
#1270=ORIENTED_EDGE('',*,*,#2007,.T.);
#1271=ORIENTED_EDGE('',*,*,#2008,.F.);
#1272=ORIENTED_EDGE('',*,*,#1775,.T.);
#1273=ORIENTED_EDGE('',*,*,#2008,.T.);
#1274=ORIENTED_EDGE('',*,*,#2009,.T.);
#1275=ORIENTED_EDGE('',*,*,#2010,.F.);
#1276=ORIENTED_EDGE('',*,*,#1774,.T.);
#1277=ORIENTED_EDGE('',*,*,#2010,.T.);
#1278=ORIENTED_EDGE('',*,*,#2011,.T.);
#1279=ORIENTED_EDGE('',*,*,#2012,.F.);
#1280=ORIENTED_EDGE('',*,*,#1773,.T.);
#1281=ORIENTED_EDGE('',*,*,#2012,.T.);
#1282=ORIENTED_EDGE('',*,*,#2013,.F.);
#1283=ORIENTED_EDGE('',*,*,#1665,.F.);
#1284=ORIENTED_EDGE('',*,*,#2014,.T.);
#1285=ORIENTED_EDGE('',*,*,#1763,.T.);
#1286=ORIENTED_EDGE('',*,*,#2015,.T.);
#1287=ORIENTED_EDGE('',*,*,#1663,.T.);
#1288=ORIENTED_EDGE('',*,*,#2016,.T.);
#1289=ORIENTED_EDGE('',*,*,#1765,.F.);
#1290=ORIENTED_EDGE('',*,*,#2017,.T.);
#1291=ORIENTED_EDGE('',*,*,#1671,.T.);
#1292=ORIENTED_EDGE('',*,*,#2018,.T.);
#1293=ORIENTED_EDGE('',*,*,#1767,.F.);
#1294=ORIENTED_EDGE('',*,*,#2019,.T.);
#1295=ORIENTED_EDGE('',*,*,#1769,.T.);
#1296=ORIENTED_EDGE('',*,*,#2020,.T.);
#1297=ORIENTED_EDGE('',*,*,#1669,.F.);
#1298=ORIENTED_EDGE('',*,*,#2021,.T.);
#1299=ORIENTED_EDGE('',*,*,#1771,.T.);
#1300=ORIENTED_EDGE('',*,*,#2022,.T.);
#1301=ORIENTED_EDGE('',*,*,#1667,.F.);
#1302=ORIENTED_EDGE('',*,*,#2023,.T.);
#1303=ORIENTED_EDGE('',*,*,#1794,.T.);
#1304=ORIENTED_EDGE('',*,*,#2024,.T.);
#1305=ORIENTED_EDGE('',*,*,#1675,.F.);
#1306=ORIENTED_EDGE('',*,*,#2025,.T.);
#1307=ORIENTED_EDGE('',*,*,#1796,.F.);
#1308=ORIENTED_EDGE('',*,*,#2026,.T.);
#1309=ORIENTED_EDGE('',*,*,#1673,.T.);
#1310=ORIENTED_EDGE('',*,*,#2027,.T.);
#1311=ORIENTED_EDGE('',*,*,#1679,.T.);
#1312=ORIENTED_EDGE('',*,*,#2028,.T.);
#1313=ORIENTED_EDGE('',*,*,#1798,.F.);
#1314=ORIENTED_EDGE('',*,*,#2029,.T.);
#1315=ORIENTED_EDGE('',*,*,#1800,.T.);
#1316=ORIENTED_EDGE('',*,*,#2030,.T.);
#1317=ORIENTED_EDGE('',*,*,#1677,.F.);
#1318=ORIENTED_EDGE('',*,*,#2031,.T.);
#1319=ORIENTED_EDGE('',*,*,#1683,.F.);
#1320=ORIENTED_EDGE('',*,*,#2032,.T.);
#1321=ORIENTED_EDGE('',*,*,#1755,.T.);
#1322=ORIENTED_EDGE('',*,*,#2033,.T.);
#1323=ORIENTED_EDGE('',*,*,#1681,.T.);
#1324=ORIENTED_EDGE('',*,*,#2034,.T.);
#1325=ORIENTED_EDGE('',*,*,#1757,.F.);
#1326=ORIENTED_EDGE('',*,*,#2035,.T.);
#1327=ORIENTED_EDGE('',*,*,#1759,.F.);
#1328=ORIENTED_EDGE('',*,*,#2036,.T.);
#1329=ORIENTED_EDGE('',*,*,#1687,.T.);
#1330=ORIENTED_EDGE('',*,*,#2037,.T.);
#1331=ORIENTED_EDGE('',*,*,#1685,.F.);
#1332=ORIENTED_EDGE('',*,*,#2038,.T.);
#1333=ORIENTED_EDGE('',*,*,#1761,.T.);
#1334=ORIENTED_EDGE('',*,*,#2039,.T.);
#1335=ORIENTED_EDGE('',*,*,#1691,.F.);
#1336=ORIENTED_EDGE('',*,*,#2040,.T.);
#1337=ORIENTED_EDGE('',*,*,#1802,.T.);
#1338=ORIENTED_EDGE('',*,*,#2041,.T.);
#1339=ORIENTED_EDGE('',*,*,#1804,.F.);
#1340=ORIENTED_EDGE('',*,*,#2042,.T.);
#1341=ORIENTED_EDGE('',*,*,#1689,.T.);
#1342=ORIENTED_EDGE('',*,*,#2043,.T.);
#1343=ORIENTED_EDGE('',*,*,#1695,.T.);
#1344=ORIENTED_EDGE('',*,*,#2044,.T.);
#1345=ORIENTED_EDGE('',*,*,#1806,.F.);
#1346=ORIENTED_EDGE('',*,*,#2045,.T.);
#1347=ORIENTED_EDGE('',*,*,#1693,.F.);
#1348=ORIENTED_EDGE('',*,*,#2046,.T.);
#1349=ORIENTED_EDGE('',*,*,#1808,.T.);
#1350=ORIENTED_EDGE('',*,*,#2047,.T.);
#1351=ORIENTED_EDGE('',*,*,#1747,.T.);
#1352=ORIENTED_EDGE('',*,*,#2048,.T.);
#1353=ORIENTED_EDGE('',*,*,#1699,.F.);
#1354=ORIENTED_EDGE('',*,*,#2049,.T.);
#1355=ORIENTED_EDGE('',*,*,#1697,.T.);
#1356=ORIENTED_EDGE('',*,*,#2050,.T.);
#1357=ORIENTED_EDGE('',*,*,#1749,.F.);
#1358=ORIENTED_EDGE('',*,*,#2051,.T.);
#1359=ORIENTED_EDGE('',*,*,#1703,.T.);
#1360=ORIENTED_EDGE('',*,*,#2052,.T.);
#1361=ORIENTED_EDGE('',*,*,#1751,.F.);
#1362=ORIENTED_EDGE('',*,*,#2053,.T.);
#1363=ORIENTED_EDGE('',*,*,#1753,.T.);
#1364=ORIENTED_EDGE('',*,*,#2054,.T.);
#1365=ORIENTED_EDGE('',*,*,#1701,.F.);
#1366=ORIENTED_EDGE('',*,*,#2055,.T.);
#1367=ORIENTED_EDGE('',*,*,#1709,.F.);
#1368=ORIENTED_EDGE('',*,*,#2056,.T.);
#1369=ORIENTED_EDGE('',*,*,#1810,.T.);
#1370=ORIENTED_EDGE('',*,*,#2057,.T.);
#1371=ORIENTED_EDGE('',*,*,#1707,.F.);
#1372=ORIENTED_EDGE('',*,*,#2058,.T.);
#1373=ORIENTED_EDGE('',*,*,#1812,.T.);
#1374=ORIENTED_EDGE('',*,*,#2059,.T.);
#1375=ORIENTED_EDGE('',*,*,#1814,.T.);
#1376=ORIENTED_EDGE('',*,*,#2060,.T.);
#1377=ORIENTED_EDGE('',*,*,#1705,.F.);
#1378=ORIENTED_EDGE('',*,*,#2061,.T.);
#1379=ORIENTED_EDGE('',*,*,#1816,.F.);
#1380=ORIENTED_EDGE('',*,*,#2062,.T.);
#1381=ORIENTED_EDGE('',*,*,#1713,.T.);
#1382=ORIENTED_EDGE('',*,*,#2063,.T.);
#1383=ORIENTED_EDGE('',*,*,#1818,.F.);
#1384=ORIENTED_EDGE('',*,*,#2064,.T.);
#1385=ORIENTED_EDGE('',*,*,#1711,.T.);
#1386=ORIENTED_EDGE('',*,*,#2065,.T.);
#1387=ORIENTED_EDGE('',*,*,#1719,.F.);
#1388=ORIENTED_EDGE('',*,*,#2066,.T.);
#1389=ORIENTED_EDGE('',*,*,#1737,.T.);
#1390=ORIENTED_EDGE('',*,*,#2067,.T.);
#1391=ORIENTED_EDGE('',*,*,#1717,.F.);
#1392=ORIENTED_EDGE('',*,*,#2068,.T.);
#1393=ORIENTED_EDGE('',*,*,#1739,.T.);
#1394=ORIENTED_EDGE('',*,*,#2069,.T.);
#1395=ORIENTED_EDGE('',*,*,#1715,.F.);
#1396=ORIENTED_EDGE('',*,*,#2070,.T.);
#1397=ORIENTED_EDGE('',*,*,#1741,.T.);
#1398=ORIENTED_EDGE('',*,*,#2071,.T.);
#1399=ORIENTED_EDGE('',*,*,#1743,.F.);
#1400=ORIENTED_EDGE('',*,*,#2072,.T.);
#1401=ORIENTED_EDGE('',*,*,#1723,.T.);
#1402=ORIENTED_EDGE('',*,*,#2073,.T.);
#1403=ORIENTED_EDGE('',*,*,#1721,.T.);
#1404=ORIENTED_EDGE('',*,*,#2074,.T.);
#1405=ORIENTED_EDGE('',*,*,#1745,.F.);
#1406=ORIENTED_EDGE('',*,*,#2075,.T.);
#1407=ORIENTED_EDGE('',*,*,#1822,.F.);
#1408=ORIENTED_EDGE('',*,*,#2076,.T.);
#1409=ORIENTED_EDGE('',*,*,#1615,.T.);
#1410=ORIENTED_EDGE('',*,*,#2077,.T.);
#1411=ORIENTED_EDGE('',*,*,#1824,.F.);
#1412=ORIENTED_EDGE('',*,*,#2078,.T.);
#1413=ORIENTED_EDGE('',*,*,#1621,.T.);
#1414=ORIENTED_EDGE('',*,*,#2079,.T.);
#1415=ORIENTED_EDGE('',*,*,#1619,.F.);
#1416=ORIENTED_EDGE('',*,*,#2080,.T.);
#1417=ORIENTED_EDGE('',*,*,#1826,.T.);
#1418=ORIENTED_EDGE('',*,*,#2081,.T.);
#1419=ORIENTED_EDGE('',*,*,#1820,.T.);
#1420=ORIENTED_EDGE('',*,*,#2082,.T.);
#1421=ORIENTED_EDGE('',*,*,#1617,.F.);
#1422=ORIENTED_EDGE('',*,*,#2083,.T.);
#1423=ORIENTED_EDGE('',*,*,#1727,.F.);
#1424=ORIENTED_EDGE('',*,*,#2084,.T.);
#1425=ORIENTED_EDGE('',*,*,#1828,.T.);
#1426=ORIENTED_EDGE('',*,*,#2085,.T.);
#1427=ORIENTED_EDGE('',*,*,#1725,.T.);
#1428=ORIENTED_EDGE('',*,*,#2086,.T.);
#1429=ORIENTED_EDGE('',*,*,#1830,.F.);
#1430=ORIENTED_EDGE('',*,*,#2087,.T.);
#1431=ORIENTED_EDGE('',*,*,#1832,.F.);
#1432=ORIENTED_EDGE('',*,*,#2088,.T.);
#1433=ORIENTED_EDGE('',*,*,#1731,.T.);
#1434=ORIENTED_EDGE('',*,*,#2089,.T.);
#1435=ORIENTED_EDGE('',*,*,#1729,.F.);
#1436=ORIENTED_EDGE('',*,*,#2090,.T.);
#1437=ORIENTED_EDGE('',*,*,#1834,.T.);
#1438=ORIENTED_EDGE('',*,*,#2091,.T.);
#1439=ORIENTED_EDGE('',*,*,#1742,.F.);
#1440=ORIENTED_EDGE('',*,*,#2070,.F.);
#1441=ORIENTED_EDGE('',*,*,#1724,.F.);
#1442=ORIENTED_EDGE('',*,*,#2072,.F.);
#1443=ORIENTED_EDGE('',*,*,#1740,.F.);
#1444=ORIENTED_EDGE('',*,*,#2068,.F.);
#1445=ORIENTED_EDGE('',*,*,#1716,.F.);
#1446=ORIENTED_EDGE('',*,*,#2071,.F.);
#1447=ORIENTED_EDGE('',*,*,#1738,.F.);
#1448=ORIENTED_EDGE('',*,*,#2066,.F.);
#1449=ORIENTED_EDGE('',*,*,#1718,.F.);
#1450=ORIENTED_EDGE('',*,*,#2069,.F.);
#1451=ORIENTED_EDGE('',*,*,#1746,.F.);
#1452=ORIENTED_EDGE('',*,*,#2074,.F.);
#1453=ORIENTED_EDGE('',*,*,#1720,.F.);
#1454=ORIENTED_EDGE('',*,*,#2067,.F.);
#1455=ORIENTED_EDGE('',*,*,#1744,.F.);
#1456=ORIENTED_EDGE('',*,*,#2073,.F.);
#1457=ORIENTED_EDGE('',*,*,#1722,.F.);
#1458=ORIENTED_EDGE('',*,*,#2075,.F.);
#1459=ORIENTED_EDGE('',*,*,#1813,.F.);
#1460=ORIENTED_EDGE('',*,*,#2058,.F.);
#1461=ORIENTED_EDGE('',*,*,#1706,.F.);
#1462=ORIENTED_EDGE('',*,*,#2060,.F.);
#1463=ORIENTED_EDGE('',*,*,#1815,.F.);
#1464=ORIENTED_EDGE('',*,*,#2061,.F.);
#1465=ORIENTED_EDGE('',*,*,#1714,.F.);
#1466=ORIENTED_EDGE('',*,*,#2062,.F.);
#1467=ORIENTED_EDGE('',*,*,#1817,.F.);
#1468=ORIENTED_EDGE('',*,*,#2063,.F.);
#1469=ORIENTED_EDGE('',*,*,#1712,.F.);
#1470=ORIENTED_EDGE('',*,*,#2064,.F.);
#1471=ORIENTED_EDGE('',*,*,#1811,.F.);
#1472=ORIENTED_EDGE('',*,*,#2056,.F.);
#1473=ORIENTED_EDGE('',*,*,#1708,.F.);
#1474=ORIENTED_EDGE('',*,*,#2059,.F.);
#1475=ORIENTED_EDGE('',*,*,#1819,.F.);
#1476=ORIENTED_EDGE('',*,*,#2065,.F.);
#1477=ORIENTED_EDGE('',*,*,#1710,.F.);
#1478=ORIENTED_EDGE('',*,*,#2057,.F.);
#1479=ORIENTED_EDGE('',*,*,#1768,.F.);
#1480=ORIENTED_EDGE('',*,*,#2018,.F.);
#1481=ORIENTED_EDGE('',*,*,#1670,.F.);
#1482=ORIENTED_EDGE('',*,*,#2020,.F.);
#1483=ORIENTED_EDGE('',*,*,#1770,.F.);
#1484=ORIENTED_EDGE('',*,*,#2021,.F.);
#1485=ORIENTED_EDGE('',*,*,#1668,.F.);
#1486=ORIENTED_EDGE('',*,*,#2022,.F.);
#1487=ORIENTED_EDGE('',*,*,#1766,.F.);
#1488=ORIENTED_EDGE('',*,*,#2016,.F.);
#1489=ORIENTED_EDGE('',*,*,#1672,.F.);
#1490=ORIENTED_EDGE('',*,*,#2019,.F.);
#1491=ORIENTED_EDGE('',*,*,#1764,.F.);
#1492=ORIENTED_EDGE('',*,*,#2014,.F.);
#1493=ORIENTED_EDGE('',*,*,#1664,.F.);
#1494=ORIENTED_EDGE('',*,*,#2017,.F.);
#1495=ORIENTED_EDGE('',*,*,#1772,.F.);
#1496=ORIENTED_EDGE('',*,*,#2023,.F.);
#1497=ORIENTED_EDGE('',*,*,#1666,.F.);
#1498=ORIENTED_EDGE('',*,*,#2015,.F.);
#1499=ORIENTED_EDGE('',*,*,#1803,.F.);
#1500=ORIENTED_EDGE('',*,*,#2040,.F.);
#1501=ORIENTED_EDGE('',*,*,#1690,.F.);
#1502=ORIENTED_EDGE('',*,*,#2042,.F.);
#1503=ORIENTED_EDGE('',*,*,#1809,.F.);
#1504=ORIENTED_EDGE('',*,*,#2046,.F.);
#1505=ORIENTED_EDGE('',*,*,#1692,.F.);
#1506=ORIENTED_EDGE('',*,*,#2041,.F.);
#1507=ORIENTED_EDGE('',*,*,#1807,.F.);
#1508=ORIENTED_EDGE('',*,*,#2044,.F.);
#1509=ORIENTED_EDGE('',*,*,#1694,.F.);
#1510=ORIENTED_EDGE('',*,*,#2047,.F.);
#1511=ORIENTED_EDGE('',*,*,#1805,.F.);
#1512=ORIENTED_EDGE('',*,*,#2043,.F.);
#1513=ORIENTED_EDGE('',*,*,#1696,.F.);
#1514=ORIENTED_EDGE('',*,*,#2045,.F.);
#1515=ORIENTED_EDGE('',*,*,#1758,.F.);
#1516=ORIENTED_EDGE('',*,*,#2034,.F.);
#1517=ORIENTED_EDGE('',*,*,#1688,.F.);
#1518=ORIENTED_EDGE('',*,*,#2036,.F.);
#1519=ORIENTED_EDGE('',*,*,#1756,.F.);
#1520=ORIENTED_EDGE('',*,*,#2032,.F.);
#1521=ORIENTED_EDGE('',*,*,#1682,.F.);
#1522=ORIENTED_EDGE('',*,*,#2035,.F.);
#1523=ORIENTED_EDGE('',*,*,#1762,.F.);
#1524=ORIENTED_EDGE('',*,*,#2038,.F.);
#1525=ORIENTED_EDGE('',*,*,#1684,.F.);
#1526=ORIENTED_EDGE('',*,*,#2033,.F.);
#1527=ORIENTED_EDGE('',*,*,#1760,.F.);
#1528=ORIENTED_EDGE('',*,*,#2037,.F.);
#1529=ORIENTED_EDGE('',*,*,#1686,.F.);
#1530=ORIENTED_EDGE('',*,*,#2039,.F.);
#1531=ORIENTED_EDGE('',*,*,#1827,.F.);
#1532=ORIENTED_EDGE('',*,*,#2080,.F.);
#1533=ORIENTED_EDGE('',*,*,#1618,.F.);
#1534=ORIENTED_EDGE('',*,*,#2082,.F.);
#1535=ORIENTED_EDGE('',*,*,#1821,.F.);
#1536=ORIENTED_EDGE('',*,*,#2083,.F.);
#1537=ORIENTED_EDGE('',*,*,#1616,.F.);
#1538=ORIENTED_EDGE('',*,*,#2076,.F.);
#1539=ORIENTED_EDGE('',*,*,#1823,.F.);
#1540=ORIENTED_EDGE('',*,*,#2077,.F.);
#1541=ORIENTED_EDGE('',*,*,#1622,.F.);
#1542=ORIENTED_EDGE('',*,*,#2078,.F.);
#1543=ORIENTED_EDGE('',*,*,#1825,.F.);
#1544=ORIENTED_EDGE('',*,*,#2079,.F.);
#1545=ORIENTED_EDGE('',*,*,#1620,.F.);
#1546=ORIENTED_EDGE('',*,*,#2081,.F.);
#1547=ORIENTED_EDGE('',*,*,#1831,.F.);
#1548=ORIENTED_EDGE('',*,*,#2086,.F.);
#1549=ORIENTED_EDGE('',*,*,#1732,.F.);
#1550=ORIENTED_EDGE('',*,*,#2088,.F.);
#1551=ORIENTED_EDGE('',*,*,#1829,.F.);
#1552=ORIENTED_EDGE('',*,*,#2084,.F.);
#1553=ORIENTED_EDGE('',*,*,#1726,.F.);
#1554=ORIENTED_EDGE('',*,*,#2087,.F.);
#1555=ORIENTED_EDGE('',*,*,#1835,.F.);
#1556=ORIENTED_EDGE('',*,*,#2090,.F.);
#1557=ORIENTED_EDGE('',*,*,#1728,.F.);
#1558=ORIENTED_EDGE('',*,*,#2085,.F.);
#1559=ORIENTED_EDGE('',*,*,#1833,.F.);
#1560=ORIENTED_EDGE('',*,*,#2089,.F.);
#1561=ORIENTED_EDGE('',*,*,#1730,.F.);
#1562=ORIENTED_EDGE('',*,*,#2091,.F.);
#1563=ORIENTED_EDGE('',*,*,#1799,.F.);
#1564=ORIENTED_EDGE('',*,*,#2028,.F.);
#1565=ORIENTED_EDGE('',*,*,#1678,.F.);
#1566=ORIENTED_EDGE('',*,*,#2030,.F.);
#1567=ORIENTED_EDGE('',*,*,#1801,.F.);
#1568=ORIENTED_EDGE('',*,*,#2031,.F.);
#1569=ORIENTED_EDGE('',*,*,#1676,.F.);
#1570=ORIENTED_EDGE('',*,*,#2024,.F.);
#1571=ORIENTED_EDGE('',*,*,#1795,.F.);
#1572=ORIENTED_EDGE('',*,*,#2025,.F.);
#1573=ORIENTED_EDGE('',*,*,#1674,.F.);
#1574=ORIENTED_EDGE('',*,*,#2026,.F.);
#1575=ORIENTED_EDGE('',*,*,#1752,.F.);
#1576=ORIENTED_EDGE('',*,*,#2052,.F.);
#1577=ORIENTED_EDGE('',*,*,#1702,.F.);
#1578=ORIENTED_EDGE('',*,*,#2054,.F.);
#1579=ORIENTED_EDGE('',*,*,#1750,.F.);
#1580=ORIENTED_EDGE('',*,*,#2050,.F.);
#1581=ORIENTED_EDGE('',*,*,#1704,.F.);
#1582=ORIENTED_EDGE('',*,*,#2053,.F.);
#1583=ORIENTED_EDGE('',*,*,#1754,.F.);
#1584=ORIENTED_EDGE('',*,*,#2055,.F.);
#1585=ORIENTED_EDGE('',*,*,#1700,.F.);
#1586=ORIENTED_EDGE('',*,*,#2048,.F.);
#1587=ORIENTED_EDGE('',*,*,#1748,.F.);
#1588=ORIENTED_EDGE('',*,*,#2049,.F.);
#1589=ORIENTED_EDGE('',*,*,#1698,.F.);
#1590=ORIENTED_EDGE('',*,*,#2051,.F.);
#1591=ORIENTED_EDGE('',*,*,#1797,.F.);
#1592=ORIENTED_EDGE('',*,*,#2027,.F.);
#1593=ORIENTED_EDGE('',*,*,#1680,.F.);
#1594=ORIENTED_EDGE('',*,*,#2029,.F.);
#1595=ORIENTED_EDGE('',*,*,#2009,.F.);
#1596=ORIENTED_EDGE('',*,*,#1614,.F.);
#1597=ORIENTED_EDGE('',*,*,#2003,.T.);
#1598=ORIENTED_EDGE('',*,*,#1733,.T.);
#1599=ORIENTED_EDGE('',*,*,#1999,.T.);
#1600=ORIENTED_EDGE('',*,*,#1734,.T.);
#1601=ORIENTED_EDGE('',*,*,#2013,.T.);
#1602=ORIENTED_EDGE('',*,*,#1735,.T.);
#1603=ORIENTED_EDGE('',*,*,#2001,.F.);
#1604=ORIENTED_EDGE('',*,*,#1613,.F.);
#1605=ORIENTED_EDGE('',*,*,#2007,.F.);
#1606=ORIENTED_EDGE('',*,*,#1612,.F.);
#1607=ORIENTED_EDGE('',*,*,#2011,.F.);
#1608=ORIENTED_EDGE('',*,*,#1611,.F.);
#1609=ORIENTED_EDGE('',*,*,#2005,.T.);
#1610=ORIENTED_EDGE('',*,*,#1736,.T.);
#1611=EDGE_CURVE('',#2092,#2092,#2438,.T.);
#1612=EDGE_CURVE('',#2093,#2093,#2439,.T.);
#1613=EDGE_CURVE('',#2094,#2094,#2440,.T.);
#1614=EDGE_CURVE('',#2095,#2095,#2441,.T.);
#1615=EDGE_CURVE('',#2096,#2097,#139,.T.);
#1616=EDGE_CURVE('',#2096,#2098,#2442,.F.);
#1617=EDGE_CURVE('',#2098,#2099,#2443,.T.);
#1618=EDGE_CURVE('',#2099,#2100,#2444,.F.);
#1619=EDGE_CURVE('',#2100,#2101,#140,.T.);
#1620=EDGE_CURVE('',#2101,#2102,#2445,.F.);
#1621=EDGE_CURVE('',#2103,#2102,#2446,.T.);
#1622=EDGE_CURVE('',#2103,#2097,#2447,.F.);
#1623=EDGE_CURVE('',#2104,#2104,#2448,.T.);
#1624=EDGE_CURVE('',#2105,#2106,#141,.T.);
#1625=EDGE_CURVE('',#2106,#2107,#2449,.T.);
#1626=EDGE_CURVE('',#2107,#2108,#142,.T.);
#1627=EDGE_CURVE('',#2108,#2109,#143,.T.);
#1628=EDGE_CURVE('',#2109,#2110,#144,.T.);
#1629=EDGE_CURVE('',#2110,#2111,#145,.T.);
#1630=EDGE_CURVE('',#2111,#2112,#146,.T.);
#1631=EDGE_CURVE('',#2112,#2113,#147,.T.);
#1632=EDGE_CURVE('',#2114,#2113,#148,.T.);
#1633=EDGE_CURVE('',#2114,#2115,#2450,.F.);
#1634=EDGE_CURVE('',#2116,#2115,#149,.T.);
#1635=EDGE_CURVE('',#2116,#2117,#150,.T.);
#1636=EDGE_CURVE('',#2117,#2118,#2451,.T.);
#1637=EDGE_CURVE('',#2118,#2119,#151,.T.);
#1638=EDGE_CURVE('',#2119,#2120,#2452,.T.);
#1639=EDGE_CURVE('',#2120,#2121,#152,.T.);
#1640=EDGE_CURVE('',#2121,#2122,#153,.T.);
#1641=EDGE_CURVE('',#2122,#2123,#154,.T.);
#1642=EDGE_CURVE('',#2123,#2124,#155,.T.);
#1643=EDGE_CURVE('',#2124,#2125,#156,.T.);
#1644=EDGE_CURVE('',#2125,#2126,#157,.T.);
#1645=EDGE_CURVE('',#2127,#2126,#158,.T.);
#1646=EDGE_CURVE('',#2127,#2128,#2453,.F.);
#1647=EDGE_CURVE('',#2129,#2128,#159,.T.);
#1648=EDGE_CURVE('',#2129,#2130,#160,.T.);
#1649=EDGE_CURVE('',#2130,#2131,#2454,.T.);
#1650=EDGE_CURVE('',#2131,#2132,#161,.T.);
#1651=EDGE_CURVE('',#2132,#2133,#2455,.T.);
#1652=EDGE_CURVE('',#2133,#2134,#162,.T.);
#1653=EDGE_CURVE('',#2134,#2135,#163,.T.);
#1654=EDGE_CURVE('',#2135,#2136,#164,.T.);
#1655=EDGE_CURVE('',#2136,#2137,#165,.T.);
#1656=EDGE_CURVE('',#2137,#2138,#166,.T.);
#1657=EDGE_CURVE('',#2138,#2139,#167,.T.);
#1658=EDGE_CURVE('',#2140,#2139,#168,.T.);
#1659=EDGE_CURVE('',#2140,#2141,#2456,.F.);
#1660=EDGE_CURVE('',#2142,#2141,#169,.T.);
#1661=EDGE_CURVE('',#2142,#2143,#170,.T.);
#1662=EDGE_CURVE('',#2143,#2105,#2457,.T.);
#1663=EDGE_CURVE('',#2144,#2145,#171,.T.);
#1664=EDGE_CURVE('',#2144,#2146,#2458,.F.);
#1665=EDGE_CURVE('',#2146,#2147,#172,.T.);
#1666=EDGE_CURVE('',#2147,#2148,#2459,.F.);
#1667=EDGE_CURVE('',#2148,#2149,#173,.T.);
#1668=EDGE_CURVE('',#2149,#2150,#2460,.F.);
#1669=EDGE_CURVE('',#2150,#2151,#2461,.T.);
#1670=EDGE_CURVE('',#2151,#2152,#2462,.F.);
#1671=EDGE_CURVE('',#2153,#2152,#174,.T.);
#1672=EDGE_CURVE('',#2153,#2145,#2463,.F.);
#1673=EDGE_CURVE('',#2154,#2155,#175,.T.);
#1674=EDGE_CURVE('',#2154,#2156,#2464,.F.);
#1675=EDGE_CURVE('',#2156,#2157,#2465,.T.);
#1676=EDGE_CURVE('',#2157,#2158,#2466,.F.);
#1677=EDGE_CURVE('',#2158,#2159,#176,.T.);
#1678=EDGE_CURVE('',#2159,#2160,#2467,.F.);
#1679=EDGE_CURVE('',#2161,#2160,#2468,.T.);
#1680=EDGE_CURVE('',#2161,#2155,#2469,.F.);
#1681=EDGE_CURVE('',#2162,#2163,#2470,.T.);
#1682=EDGE_CURVE('',#2162,#2164,#2471,.F.);
#1683=EDGE_CURVE('',#2164,#2165,#177,.T.);
#1684=EDGE_CURVE('',#2165,#2166,#2472,.F.);
#1685=EDGE_CURVE('',#2166,#2167,#2473,.T.);
#1686=EDGE_CURVE('',#2167,#2168,#2474,.F.);
#1687=EDGE_CURVE('',#2169,#2168,#178,.T.);
#1688=EDGE_CURVE('',#2169,#2163,#2475,.F.);
#1689=EDGE_CURVE('',#2170,#2171,#2476,.T.);
#1690=EDGE_CURVE('',#2170,#2172,#2477,.F.);
#1691=EDGE_CURVE('',#2172,#2173,#179,.T.);
#1692=EDGE_CURVE('',#2173,#2174,#2478,.F.);
#1693=EDGE_CURVE('',#2174,#2175,#2479,.T.);
#1694=EDGE_CURVE('',#2175,#2176,#2480,.F.);
#1695=EDGE_CURVE('',#2177,#2176,#180,.T.);
#1696=EDGE_CURVE('',#2177,#2171,#2481,.F.);
#1697=EDGE_CURVE('',#2178,#2179,#2482,.T.);
#1698=EDGE_CURVE('',#2178,#2180,#2483,.F.);
#1699=EDGE_CURVE('',#2180,#2181,#181,.T.);
#1700=EDGE_CURVE('',#2181,#2182,#2484,.F.);
#1701=EDGE_CURVE('',#2182,#2183,#2485,.T.);
#1702=EDGE_CURVE('',#2183,#2184,#2486,.F.);
#1703=EDGE_CURVE('',#2185,#2184,#182,.T.);
#1704=EDGE_CURVE('',#2185,#2179,#2487,.F.);
#1705=EDGE_CURVE('',#2186,#2187,#183,.T.);
#1706=EDGE_CURVE('',#2187,#2188,#2488,.F.);
#1707=EDGE_CURVE('',#2188,#2189,#184,.T.);
#1708=EDGE_CURVE('',#2189,#2190,#2489,.F.);
#1709=EDGE_CURVE('',#2190,#2191,#2490,.T.);
#1710=EDGE_CURVE('',#2191,#2192,#2491,.F.);
#1711=EDGE_CURVE('',#2193,#2192,#185,.T.);
#1712=EDGE_CURVE('',#2193,#2194,#2492,.F.);
#1713=EDGE_CURVE('',#2195,#2194,#186,.T.);
#1714=EDGE_CURVE('',#2195,#2186,#2493,.F.);
#1715=EDGE_CURVE('',#2196,#2197,#187,.T.);
#1716=EDGE_CURVE('',#2197,#2198,#2494,.F.);
#1717=EDGE_CURVE('',#2198,#2199,#188,.T.);
#1718=EDGE_CURVE('',#2199,#2200,#2495,.F.);
#1719=EDGE_CURVE('',#2200,#2201,#2496,.T.);
#1720=EDGE_CURVE('',#2201,#2202,#2497,.F.);
#1721=EDGE_CURVE('',#2203,#2202,#189,.T.);
#1722=EDGE_CURVE('',#2203,#2204,#2498,.F.);
#1723=EDGE_CURVE('',#2205,#2204,#190,.T.);
#1724=EDGE_CURVE('',#2205,#2196,#2499,.F.);
#1725=EDGE_CURVE('',#2206,#2207,#191,.T.);
#1726=EDGE_CURVE('',#2206,#2208,#2500,.F.);
#1727=EDGE_CURVE('',#2208,#2209,#2501,.T.);
#1728=EDGE_CURVE('',#2209,#2210,#2502,.F.);
#1729=EDGE_CURVE('',#2210,#2211,#192,.T.);
#1730=EDGE_CURVE('',#2211,#2212,#2503,.F.);
#1731=EDGE_CURVE('',#2213,#2212,#2504,.T.);
#1732=EDGE_CURVE('',#2213,#2207,#2505,.F.);
#1733=EDGE_CURVE('',#2214,#2214,#2506,.T.);
#1734=EDGE_CURVE('',#2215,#2215,#2507,.T.);
#1735=EDGE_CURVE('',#2216,#2216,#2508,.T.);
#1736=EDGE_CURVE('',#2217,#2217,#2509,.T.);
#1737=EDGE_CURVE('',#2218,#2219,#2510,.T.);
#1738=EDGE_CURVE('',#2218,#2220,#2511,.T.);
#1739=EDGE_CURVE('',#2221,#2220,#193,.T.);
#1740=EDGE_CURVE('',#2221,#2222,#2512,.T.);
#1741=EDGE_CURVE('',#2223,#2222,#194,.T.);
#1742=EDGE_CURVE('',#2223,#2224,#2513,.T.);
#1743=EDGE_CURVE('',#2224,#2225,#195,.T.);
#1744=EDGE_CURVE('',#2225,#2226,#2514,.T.);
#1745=EDGE_CURVE('',#2226,#2227,#196,.T.);
#1746=EDGE_CURVE('',#2227,#2219,#2515,.T.);
#1747=EDGE_CURVE('',#2228,#2229,#197,.T.);
#1748=EDGE_CURVE('',#2228,#2230,#2516,.T.);
#1749=EDGE_CURVE('',#2230,#2231,#2517,.T.);
#1750=EDGE_CURVE('',#2231,#2232,#2518,.T.);
#1751=EDGE_CURVE('',#2232,#2233,#198,.T.);
#1752=EDGE_CURVE('',#2233,#2234,#2519,.T.);
#1753=EDGE_CURVE('',#2235,#2234,#2520,.T.);
#1754=EDGE_CURVE('',#2235,#2229,#2521,.T.);
#1755=EDGE_CURVE('',#2236,#2237,#199,.T.);
#1756=EDGE_CURVE('',#2236,#2238,#2522,.T.);
#1757=EDGE_CURVE('',#2238,#2239,#2523,.T.);
#1758=EDGE_CURVE('',#2239,#2240,#2524,.T.);
#1759=EDGE_CURVE('',#2240,#2241,#200,.T.);
#1760=EDGE_CURVE('',#2241,#2242,#2525,.T.);
#1761=EDGE_CURVE('',#2243,#2242,#2526,.T.);
#1762=EDGE_CURVE('',#2243,#2237,#2527,.T.);
#1763=EDGE_CURVE('',#2244,#2245,#201,.T.);
#1764=EDGE_CURVE('',#2244,#2246,#2528,.T.);
#1765=EDGE_CURVE('',#2246,#2247,#202,.T.);
#1766=EDGE_CURVE('',#2247,#2248,#2529,.T.);
#1767=EDGE_CURVE('',#2248,#2249,#203,.T.);
#1768=EDGE_CURVE('',#2249,#2250,#2530,.T.);
#1769=EDGE_CURVE('',#2251,#2250,#2531,.T.);
#1770=EDGE_CURVE('',#2251,#2252,#2532,.T.);
#1771=EDGE_CURVE('',#2253,#2252,#204,.T.);
#1772=EDGE_CURVE('',#2253,#2245,#2533,.T.);
#1773=EDGE_CURVE('',#2254,#2254,#2534,.F.);
#1774=EDGE_CURVE('',#2255,#2255,#2535,.F.);
#1775=EDGE_CURVE('',#2256,#2256,#2536,.F.);
#1776=EDGE_CURVE('',#2257,#2257,#2537,.F.);
#1777=EDGE_CURVE('',#2258,#2258,#2538,.F.);
#1778=EDGE_CURVE('',#2259,#2259,#2539,.F.);
#1779=EDGE_CURVE('',#2260,#2260,#2540,.F.);
#1780=EDGE_CURVE('',#2261,#2261,#2541,.F.);
#1781=EDGE_CURVE('',#2262,#2262,#2542,.T.);
#1782=EDGE_CURVE('',#2263,#2264,#205,.T.);
#1783=EDGE_CURVE('',#2263,#2265,#2543,.F.);
#1784=EDGE_CURVE('',#2266,#2265,#206,.T.);
#1785=EDGE_CURVE('',#2266,#2267,#2544,.F.);
#1786=EDGE_CURVE('',#2268,#2267,#207,.T.);
#1787=EDGE_CURVE('',#2268,#2269,#2545,.F.);
#1788=EDGE_CURVE('',#2270,#2269,#208,.T.);
#1789=EDGE_CURVE('',#2270,#2271,#2546,.F.);
#1790=EDGE_CURVE('',#2272,#2271,#209,.T.);
#1791=EDGE_CURVE('',#2272,#2273,#2547,.F.);
#1792=EDGE_CURVE('',#2274,#2273,#210,.T.);
#1793=EDGE_CURVE('',#2274,#2264,#2548,.F.);
#1794=EDGE_CURVE('',#2275,#2276,#2549,.T.);
#1795=EDGE_CURVE('',#2275,#2277,#2550,.T.);
#1796=EDGE_CURVE('',#2277,#2278,#211,.T.);
#1797=EDGE_CURVE('',#2278,#2279,#2551,.T.);
#1798=EDGE_CURVE('',#2279,#2280,#2552,.T.);
#1799=EDGE_CURVE('',#2280,#2281,#2553,.T.);
#1800=EDGE_CURVE('',#2282,#2281,#212,.T.);
#1801=EDGE_CURVE('',#2282,#2276,#2554,.T.);
#1802=EDGE_CURVE('',#2283,#2284,#213,.T.);
#1803=EDGE_CURVE('',#2283,#2285,#2555,.T.);
#1804=EDGE_CURVE('',#2285,#2286,#2556,.T.);
#1805=EDGE_CURVE('',#2286,#2287,#2557,.T.);
#1806=EDGE_CURVE('',#2287,#2288,#214,.T.);
#1807=EDGE_CURVE('',#2288,#2289,#2558,.T.);
#1808=EDGE_CURVE('',#2290,#2289,#2559,.T.);
#1809=EDGE_CURVE('',#2290,#2284,#2560,.T.);
#1810=EDGE_CURVE('',#2291,#2292,#2561,.T.);
#1811=EDGE_CURVE('',#2291,#2293,#2562,.T.);
#1812=EDGE_CURVE('',#2294,#2293,#215,.T.);
#1813=EDGE_CURVE('',#2294,#2295,#2563,.T.);
#1814=EDGE_CURVE('',#2296,#2295,#216,.T.);
#1815=EDGE_CURVE('',#2296,#2297,#2564,.T.);
#1816=EDGE_CURVE('',#2297,#2298,#217,.T.);
#1817=EDGE_CURVE('',#2298,#2299,#2565,.T.);
#1818=EDGE_CURVE('',#2299,#2300,#218,.T.);
#1819=EDGE_CURVE('',#2300,#2292,#2566,.T.);
#1820=EDGE_CURVE('',#2301,#2302,#2567,.T.);
#1821=EDGE_CURVE('',#2301,#2303,#2568,.T.);
#1822=EDGE_CURVE('',#2303,#2304,#219,.T.);
#1823=EDGE_CURVE('',#2304,#2305,#2569,.T.);
#1824=EDGE_CURVE('',#2305,#2306,#2570,.T.);
#1825=EDGE_CURVE('',#2306,#2307,#2571,.T.);
#1826=EDGE_CURVE('',#2308,#2307,#220,.T.);
#1827=EDGE_CURVE('',#2308,#2302,#2572,.T.);
#1828=EDGE_CURVE('',#2309,#2310,#2573,.T.);
#1829=EDGE_CURVE('',#2309,#2311,#2574,.T.);
#1830=EDGE_CURVE('',#2311,#2312,#221,.T.);
#1831=EDGE_CURVE('',#2312,#2313,#2575,.T.);
#1832=EDGE_CURVE('',#2313,#2314,#2576,.T.);
#1833=EDGE_CURVE('',#2314,#2315,#2577,.T.);
#1834=EDGE_CURVE('',#2316,#2315,#222,.T.);
#1835=EDGE_CURVE('',#2316,#2310,#2578,.T.);
#1836=EDGE_CURVE('',#2317,#2318,#223,.T.);
#1837=EDGE_CURVE('',#2317,#2319,#2579,.F.);
#1838=EDGE_CURVE('',#2320,#2319,#224,.T.);
#1839=EDGE_CURVE('',#2320,#2321,#2580,.T.);
#1840=EDGE_CURVE('',#2322,#2321,#225,.T.);
#1841=EDGE_CURVE('',#2322,#2323,#2581,.F.);
#1842=EDGE_CURVE('',#2323,#2108,#226,.T.);
#1843=EDGE_CURVE('',#2107,#2263,#227,.T.);
#1844=EDGE_CURVE('',#2264,#2117,#228,.F.);
#1845=EDGE_CURVE('',#2318,#2116,#229,.T.);
#1846=EDGE_CURVE('',#2324,#2325,#230,.T.);
#1847=EDGE_CURVE('',#2325,#2326,#2582,.T.);
#1848=EDGE_CURVE('',#2326,#2327,#231,.T.);
#1849=EDGE_CURVE('',#2327,#2110,#232,.T.);
#1850=EDGE_CURVE('',#2328,#2109,#233,.T.);
#1851=EDGE_CURVE('',#2328,#2329,#2583,.T.);
#1852=EDGE_CURVE('',#2329,#2330,#234,.T.);
#1853=EDGE_CURVE('',#2330,#2324,#2584,.F.);
#1854=EDGE_CURVE('',#2318,#2331,#235,.T.);
#1855=EDGE_CURVE('',#2331,#2332,#2585,.T.);
#1856=EDGE_CURVE('',#2332,#2333,#236,.T.);
#1857=EDGE_CURVE('',#2333,#2334,#237,.F.);
#1858=EDGE_CURVE('',#2335,#2334,#238,.T.);
#1859=EDGE_CURVE('',#2327,#2335,#239,.T.);
#1860=EDGE_CURVE('',#2326,#2317,#240,.T.);
#1861=EDGE_CURVE('',#2336,#2337,#241,.T.);
#1862=EDGE_CURVE('',#2336,#2338,#2586,.F.);
#1863=EDGE_CURVE('',#2338,#2134,#242,.T.);
#1864=EDGE_CURVE('',#2133,#2268,#243,.T.);
#1865=EDGE_CURVE('',#2267,#2143,#244,.F.);
#1866=EDGE_CURVE('',#2339,#2142,#245,.T.);
#1867=EDGE_CURVE('',#2340,#2339,#246,.T.);
#1868=EDGE_CURVE('',#2340,#2341,#2587,.F.);
#1869=EDGE_CURVE('',#2342,#2341,#247,.T.);
#1870=EDGE_CURVE('',#2342,#2337,#2588,.T.);
#1871=EDGE_CURVE('',#2343,#2135,#248,.T.);
#1872=EDGE_CURVE('',#2343,#2344,#2589,.T.);
#1873=EDGE_CURVE('',#2344,#2345,#249,.T.);
#1874=EDGE_CURVE('',#2345,#2346,#2590,.F.);
#1875=EDGE_CURVE('',#2346,#2347,#250,.T.);
#1876=EDGE_CURVE('',#2347,#2348,#2591,.T.);
#1877=EDGE_CURVE('',#2348,#2349,#251,.T.);
#1878=EDGE_CURVE('',#2349,#2136,#252,.T.);
#1879=EDGE_CURVE('',#2339,#2350,#253,.T.);
#1880=EDGE_CURVE('',#2350,#2351,#2592,.T.);
#1881=EDGE_CURVE('',#2351,#2352,#254,.T.);
#1882=EDGE_CURVE('',#2352,#2353,#255,.F.);
#1883=EDGE_CURVE('',#2354,#2353,#256,.T.);
#1884=EDGE_CURVE('',#2349,#2354,#257,.T.);
#1885=EDGE_CURVE('',#2348,#2340,#258,.T.);
#1886=EDGE_CURVE('',#2355,#2356,#259,.T.);
#1887=EDGE_CURVE('',#2355,#2357,#2593,.F.);
#1888=EDGE_CURVE('',#2358,#2357,#260,.T.);
#1889=EDGE_CURVE('',#2358,#2359,#2594,.T.);
#1890=EDGE_CURVE('',#2360,#2359,#261,.T.);
#1891=EDGE_CURVE('',#2360,#2361,#2595,.F.);
#1892=EDGE_CURVE('',#2361,#2121,#262,.T.);
#1893=EDGE_CURVE('',#2120,#2272,#263,.T.);
#1894=EDGE_CURVE('',#2271,#2130,#264,.F.);
#1895=EDGE_CURVE('',#2356,#2129,#265,.T.);
#1896=EDGE_CURVE('',#2362,#2363,#266,.T.);
#1897=EDGE_CURVE('',#2363,#2364,#2596,.T.);
#1898=EDGE_CURVE('',#2364,#2365,#267,.T.);
#1899=EDGE_CURVE('',#2365,#2123,#268,.T.);
#1900=EDGE_CURVE('',#2366,#2122,#269,.T.);
#1901=EDGE_CURVE('',#2366,#2367,#2597,.T.);
#1902=EDGE_CURVE('',#2367,#2368,#270,.T.);
#1903=EDGE_CURVE('',#2368,#2362,#2598,.F.);
#1904=EDGE_CURVE('',#2356,#2369,#271,.T.);
#1905=EDGE_CURVE('',#2369,#2370,#2599,.T.);
#1906=EDGE_CURVE('',#2370,#2371,#272,.T.);
#1907=EDGE_CURVE('',#2371,#2372,#273,.F.);
#1908=EDGE_CURVE('',#2373,#2372,#274,.T.);
#1909=EDGE_CURVE('',#2365,#2373,#275,.T.);
#1910=EDGE_CURVE('',#2364,#2355,#276,.T.);
#1911=EDGE_CURVE('',#2269,#2132,#277,.F.);
#1912=EDGE_CURVE('',#2131,#2270,#278,.T.);
#1913=EDGE_CURVE('',#2265,#2106,#279,.F.);
#1914=EDGE_CURVE('',#2105,#2266,#280,.T.);
#1915=EDGE_CURVE('',#2118,#2274,#281,.T.);
#1916=EDGE_CURVE('',#2273,#2119,#282,.F.);
#1917=EDGE_CURVE('',#2374,#2374,#2600,.T.);
#1918=EDGE_CURVE('',#2375,#2375,#2601,.T.);
#1919=EDGE_CURVE('',#2376,#2376,#2602,.T.);
#1920=EDGE_CURVE('',#2377,#2377,#2603,.T.);
#1921=EDGE_CURVE('',#2378,#2378,#2604,.T.);
#1922=EDGE_CURVE('',#2115,#2331,#283,.F.);
#1923=EDGE_CURVE('',#2332,#2114,#284,.T.);
#1924=EDGE_CURVE('',#2379,#2113,#285,.T.);
#1925=EDGE_CURVE('',#2379,#2333,#2605,.F.);
#1926=EDGE_CURVE('',#2380,#2112,#286,.T.);
#1927=EDGE_CURVE('',#2380,#2379,#287,.T.);
#1928=EDGE_CURVE('',#2334,#2380,#2606,.T.);
#1929=EDGE_CURVE('',#2335,#2111,#288,.T.);
#1930=EDGE_CURVE('',#2381,#2381,#2607,.T.);
#1931=EDGE_CURVE('',#2382,#2382,#2608,.F.);
#1932=EDGE_CURVE('',#2383,#2383,#2609,.F.);
#1933=EDGE_CURVE('',#2384,#2384,#2610,.F.);
#1934=EDGE_CURVE('',#2385,#2385,#2611,.F.);
#1935=EDGE_CURVE('',#2323,#2328,#289,.F.);
#1936=EDGE_CURVE('',#2386,#2386,#2612,.T.);
#1937=EDGE_CURVE('',#2387,#2387,#2613,.T.);
#1938=EDGE_CURVE('',#2388,#2388,#2614,.T.);
#1939=EDGE_CURVE('',#2389,#2389,#2615,.T.);
#1940=EDGE_CURVE('',#2390,#2390,#2616,.T.);
#1941=EDGE_CURVE('',#2141,#2350,#290,.F.);
#1942=EDGE_CURVE('',#2351,#2140,#291,.T.);
#1943=EDGE_CURVE('',#2391,#2139,#292,.T.);
#1944=EDGE_CURVE('',#2391,#2352,#2617,.F.);
#1945=EDGE_CURVE('',#2392,#2138,#293,.T.);
#1946=EDGE_CURVE('',#2392,#2391,#294,.T.);
#1947=EDGE_CURVE('',#2353,#2392,#2618,.T.);
#1948=EDGE_CURVE('',#2354,#2137,#295,.T.);
#1949=EDGE_CURVE('',#2393,#2393,#2619,.T.);
#1950=EDGE_CURVE('',#2394,#2394,#2620,.F.);
#1951=EDGE_CURVE('',#2395,#2395,#2621,.F.);
#1952=EDGE_CURVE('',#2396,#2396,#2622,.F.);
#1953=EDGE_CURVE('',#2397,#2397,#2623,.F.);
#1954=EDGE_CURVE('',#2338,#2343,#296,.F.);
#1955=EDGE_CURVE('',#2398,#2398,#2624,.T.);
#1956=EDGE_CURVE('',#2399,#2399,#2625,.T.);
#1957=EDGE_CURVE('',#2400,#2400,#2626,.T.);
#1958=EDGE_CURVE('',#2401,#2401,#2627,.T.);
#1959=EDGE_CURVE('',#2402,#2402,#2628,.T.);
#1960=EDGE_CURVE('',#2128,#2369,#297,.F.);
#1961=EDGE_CURVE('',#2370,#2127,#298,.T.);
#1962=EDGE_CURVE('',#2403,#2126,#299,.T.);
#1963=EDGE_CURVE('',#2403,#2371,#2629,.F.);
#1964=EDGE_CURVE('',#2404,#2125,#300,.T.);
#1965=EDGE_CURVE('',#2404,#2403,#301,.T.);
#1966=EDGE_CURVE('',#2372,#2404,#2630,.T.);
#1967=EDGE_CURVE('',#2373,#2124,#302,.T.);
#1968=EDGE_CURVE('',#2405,#2405,#2631,.T.);
#1969=EDGE_CURVE('',#2406,#2406,#2632,.F.);
#1970=EDGE_CURVE('',#2407,#2407,#2633,.F.);
#1971=EDGE_CURVE('',#2408,#2408,#2634,.F.);
#1972=EDGE_CURVE('',#2409,#2409,#2635,.F.);
#1973=EDGE_CURVE('',#2361,#2366,#303,.F.);
#1974=EDGE_CURVE('',#2410,#2410,#2636,.T.);
#1975=EDGE_CURVE('',#2411,#2411,#2637,.T.);
#1976=EDGE_CURVE('',#2412,#2412,#2638,.T.);
#1977=EDGE_CURVE('',#2413,#2413,#2639,.T.);
#1978=EDGE_CURVE('',#2357,#2363,#304,.F.);
#1979=EDGE_CURVE('',#2362,#2358,#305,.T.);
#1980=EDGE_CURVE('',#2359,#2368,#306,.F.);
#1981=EDGE_CURVE('',#2367,#2360,#307,.T.);
#1982=EDGE_CURVE('',#2414,#2414,#2640,.T.);
#1983=EDGE_CURVE('',#2415,#2415,#2641,.T.);
#1984=EDGE_CURVE('',#2416,#2416,#2642,.T.);
#1985=EDGE_CURVE('',#2417,#2417,#2643,.T.);
#1986=EDGE_CURVE('',#2346,#2342,#308,.T.);
#1987=EDGE_CURVE('',#2341,#2347,#309,.F.);
#1988=EDGE_CURVE('',#2344,#2336,#310,.T.);
#1989=EDGE_CURVE('',#2337,#2345,#311,.F.);
#1990=EDGE_CURVE('',#2418,#2418,#2644,.T.);
#1991=EDGE_CURVE('',#2419,#2419,#2645,.T.);
#1992=EDGE_CURVE('',#2420,#2420,#2646,.T.);
#1993=EDGE_CURVE('',#2421,#2421,#2647,.T.);
#1994=EDGE_CURVE('',#2319,#2325,#312,.F.);
#1995=EDGE_CURVE('',#2324,#2320,#313,.T.);
#1996=EDGE_CURVE('',#2321,#2330,#314,.F.);
#1997=EDGE_CURVE('',#2329,#2322,#315,.T.);
#1998=EDGE_CURVE('',#2422,#2422,#2648,.T.);
#1999=EDGE_CURVE('',#2423,#2423,#2649,.F.);
#2000=EDGE_CURVE('',#2424,#2424,#2650,.T.);
#2001=EDGE_CURVE('',#2425,#2425,#2651,.T.);
#2002=EDGE_CURVE('',#2426,#2426,#2652,.T.);
#2003=EDGE_CURVE('',#2427,#2427,#2653,.F.);
#2004=EDGE_CURVE('',#2428,#2428,#2654,.T.);
#2005=EDGE_CURVE('',#2429,#2429,#2655,.F.);
#2006=EDGE_CURVE('',#2430,#2430,#2656,.T.);
#2007=EDGE_CURVE('',#2431,#2431,#2657,.T.);
#2008=EDGE_CURVE('',#2432,#2432,#2658,.T.);
#2009=EDGE_CURVE('',#2433,#2433,#2659,.T.);
#2010=EDGE_CURVE('',#2434,#2434,#2660,.T.);
#2011=EDGE_CURVE('',#2435,#2435,#2661,.T.);
#2012=EDGE_CURVE('',#2436,#2436,#2662,.T.);
#2013=EDGE_CURVE('',#2437,#2437,#2663,.F.);
#2014=EDGE_CURVE('',#2146,#2244,#316,.F.);
#2015=EDGE_CURVE('',#2245,#2147,#317,.T.);
#2016=EDGE_CURVE('',#2145,#2247,#318,.F.);
#2017=EDGE_CURVE('',#2246,#2144,#319,.T.);
#2018=EDGE_CURVE('',#2152,#2249,#320,.F.);
#2019=EDGE_CURVE('',#2248,#2153,#321,.T.);
#2020=EDGE_CURVE('',#2250,#2151,#322,.T.);
#2021=EDGE_CURVE('',#2150,#2251,#323,.F.);
#2022=EDGE_CURVE('',#2252,#2149,#324,.F.);
#2023=EDGE_CURVE('',#2148,#2253,#325,.F.);
#2024=EDGE_CURVE('',#2276,#2157,#326,.T.);
#2025=EDGE_CURVE('',#2156,#2275,#327,.F.);
#2026=EDGE_CURVE('',#2277,#2154,#328,.T.);
#2027=EDGE_CURVE('',#2155,#2278,#329,.T.);
#2028=EDGE_CURVE('',#2160,#2280,#330,.F.);
#2029=EDGE_CURVE('',#2279,#2161,#331,.T.);
#2030=EDGE_CURVE('',#2281,#2159,#332,.T.);
#2031=EDGE_CURVE('',#2158,#2282,#333,.T.);
#2032=EDGE_CURVE('',#2164,#2236,#334,.F.);
#2033=EDGE_CURVE('',#2237,#2165,#335,.F.);
#2034=EDGE_CURVE('',#2163,#2239,#336,.F.);
#2035=EDGE_CURVE('',#2238,#2162,#337,.T.);
#2036=EDGE_CURVE('',#2240,#2169,#338,.F.);
#2037=EDGE_CURVE('',#2168,#2241,#339,.F.);
#2038=EDGE_CURVE('',#2166,#2243,#340,.F.);
#2039=EDGE_CURVE('',#2242,#2167,#341,.T.);
#2040=EDGE_CURVE('',#2172,#2283,#342,.F.);
#2041=EDGE_CURVE('',#2284,#2173,#343,.F.);
#2042=EDGE_CURVE('',#2285,#2170,#344,.T.);
#2043=EDGE_CURVE('',#2171,#2286,#345,.F.);
#2044=EDGE_CURVE('',#2176,#2288,#346,.F.);
#2045=EDGE_CURVE('',#2287,#2177,#347,.F.);
#2046=EDGE_CURVE('',#2174,#2290,#348,.F.);
#2047=EDGE_CURVE('',#2289,#2175,#349,.T.);
#2048=EDGE_CURVE('',#2229,#2181,#350,.F.);
#2049=EDGE_CURVE('',#2180,#2228,#351,.F.);
#2050=EDGE_CURVE('',#2179,#2231,#352,.F.);
#2051=EDGE_CURVE('',#2230,#2178,#353,.T.);
#2052=EDGE_CURVE('',#2184,#2233,#354,.F.);
#2053=EDGE_CURVE('',#2232,#2185,#355,.F.);
#2054=EDGE_CURVE('',#2234,#2183,#356,.T.);
#2055=EDGE_CURVE('',#2182,#2235,#357,.F.);
#2056=EDGE_CURVE('',#2190,#2291,#358,.F.);
#2057=EDGE_CURVE('',#2292,#2191,#359,.T.);
#2058=EDGE_CURVE('',#2188,#2294,#360,.F.);
#2059=EDGE_CURVE('',#2293,#2189,#361,.F.);
#2060=EDGE_CURVE('',#2295,#2187,#362,.T.);
#2061=EDGE_CURVE('',#2186,#2296,#363,.F.);
#2062=EDGE_CURVE('',#2297,#2195,#364,.T.);
#2063=EDGE_CURVE('',#2194,#2298,#365,.F.);
#2064=EDGE_CURVE('',#2299,#2193,#366,.T.);
#2065=EDGE_CURVE('',#2192,#2300,#367,.F.);
#2066=EDGE_CURVE('',#2200,#2218,#368,.F.);
#2067=EDGE_CURVE('',#2219,#2201,#369,.T.);
#2068=EDGE_CURVE('',#2198,#2221,#370,.F.);
#2069=EDGE_CURVE('',#2220,#2199,#371,.F.);
#2070=EDGE_CURVE('',#2196,#2223,#372,.F.);
#2071=EDGE_CURVE('',#2222,#2197,#373,.T.);
#2072=EDGE_CURVE('',#2224,#2205,#374,.T.);
#2073=EDGE_CURVE('',#2204,#2225,#375,.F.);
#2074=EDGE_CURVE('',#2202,#2227,#376,.F.);
#2075=EDGE_CURVE('',#2226,#2203,#377,.T.);
#2076=EDGE_CURVE('',#2303,#2096,#378,.T.);
#2077=EDGE_CURVE('',#2097,#2304,#379,.T.);
#2078=EDGE_CURVE('',#2305,#2103,#380,.T.);
#2079=EDGE_CURVE('',#2102,#2306,#381,.F.);
#2080=EDGE_CURVE('',#2100,#2308,#382,.T.);
#2081=EDGE_CURVE('',#2307,#2101,#383,.T.);
#2082=EDGE_CURVE('',#2302,#2099,#384,.T.);
#2083=EDGE_CURVE('',#2098,#2301,#385,.F.);
#2084=EDGE_CURVE('',#2208,#2309,#386,.F.);
#2085=EDGE_CURVE('',#2310,#2209,#387,.T.);
#2086=EDGE_CURVE('',#2207,#2312,#388,.T.);
#2087=EDGE_CURVE('',#2311,#2206,#389,.T.);
#2088=EDGE_CURVE('',#2313,#2213,#390,.T.);
#2089=EDGE_CURVE('',#2212,#2314,#391,.F.);
#2090=EDGE_CURVE('',#2210,#2316,#392,.T.);
#2091=EDGE_CURVE('',#2315,#2211,#393,.T.);
#2092=VERTEX_POINT('',#5047);
#2093=VERTEX_POINT('',#5049);
#2094=VERTEX_POINT('',#5051);
#2095=VERTEX_POINT('',#5053);
#2096=VERTEX_POINT('',#5055);
#2097=VERTEX_POINT('',#5056);
#2098=VERTEX_POINT('',#5058);
#2099=VERTEX_POINT('',#5060);
#2100=VERTEX_POINT('',#5062);
#2101=VERTEX_POINT('',#5064);
#2102=VERTEX_POINT('',#5066);
#2103=VERTEX_POINT('',#5068);
#2104=VERTEX_POINT('',#5071);
#2105=VERTEX_POINT('',#5073);
#2106=VERTEX_POINT('',#5074);
#2107=VERTEX_POINT('',#5076);
#2108=VERTEX_POINT('',#5078);
#2109=VERTEX_POINT('',#5080);
#2110=VERTEX_POINT('',#5082);
#2111=VERTEX_POINT('',#5084);
#2112=VERTEX_POINT('',#5086);
#2113=VERTEX_POINT('',#5088);
#2114=VERTEX_POINT('',#5090);
#2115=VERTEX_POINT('',#5092);
#2116=VERTEX_POINT('',#5094);
#2117=VERTEX_POINT('',#5096);
#2118=VERTEX_POINT('',#5098);
#2119=VERTEX_POINT('',#5100);
#2120=VERTEX_POINT('',#5102);
#2121=VERTEX_POINT('',#5104);
#2122=VERTEX_POINT('',#5106);
#2123=VERTEX_POINT('',#5108);
#2124=VERTEX_POINT('',#5110);
#2125=VERTEX_POINT('',#5112);
#2126=VERTEX_POINT('',#5114);
#2127=VERTEX_POINT('',#5116);
#2128=VERTEX_POINT('',#5118);
#2129=VERTEX_POINT('',#5120);
#2130=VERTEX_POINT('',#5122);
#2131=VERTEX_POINT('',#5124);
#2132=VERTEX_POINT('',#5126);
#2133=VERTEX_POINT('',#5128);
#2134=VERTEX_POINT('',#5130);
#2135=VERTEX_POINT('',#5132);
#2136=VERTEX_POINT('',#5134);
#2137=VERTEX_POINT('',#5136);
#2138=VERTEX_POINT('',#5138);
#2139=VERTEX_POINT('',#5140);
#2140=VERTEX_POINT('',#5142);
#2141=VERTEX_POINT('',#5144);
#2142=VERTEX_POINT('',#5146);
#2143=VERTEX_POINT('',#5148);
#2144=VERTEX_POINT('',#5151);
#2145=VERTEX_POINT('',#5152);
#2146=VERTEX_POINT('',#5154);
#2147=VERTEX_POINT('',#5156);
#2148=VERTEX_POINT('',#5158);
#2149=VERTEX_POINT('',#5160);
#2150=VERTEX_POINT('',#5162);
#2151=VERTEX_POINT('',#5164);
#2152=VERTEX_POINT('',#5166);
#2153=VERTEX_POINT('',#5168);
#2154=VERTEX_POINT('',#5171);
#2155=VERTEX_POINT('',#5172);
#2156=VERTEX_POINT('',#5174);
#2157=VERTEX_POINT('',#5176);
#2158=VERTEX_POINT('',#5178);
#2159=VERTEX_POINT('',#5180);
#2160=VERTEX_POINT('',#5182);
#2161=VERTEX_POINT('',#5184);
#2162=VERTEX_POINT('',#5187);
#2163=VERTEX_POINT('',#5188);
#2164=VERTEX_POINT('',#5190);
#2165=VERTEX_POINT('',#5192);
#2166=VERTEX_POINT('',#5194);
#2167=VERTEX_POINT('',#5196);
#2168=VERTEX_POINT('',#5198);
#2169=VERTEX_POINT('',#5200);
#2170=VERTEX_POINT('',#5203);
#2171=VERTEX_POINT('',#5204);
#2172=VERTEX_POINT('',#5206);
#2173=VERTEX_POINT('',#5208);
#2174=VERTEX_POINT('',#5210);
#2175=VERTEX_POINT('',#5212);
#2176=VERTEX_POINT('',#5214);
#2177=VERTEX_POINT('',#5216);
#2178=VERTEX_POINT('',#5219);
#2179=VERTEX_POINT('',#5220);
#2180=VERTEX_POINT('',#5222);
#2181=VERTEX_POINT('',#5224);
#2182=VERTEX_POINT('',#5226);
#2183=VERTEX_POINT('',#5228);
#2184=VERTEX_POINT('',#5230);
#2185=VERTEX_POINT('',#5232);
#2186=VERTEX_POINT('',#5235);
#2187=VERTEX_POINT('',#5236);
#2188=VERTEX_POINT('',#5238);
#2189=VERTEX_POINT('',#5240);
#2190=VERTEX_POINT('',#5242);
#2191=VERTEX_POINT('',#5244);
#2192=VERTEX_POINT('',#5246);
#2193=VERTEX_POINT('',#5248);
#2194=VERTEX_POINT('',#5250);
#2195=VERTEX_POINT('',#5252);
#2196=VERTEX_POINT('',#5255);
#2197=VERTEX_POINT('',#5256);
#2198=VERTEX_POINT('',#5258);
#2199=VERTEX_POINT('',#5260);
#2200=VERTEX_POINT('',#5262);
#2201=VERTEX_POINT('',#5264);
#2202=VERTEX_POINT('',#5266);
#2203=VERTEX_POINT('',#5268);
#2204=VERTEX_POINT('',#5270);
#2205=VERTEX_POINT('',#5272);
#2206=VERTEX_POINT('',#5275);
#2207=VERTEX_POINT('',#5276);
#2208=VERTEX_POINT('',#5278);
#2209=VERTEX_POINT('',#5280);
#2210=VERTEX_POINT('',#5282);
#2211=VERTEX_POINT('',#5284);
#2212=VERTEX_POINT('',#5286);
#2213=VERTEX_POINT('',#5288);
#2214=VERTEX_POINT('',#5291);
#2215=VERTEX_POINT('',#5293);
#2216=VERTEX_POINT('',#5295);
#2217=VERTEX_POINT('',#5297);
#2218=VERTEX_POINT('',#5300);
#2219=VERTEX_POINT('',#5301);
#2220=VERTEX_POINT('',#5303);
#2221=VERTEX_POINT('',#5305);
#2222=VERTEX_POINT('',#5307);
#2223=VERTEX_POINT('',#5309);
#2224=VERTEX_POINT('',#5311);
#2225=VERTEX_POINT('',#5313);
#2226=VERTEX_POINT('',#5315);
#2227=VERTEX_POINT('',#5317);
#2228=VERTEX_POINT('',#5320);
#2229=VERTEX_POINT('',#5321);
#2230=VERTEX_POINT('',#5323);
#2231=VERTEX_POINT('',#5325);
#2232=VERTEX_POINT('',#5327);
#2233=VERTEX_POINT('',#5329);
#2234=VERTEX_POINT('',#5331);
#2235=VERTEX_POINT('',#5333);
#2236=VERTEX_POINT('',#5336);
#2237=VERTEX_POINT('',#5337);
#2238=VERTEX_POINT('',#5339);
#2239=VERTEX_POINT('',#5341);
#2240=VERTEX_POINT('',#5343);
#2241=VERTEX_POINT('',#5345);
#2242=VERTEX_POINT('',#5347);
#2243=VERTEX_POINT('',#5349);
#2244=VERTEX_POINT('',#5352);
#2245=VERTEX_POINT('',#5353);
#2246=VERTEX_POINT('',#5355);
#2247=VERTEX_POINT('',#5357);
#2248=VERTEX_POINT('',#5359);
#2249=VERTEX_POINT('',#5361);
#2250=VERTEX_POINT('',#5363);
#2251=VERTEX_POINT('',#5365);
#2252=VERTEX_POINT('',#5367);
#2253=VERTEX_POINT('',#5369);
#2254=VERTEX_POINT('',#5372);
#2255=VERTEX_POINT('',#5374);
#2256=VERTEX_POINT('',#5376);
#2257=VERTEX_POINT('',#5378);
#2258=VERTEX_POINT('',#5380);
#2259=VERTEX_POINT('',#5382);
#2260=VERTEX_POINT('',#5384);
#2261=VERTEX_POINT('',#5386);
#2262=VERTEX_POINT('',#5388);
#2263=VERTEX_POINT('',#5390);
#2264=VERTEX_POINT('',#5391);
#2265=VERTEX_POINT('',#5393);
#2266=VERTEX_POINT('',#5395);
#2267=VERTEX_POINT('',#5397);
#2268=VERTEX_POINT('',#5399);
#2269=VERTEX_POINT('',#5401);
#2270=VERTEX_POINT('',#5403);
#2271=VERTEX_POINT('',#5405);
#2272=VERTEX_POINT('',#5407);
#2273=VERTEX_POINT('',#5409);
#2274=VERTEX_POINT('',#5411);
#2275=VERTEX_POINT('',#5414);
#2276=VERTEX_POINT('',#5415);
#2277=VERTEX_POINT('',#5417);
#2278=VERTEX_POINT('',#5419);
#2279=VERTEX_POINT('',#5421);
#2280=VERTEX_POINT('',#5423);
#2281=VERTEX_POINT('',#5425);
#2282=VERTEX_POINT('',#5427);
#2283=VERTEX_POINT('',#5430);
#2284=VERTEX_POINT('',#5431);
#2285=VERTEX_POINT('',#5433);
#2286=VERTEX_POINT('',#5435);
#2287=VERTEX_POINT('',#5437);
#2288=VERTEX_POINT('',#5439);
#2289=VERTEX_POINT('',#5441);
#2290=VERTEX_POINT('',#5443);
#2291=VERTEX_POINT('',#5446);
#2292=VERTEX_POINT('',#5447);
#2293=VERTEX_POINT('',#5449);
#2294=VERTEX_POINT('',#5451);
#2295=VERTEX_POINT('',#5453);
#2296=VERTEX_POINT('',#5455);
#2297=VERTEX_POINT('',#5457);
#2298=VERTEX_POINT('',#5459);
#2299=VERTEX_POINT('',#5461);
#2300=VERTEX_POINT('',#5463);
#2301=VERTEX_POINT('',#5466);
#2302=VERTEX_POINT('',#5467);
#2303=VERTEX_POINT('',#5469);
#2304=VERTEX_POINT('',#5471);
#2305=VERTEX_POINT('',#5473);
#2306=VERTEX_POINT('',#5475);
#2307=VERTEX_POINT('',#5477);
#2308=VERTEX_POINT('',#5479);
#2309=VERTEX_POINT('',#5482);
#2310=VERTEX_POINT('',#5483);
#2311=VERTEX_POINT('',#5485);
#2312=VERTEX_POINT('',#5487);
#2313=VERTEX_POINT('',#5489);
#2314=VERTEX_POINT('',#5491);
#2315=VERTEX_POINT('',#5493);
#2316=VERTEX_POINT('',#5495);
#2317=VERTEX_POINT('',#5499);
#2318=VERTEX_POINT('',#5500);
#2319=VERTEX_POINT('',#5502);
#2320=VERTEX_POINT('',#5504);
#2321=VERTEX_POINT('',#5506);
#2322=VERTEX_POINT('',#5508);
#2323=VERTEX_POINT('',#5510);
#2324=VERTEX_POINT('',#5517);
#2325=VERTEX_POINT('',#5518);
#2326=VERTEX_POINT('',#5520);
#2327=VERTEX_POINT('',#5522);
#2328=VERTEX_POINT('',#5525);
#2329=VERTEX_POINT('',#5527);
#2330=VERTEX_POINT('',#5529);
#2331=VERTEX_POINT('',#5533);
#2332=VERTEX_POINT('',#5535);
#2333=VERTEX_POINT('',#5537);
#2334=VERTEX_POINT('',#5539);
#2335=VERTEX_POINT('',#5541);
#2336=VERTEX_POINT('',#5546);
#2337=VERTEX_POINT('',#5547);
#2338=VERTEX_POINT('',#5549);
#2339=VERTEX_POINT('',#5554);
#2340=VERTEX_POINT('',#5556);
#2341=VERTEX_POINT('',#5558);
#2342=VERTEX_POINT('',#5560);
#2343=VERTEX_POINT('',#5564);
#2344=VERTEX_POINT('',#5566);
#2345=VERTEX_POINT('',#5568);
#2346=VERTEX_POINT('',#5570);
#2347=VERTEX_POINT('',#5572);
#2348=VERTEX_POINT('',#5574);
#2349=VERTEX_POINT('',#5576);
#2350=VERTEX_POINT('',#5580);
#2351=VERTEX_POINT('',#5582);
#2352=VERTEX_POINT('',#5584);
#2353=VERTEX_POINT('',#5586);
#2354=VERTEX_POINT('',#5588);
#2355=VERTEX_POINT('',#5593);
#2356=VERTEX_POINT('',#5594);
#2357=VERTEX_POINT('',#5596);
#2358=VERTEX_POINT('',#5598);
#2359=VERTEX_POINT('',#5600);
#2360=VERTEX_POINT('',#5602);
#2361=VERTEX_POINT('',#5604);
#2362=VERTEX_POINT('',#5611);
#2363=VERTEX_POINT('',#5612);
#2364=VERTEX_POINT('',#5614);
#2365=VERTEX_POINT('',#5616);
#2366=VERTEX_POINT('',#5619);
#2367=VERTEX_POINT('',#5621);
#2368=VERTEX_POINT('',#5623);
#2369=VERTEX_POINT('',#5627);
#2370=VERTEX_POINT('',#5629);
#2371=VERTEX_POINT('',#5631);
#2372=VERTEX_POINT('',#5633);
#2373=VERTEX_POINT('',#5635);
#2374=VERTEX_POINT('',#5649);
#2375=VERTEX_POINT('',#5651);
#2376=VERTEX_POINT('',#5653);
#2377=VERTEX_POINT('',#5655);
#2378=VERTEX_POINT('',#5657);
#2379=VERTEX_POINT('',#5662);
#2380=VERTEX_POINT('',#5666);
#2381=VERTEX_POINT('',#5673);
#2382=VERTEX_POINT('',#5675);
#2383=VERTEX_POINT('',#5677);
#2384=VERTEX_POINT('',#5679);
#2385=VERTEX_POINT('',#5681);
#2386=VERTEX_POINT('',#5686);
#2387=VERTEX_POINT('',#5688);
#2388=VERTEX_POINT('',#5690);
#2389=VERTEX_POINT('',#5692);
#2390=VERTEX_POINT('',#5694);
#2391=VERTEX_POINT('',#5699);
#2392=VERTEX_POINT('',#5703);
#2393=VERTEX_POINT('',#5710);
#2394=VERTEX_POINT('',#5712);
#2395=VERTEX_POINT('',#5714);
#2396=VERTEX_POINT('',#5716);
#2397=VERTEX_POINT('',#5718);
#2398=VERTEX_POINT('',#5723);
#2399=VERTEX_POINT('',#5725);
#2400=VERTEX_POINT('',#5727);
#2401=VERTEX_POINT('',#5729);
#2402=VERTEX_POINT('',#5731);
#2403=VERTEX_POINT('',#5736);
#2404=VERTEX_POINT('',#5740);
#2405=VERTEX_POINT('',#5747);
#2406=VERTEX_POINT('',#5749);
#2407=VERTEX_POINT('',#5751);
#2408=VERTEX_POINT('',#5753);
#2409=VERTEX_POINT('',#5755);
#2410=VERTEX_POINT('',#5760);
#2411=VERTEX_POINT('',#5764);
#2412=VERTEX_POINT('',#5768);
#2413=VERTEX_POINT('',#5772);
#2414=VERTEX_POINT('',#5783);
#2415=VERTEX_POINT('',#5787);
#2416=VERTEX_POINT('',#5791);
#2417=VERTEX_POINT('',#5795);
#2418=VERTEX_POINT('',#5806);
#2419=VERTEX_POINT('',#5810);
#2420=VERTEX_POINT('',#5814);
#2421=VERTEX_POINT('',#5818);
#2422=VERTEX_POINT('',#5851);
#2423=VERTEX_POINT('',#5854);
#2424=VERTEX_POINT('',#5857);
#2425=VERTEX_POINT('',#5860);
#2426=VERTEX_POINT('',#5863);
#2427=VERTEX_POINT('',#5866);
#2428=VERTEX_POINT('',#5869);
#2429=VERTEX_POINT('',#5872);
#2430=VERTEX_POINT('',#5875);
#2431=VERTEX_POINT('',#5878);
#2432=VERTEX_POINT('',#5881);
#2433=VERTEX_POINT('',#5884);
#2434=VERTEX_POINT('',#5887);
#2435=VERTEX_POINT('',#5890);
#2436=VERTEX_POINT('',#5893);
#2437=VERTEX_POINT('',#5896);
#2438=CIRCLE('',#3543,0.00448);
#2439=CIRCLE('',#3544,0.00448);
#2440=CIRCLE('',#3545,0.00448);
#2441=CIRCLE('',#3546,0.00448);
#2442=CIRCLE('',#3547,0.004);
#2443=CIRCLE('',#3548,0.02);
#2444=CIRCLE('',#3549,0.004);
#2445=CIRCLE('',#3550,0.004);
#2446=CIRCLE('',#3551,0.03);
#2447=CIRCLE('',#3552,0.004);
#2448=CIRCLE('',#3553,0.015);
#2449=CIRCLE('',#3554,0.008);
#2450=CIRCLE('',#3555,0.004);
#2451=CIRCLE('',#3556,0.008);
#2452=CIRCLE('',#3557,0.008);
#2453=CIRCLE('',#3558,0.004);
#2454=CIRCLE('',#3559,0.008);
#2455=CIRCLE('',#3560,0.008);
#2456=CIRCLE('',#3561,0.004);
#2457=CIRCLE('',#3562,0.008);
#2458=CIRCLE('',#3563,0.008);
#2459=CIRCLE('',#3564,0.008);
#2460=CIRCLE('',#3565,0.008);
#2461=CIRCLE('',#3566,0.02);
#2462=CIRCLE('',#3567,0.008);
#2463=CIRCLE('',#3568,0.008);
#2464=CIRCLE('',#3569,0.004);
#2465=CIRCLE('',#3570,0.02);
#2466=CIRCLE('',#3571,0.004);
#2467=CIRCLE('',#3572,0.004);
#2468=CIRCLE('',#3573,0.03);
#2469=CIRCLE('',#3574,0.004);
#2470=CIRCLE('',#3575,0.075);
#2471=CIRCLE('',#3576,0.004);
#2472=CIRCLE('',#3577,0.004);
#2473=CIRCLE('',#3578,0.065);
#2474=CIRCLE('',#3579,0.004);
#2475=CIRCLE('',#3580,0.004);
#2476=CIRCLE('',#3581,0.075);
#2477=CIRCLE('',#3582,0.004);
#2478=CIRCLE('',#3583,0.004);
#2479=CIRCLE('',#3584,0.065);
#2480=CIRCLE('',#3585,0.004);
#2481=CIRCLE('',#3586,0.004);
#2482=CIRCLE('',#3587,0.075);
#2483=CIRCLE('',#3588,0.004);
#2484=CIRCLE('',#3589,0.004);
#2485=CIRCLE('',#3590,0.065);
#2486=CIRCLE('',#3591,0.004);
#2487=CIRCLE('',#3592,0.004);
#2488=CIRCLE('',#3593,0.008);
#2489=CIRCLE('',#3594,0.008);
#2490=CIRCLE('',#3595,0.02);
#2491=CIRCLE('',#3596,0.008);
#2492=CIRCLE('',#3597,0.008);
#2493=CIRCLE('',#3598,0.008);
#2494=CIRCLE('',#3599,0.008);
#2495=CIRCLE('',#3600,0.008);
#2496=CIRCLE('',#3601,0.02);
#2497=CIRCLE('',#3602,0.008);
#2498=CIRCLE('',#3603,0.008);
#2499=CIRCLE('',#3604,0.008);
#2500=CIRCLE('',#3605,0.004);
#2501=CIRCLE('',#3606,0.02);
#2502=CIRCLE('',#3607,0.004);
#2503=CIRCLE('',#3608,0.004);
#2504=CIRCLE('',#3609,0.03);
#2505=CIRCLE('',#3610,0.004);
#2506=CIRCLE('',#3611,0.00448);
#2507=CIRCLE('',#3612,0.00448);
#2508=CIRCLE('',#3613,0.00448);
#2509=CIRCLE('',#3614,0.00448);
#2510=CIRCLE('',#3616,0.02);
#2511=CIRCLE('',#3617,0.008);
#2512=CIRCLE('',#3618,0.008);
#2513=CIRCLE('',#3619,0.008);
#2514=CIRCLE('',#3620,0.008);
#2515=CIRCLE('',#3621,0.008);
#2516=CIRCLE('',#3622,0.004);
#2517=CIRCLE('',#3623,0.075);
#2518=CIRCLE('',#3624,0.004);
#2519=CIRCLE('',#3625,0.004);
#2520=CIRCLE('',#3626,0.065);
#2521=CIRCLE('',#3627,0.004);
#2522=CIRCLE('',#3628,0.004);
#2523=CIRCLE('',#3629,0.075);
#2524=CIRCLE('',#3630,0.004);
#2525=CIRCLE('',#3631,0.004);
#2526=CIRCLE('',#3632,0.065);
#2527=CIRCLE('',#3633,0.004);
#2528=CIRCLE('',#3634,0.008);
#2529=CIRCLE('',#3635,0.008);
#2530=CIRCLE('',#3636,0.008);
#2531=CIRCLE('',#3637,0.02);
#2532=CIRCLE('',#3638,0.008);
#2533=CIRCLE('',#3639,0.008);
#2534=CIRCLE('',#3640,0.00225);
#2535=CIRCLE('',#3641,0.00225);
#2536=CIRCLE('',#3642,0.00225);
#2537=CIRCLE('',#3643,0.00225);
#2538=CIRCLE('',#3644,0.00225);
#2539=CIRCLE('',#3645,0.00225);
#2540=CIRCLE('',#3646,0.00225);
#2541=CIRCLE('',#3647,0.00225);
#2542=CIRCLE('',#3648,0.015);
#2543=CIRCLE('',#3649,0.008);
#2544=CIRCLE('',#3650,0.008);
#2545=CIRCLE('',#3651,0.008);
#2546=CIRCLE('',#3652,0.008);
#2547=CIRCLE('',#3653,0.008);
#2548=CIRCLE('',#3654,0.008);
#2549=CIRCLE('',#3655,0.02);
#2550=CIRCLE('',#3656,0.004);
#2551=CIRCLE('',#3657,0.004);
#2552=CIRCLE('',#3658,0.03);
#2553=CIRCLE('',#3659,0.004);
#2554=CIRCLE('',#3660,0.004);
#2555=CIRCLE('',#3661,0.004);
#2556=CIRCLE('',#3662,0.075);
#2557=CIRCLE('',#3663,0.004);
#2558=CIRCLE('',#3664,0.004);
#2559=CIRCLE('',#3665,0.065);
#2560=CIRCLE('',#3666,0.004);
#2561=CIRCLE('',#3667,0.02);
#2562=CIRCLE('',#3668,0.008);
#2563=CIRCLE('',#3669,0.008);
#2564=CIRCLE('',#3670,0.008);
#2565=CIRCLE('',#3671,0.008);
#2566=CIRCLE('',#3672,0.008);
#2567=CIRCLE('',#3673,0.02);
#2568=CIRCLE('',#3674,0.004);
#2569=CIRCLE('',#3675,0.004);
#2570=CIRCLE('',#3676,0.03);
#2571=CIRCLE('',#3677,0.004);
#2572=CIRCLE('',#3678,0.004);
#2573=CIRCLE('',#3679,0.02);
#2574=CIRCLE('',#3680,0.004);
#2575=CIRCLE('',#3681,0.004);
#2576=CIRCLE('',#3682,0.03);
#2577=CIRCLE('',#3683,0.004);
#2578=CIRCLE('',#3684,0.004);
#2579=CIRCLE('',#3686,0.004);
#2580=CIRCLE('',#3687,0.004);
#2581=CIRCLE('',#3688,0.004);
#2582=CIRCLE('',#3690,0.004);
#2583=CIRCLE('',#3691,0.004);
#2584=CIRCLE('',#3692,0.004);
#2585=CIRCLE('',#3694,0.004);
#2586=CIRCLE('',#3696,0.004);
#2587=CIRCLE('',#3697,0.004);
#2588=CIRCLE('',#3698,0.004);
#2589=CIRCLE('',#3700,0.004);
#2590=CIRCLE('',#3701,0.004);
#2591=CIRCLE('',#3702,0.004);
#2592=CIRCLE('',#3704,0.004);
#2593=CIRCLE('',#3706,0.004);
#2594=CIRCLE('',#3707,0.004);
#2595=CIRCLE('',#3708,0.004);
#2596=CIRCLE('',#3710,0.004);
#2597=CIRCLE('',#3711,0.004);
#2598=CIRCLE('',#3712,0.004);
#2599=CIRCLE('',#3714,0.004);
#2600=CIRCLE('',#3719,0.01075);
#2601=CIRCLE('',#3720,0.002815);
#2602=CIRCLE('',#3721,0.002815);
#2603=CIRCLE('',#3722,0.002815);
#2604=CIRCLE('',#3723,0.002815);
#2605=CIRCLE('',#3725,0.004);
#2606=CIRCLE('',#3728,0.004);
#2607=CIRCLE('',#3730,0.01075);
#2608=CIRCLE('',#3731,0.00145);
#2609=CIRCLE('',#3732,0.00145);
#2610=CIRCLE('',#3733,0.00145);
#2611=CIRCLE('',#3734,0.00145);
#2612=CIRCLE('',#3737,0.01075);
#2613=CIRCLE('',#3738,0.002815);
#2614=CIRCLE('',#3739,0.002815);
#2615=CIRCLE('',#3740,0.002815);
#2616=CIRCLE('',#3741,0.002815);
#2617=CIRCLE('',#3743,0.004);
#2618=CIRCLE('',#3746,0.004);
#2619=CIRCLE('',#3748,0.01075);
#2620=CIRCLE('',#3749,0.00145);
#2621=CIRCLE('',#3750,0.00145);
#2622=CIRCLE('',#3751,0.00145);
#2623=CIRCLE('',#3752,0.00145);
#2624=CIRCLE('',#3755,0.01075);
#2625=CIRCLE('',#3756,0.002815);
#2626=CIRCLE('',#3757,0.002815);
#2627=CIRCLE('',#3758,0.002815);
#2628=CIRCLE('',#3759,0.002815);
#2629=CIRCLE('',#3761,0.004);
#2630=CIRCLE('',#3764,0.004);
#2631=CIRCLE('',#3766,0.01075);
#2632=CIRCLE('',#3767,0.00145);
#2633=CIRCLE('',#3768,0.00145);
#2634=CIRCLE('',#3769,0.00145);
#2635=CIRCLE('',#3770,0.00145);
#2636=CIRCLE('',#3773,0.00145);
#2637=CIRCLE('',#3776,0.00145);
#2638=CIRCLE('',#3779,0.00145);
#2639=CIRCLE('',#3782,0.00145);
#2640=CIRCLE('',#3788,0.00145);
#2641=CIRCLE('',#3791,0.00145);
#2642=CIRCLE('',#3794,0.00145);
#2643=CIRCLE('',#3797,0.00145);
#2644=CIRCLE('',#3803,0.00145);
#2645=CIRCLE('',#3806,0.00145);
#2646=CIRCLE('',#3809,0.00145);
#2647=CIRCLE('',#3812,0.00145);
#2648=CIRCLE('',#3840,0.00225);
#2649=CIRCLE('',#3842,0.00448);
#2650=CIRCLE('',#3844,0.00225);
#2651=CIRCLE('',#3846,0.00448);
#2652=CIRCLE('',#3848,0.00225);
#2653=CIRCLE('',#3850,0.00448);
#2654=CIRCLE('',#3852,0.00225);
#2655=CIRCLE('',#3854,0.00448);
#2656=CIRCLE('',#3856,0.00225);
#2657=CIRCLE('',#3858,0.00448);
#2658=CIRCLE('',#3860,0.00225);
#2659=CIRCLE('',#3862,0.00448);
#2660=CIRCLE('',#3864,0.00225);
#2661=CIRCLE('',#3866,0.00448);
#2662=CIRCLE('',#3868,0.00225);
#2663=CIRCLE('',#3870,0.00448);
#2664=EDGE_LOOP('',(#649));
#2665=EDGE_LOOP('',(#650));
#2666=EDGE_LOOP('',(#651));
#2667=EDGE_LOOP('',(#652));
#2668=EDGE_LOOP('',(#653,#654,#655,#656,#657,#658,#659,#660));
#2669=EDGE_LOOP('',(#661));
#2670=EDGE_LOOP('',(#662,#663,#664,#665,#666,#667,#668,#669,#670,#671,#672,
#673,#674,#675,#676,#677,#678,#679,#680,#681,#682,#683,#684,#685,#686,#687,
#688,#689,#690,#691,#692,#693,#694,#695,#696,#697,#698,#699,#700));
#2671=EDGE_LOOP('',(#701,#702,#703,#704,#705,#706,#707,#708,#709,#710));
#2672=EDGE_LOOP('',(#711,#712,#713,#714,#715,#716,#717,#718));
#2673=EDGE_LOOP('',(#719,#720,#721,#722,#723,#724,#725,#726));
#2674=EDGE_LOOP('',(#727,#728,#729,#730,#731,#732,#733,#734));
#2675=EDGE_LOOP('',(#735,#736,#737,#738,#739,#740,#741,#742));
#2676=EDGE_LOOP('',(#743,#744,#745,#746,#747,#748,#749,#750,#751,#752));
#2677=EDGE_LOOP('',(#753,#754,#755,#756,#757,#758,#759,#760,#761,#762));
#2678=EDGE_LOOP('',(#763,#764,#765,#766,#767,#768,#769,#770));
#2679=EDGE_LOOP('',(#771));
#2680=EDGE_LOOP('',(#772));
#2681=EDGE_LOOP('',(#773));
#2682=EDGE_LOOP('',(#774));
#2683=EDGE_LOOP('',(#775,#776,#777,#778,#779,#780,#781,#782,#783,#784));
#2684=EDGE_LOOP('',(#785,#786,#787,#788,#789,#790,#791,#792));
#2685=EDGE_LOOP('',(#793,#794,#795,#796,#797,#798,#799,#800));
#2686=EDGE_LOOP('',(#801,#802,#803,#804,#805,#806,#807,#808,#809,#810));
#2687=EDGE_LOOP('',(#811));
#2688=EDGE_LOOP('',(#812));
#2689=EDGE_LOOP('',(#813));
#2690=EDGE_LOOP('',(#814));
#2691=EDGE_LOOP('',(#815));
#2692=EDGE_LOOP('',(#816));
#2693=EDGE_LOOP('',(#817));
#2694=EDGE_LOOP('',(#818));
#2695=EDGE_LOOP('',(#819));
#2696=EDGE_LOOP('',(#820,#821,#822,#823,#824,#825,#826,#827,#828,#829,#830,
#831));
#2697=EDGE_LOOP('',(#832,#833,#834,#835,#836,#837,#838,#839));
#2698=EDGE_LOOP('',(#840,#841,#842,#843,#844,#845,#846,#847));
#2699=EDGE_LOOP('',(#848,#849,#850,#851,#852,#853,#854,#855,#856,#857));
#2700=EDGE_LOOP('',(#858,#859,#860,#861,#862,#863,#864,#865));
#2701=EDGE_LOOP('',(#866,#867,#868,#869,#870,#871,#872,#873));
#2702=EDGE_LOOP('',(#874,#875,#876,#877,#878,#879,#880,#881,#882,#883,#884,
#885,#886));
#2703=EDGE_LOOP('',(#887,#888,#889,#890,#891,#892,#893,#894,#895));
#2704=EDGE_LOOP('',(#896,#897,#898,#899,#900,#901,#902,#903,#904));
#2705=EDGE_LOOP('',(#905,#906,#907,#908,#909,#910,#911,#912,#913,#914,#915,
#916,#917));
#2706=EDGE_LOOP('',(#918,#919,#920,#921,#922,#923,#924,#925,#926));
#2707=EDGE_LOOP('',(#927,#928,#929,#930,#931,#932,#933,#934,#935));
#2708=EDGE_LOOP('',(#936,#937,#938,#939,#940,#941,#942,#943,#944,#945,#946,
#947,#948));
#2709=EDGE_LOOP('',(#949,#950,#951,#952,#953,#954,#955,#956,#957));
#2710=EDGE_LOOP('',(#958,#959,#960,#961,#962,#963,#964,#965,#966));
#2711=EDGE_LOOP('',(#967,#968,#969,#970));
#2712=EDGE_LOOP('',(#971,#972,#973,#974));
#2713=EDGE_LOOP('',(#975,#976,#977,#978));
#2714=EDGE_LOOP('',(#979));
#2715=EDGE_LOOP('',(#980));
#2716=EDGE_LOOP('',(#981));
#2717=EDGE_LOOP('',(#982));
#2718=EDGE_LOOP('',(#983));
#2719=EDGE_LOOP('',(#984,#985,#986,#987));
#2720=EDGE_LOOP('',(#988,#989,#990,#991,#992));
#2721=EDGE_LOOP('',(#993,#994,#995,#996));
#2722=EDGE_LOOP('',(#997,#998,#999,#1000,#1001));
#2723=EDGE_LOOP('',(#1002));
#2724=EDGE_LOOP('',(#1003));
#2725=EDGE_LOOP('',(#1004));
#2726=EDGE_LOOP('',(#1005));
#2727=EDGE_LOOP('',(#1006));
#2728=EDGE_LOOP('',(#1007,#1008,#1009,#1010));
#2729=EDGE_LOOP('',(#1011,#1012,#1013,#1014));
#2730=EDGE_LOOP('',(#1015));
#2731=EDGE_LOOP('',(#1016));
#2732=EDGE_LOOP('',(#1017));
#2733=EDGE_LOOP('',(#1018));
#2734=EDGE_LOOP('',(#1019));
#2735=EDGE_LOOP('',(#1020,#1021,#1022,#1023));
#2736=EDGE_LOOP('',(#1024,#1025,#1026,#1027,#1028));
#2737=EDGE_LOOP('',(#1029,#1030,#1031,#1032));
#2738=EDGE_LOOP('',(#1033,#1034,#1035,#1036,#1037));
#2739=EDGE_LOOP('',(#1038));
#2740=EDGE_LOOP('',(#1039));
#2741=EDGE_LOOP('',(#1040));
#2742=EDGE_LOOP('',(#1041));
#2743=EDGE_LOOP('',(#1042));
#2744=EDGE_LOOP('',(#1043,#1044,#1045,#1046));
#2745=EDGE_LOOP('',(#1047,#1048,#1049,#1050));
#2746=EDGE_LOOP('',(#1051));
#2747=EDGE_LOOP('',(#1052));
#2748=EDGE_LOOP('',(#1053));
#2749=EDGE_LOOP('',(#1054));
#2750=EDGE_LOOP('',(#1055));
#2751=EDGE_LOOP('',(#1056,#1057,#1058,#1059));
#2752=EDGE_LOOP('',(#1060,#1061,#1062,#1063,#1064));
#2753=EDGE_LOOP('',(#1065,#1066,#1067,#1068));
#2754=EDGE_LOOP('',(#1069,#1070,#1071,#1072,#1073));
#2755=EDGE_LOOP('',(#1074));
#2756=EDGE_LOOP('',(#1075));
#2757=EDGE_LOOP('',(#1076));
#2758=EDGE_LOOP('',(#1077));
#2759=EDGE_LOOP('',(#1078));
#2760=EDGE_LOOP('',(#1079,#1080,#1081,#1082));
#2761=EDGE_LOOP('',(#1083,#1084,#1085,#1086));
#2762=EDGE_LOOP('',(#1087));
#2763=EDGE_LOOP('',(#1088));
#2764=EDGE_LOOP('',(#1089));
#2765=EDGE_LOOP('',(#1090));
#2766=EDGE_LOOP('',(#1091));
#2767=EDGE_LOOP('',(#1092));
#2768=EDGE_LOOP('',(#1093));
#2769=EDGE_LOOP('',(#1094));
#2770=EDGE_LOOP('',(#1095));
#2771=EDGE_LOOP('',(#1096));
#2772=EDGE_LOOP('',(#1097));
#2773=EDGE_LOOP('',(#1098));
#2774=EDGE_LOOP('',(#1099));
#2775=EDGE_LOOP('',(#1100));
#2776=EDGE_LOOP('',(#1101));
#2777=EDGE_LOOP('',(#1102));
#2778=EDGE_LOOP('',(#1103));
#2779=EDGE_LOOP('',(#1104));
#2780=EDGE_LOOP('',(#1105,#1106,#1107,#1108));
#2781=EDGE_LOOP('',(#1109,#1110,#1111,#1112));
#2782=EDGE_LOOP('',(#1113));
#2783=EDGE_LOOP('',(#1114));
#2784=EDGE_LOOP('',(#1115));
#2785=EDGE_LOOP('',(#1116));
#2786=EDGE_LOOP('',(#1117));
#2787=EDGE_LOOP('',(#1118));
#2788=EDGE_LOOP('',(#1119));
#2789=EDGE_LOOP('',(#1120));
#2790=EDGE_LOOP('',(#1121));
#2791=EDGE_LOOP('',(#1122));
#2792=EDGE_LOOP('',(#1123));
#2793=EDGE_LOOP('',(#1124));
#2794=EDGE_LOOP('',(#1125));
#2795=EDGE_LOOP('',(#1126));
#2796=EDGE_LOOP('',(#1127));
#2797=EDGE_LOOP('',(#1128));
#2798=EDGE_LOOP('',(#1129));
#2799=EDGE_LOOP('',(#1130));
#2800=EDGE_LOOP('',(#1131,#1132,#1133,#1134));
#2801=EDGE_LOOP('',(#1135,#1136,#1137,#1138));
#2802=EDGE_LOOP('',(#1139));
#2803=EDGE_LOOP('',(#1140));
#2804=EDGE_LOOP('',(#1141));
#2805=EDGE_LOOP('',(#1142));
#2806=EDGE_LOOP('',(#1143));
#2807=EDGE_LOOP('',(#1144));
#2808=EDGE_LOOP('',(#1145));
#2809=EDGE_LOOP('',(#1146));
#2810=EDGE_LOOP('',(#1147));
#2811=EDGE_LOOP('',(#1148));
#2812=EDGE_LOOP('',(#1149));
#2813=EDGE_LOOP('',(#1150));
#2814=EDGE_LOOP('',(#1151));
#2815=EDGE_LOOP('',(#1152));
#2816=EDGE_LOOP('',(#1153));
#2817=EDGE_LOOP('',(#1154));
#2818=EDGE_LOOP('',(#1155));
#2819=EDGE_LOOP('',(#1156));
#2820=EDGE_LOOP('',(#1157,#1158,#1159,#1160));
#2821=EDGE_LOOP('',(#1161,#1162,#1163,#1164));
#2822=EDGE_LOOP('',(#1165,#1166,#1167,#1168));
#2823=EDGE_LOOP('',(#1169,#1170,#1171,#1172));
#2824=EDGE_LOOP('',(#1173,#1174,#1175,#1176));
#2825=EDGE_LOOP('',(#1177,#1178,#1179,#1180));
#2826=EDGE_LOOP('',(#1181,#1182,#1183,#1184));
#2827=EDGE_LOOP('',(#1185,#1186,#1187,#1188));
#2828=EDGE_LOOP('',(#1189));
#2829=EDGE_LOOP('',(#1190));
#2830=EDGE_LOOP('',(#1191,#1192,#1193,#1194));
#2831=EDGE_LOOP('',(#1195,#1196,#1197,#1198));
#2832=EDGE_LOOP('',(#1199,#1200,#1201,#1202));
#2833=EDGE_LOOP('',(#1203,#1204,#1205,#1206));
#2834=EDGE_LOOP('',(#1207,#1208,#1209,#1210));
#2835=EDGE_LOOP('',(#1211,#1212,#1213,#1214));
#2836=EDGE_LOOP('',(#1215,#1216,#1217,#1218));
#2837=EDGE_LOOP('',(#1219,#1220,#1221,#1222));
#2838=EDGE_LOOP('',(#1223,#1224,#1225,#1226));
#2839=EDGE_LOOP('',(#1227,#1228,#1229,#1230));
#2840=EDGE_LOOP('',(#1231,#1232,#1233,#1234));
#2841=EDGE_LOOP('',(#1235,#1236,#1237,#1238));
#2842=EDGE_LOOP('',(#1239,#1240,#1241,#1242));
#2843=EDGE_LOOP('',(#1243,#1244,#1245,#1246));
#2844=EDGE_LOOP('',(#1247,#1248,#1249,#1250));
#2845=EDGE_LOOP('',(#1251));
#2846=EDGE_LOOP('',(#1252));
#2847=EDGE_LOOP('',(#1253));
#2848=EDGE_LOOP('',(#1254));
#2849=EDGE_LOOP('',(#1255));
#2850=EDGE_LOOP('',(#1256));
#2851=EDGE_LOOP('',(#1257));
#2852=EDGE_LOOP('',(#1258));
#2853=EDGE_LOOP('',(#1259));
#2854=EDGE_LOOP('',(#1260));
#2855=EDGE_LOOP('',(#1261));
#2856=EDGE_LOOP('',(#1262));
#2857=EDGE_LOOP('',(#1263));
#2858=EDGE_LOOP('',(#1264));
#2859=EDGE_LOOP('',(#1265));
#2860=EDGE_LOOP('',(#1266));
#2861=EDGE_LOOP('',(#1267));
#2862=EDGE_LOOP('',(#1268));
#2863=EDGE_LOOP('',(#1269));
#2864=EDGE_LOOP('',(#1270));
#2865=EDGE_LOOP('',(#1271));
#2866=EDGE_LOOP('',(#1272));
#2867=EDGE_LOOP('',(#1273));
#2868=EDGE_LOOP('',(#1274));
#2869=EDGE_LOOP('',(#1275));
#2870=EDGE_LOOP('',(#1276));
#2871=EDGE_LOOP('',(#1277));
#2872=EDGE_LOOP('',(#1278));
#2873=EDGE_LOOP('',(#1279));
#2874=EDGE_LOOP('',(#1280));
#2875=EDGE_LOOP('',(#1281));
#2876=EDGE_LOOP('',(#1282));
#2877=EDGE_LOOP('',(#1283,#1284,#1285,#1286));
#2878=EDGE_LOOP('',(#1287,#1288,#1289,#1290));
#2879=EDGE_LOOP('',(#1291,#1292,#1293,#1294));
#2880=EDGE_LOOP('',(#1295,#1296,#1297,#1298));
#2881=EDGE_LOOP('',(#1299,#1300,#1301,#1302));
#2882=EDGE_LOOP('',(#1303,#1304,#1305,#1306));
#2883=EDGE_LOOP('',(#1307,#1308,#1309,#1310));
#2884=EDGE_LOOP('',(#1311,#1312,#1313,#1314));
#2885=EDGE_LOOP('',(#1315,#1316,#1317,#1318));
#2886=EDGE_LOOP('',(#1319,#1320,#1321,#1322));
#2887=EDGE_LOOP('',(#1323,#1324,#1325,#1326));
#2888=EDGE_LOOP('',(#1327,#1328,#1329,#1330));
#2889=EDGE_LOOP('',(#1331,#1332,#1333,#1334));
#2890=EDGE_LOOP('',(#1335,#1336,#1337,#1338));
#2891=EDGE_LOOP('',(#1339,#1340,#1341,#1342));
#2892=EDGE_LOOP('',(#1343,#1344,#1345,#1346));
#2893=EDGE_LOOP('',(#1347,#1348,#1349,#1350));
#2894=EDGE_LOOP('',(#1351,#1352,#1353,#1354));
#2895=EDGE_LOOP('',(#1355,#1356,#1357,#1358));
#2896=EDGE_LOOP('',(#1359,#1360,#1361,#1362));
#2897=EDGE_LOOP('',(#1363,#1364,#1365,#1366));
#2898=EDGE_LOOP('',(#1367,#1368,#1369,#1370));
#2899=EDGE_LOOP('',(#1371,#1372,#1373,#1374));
#2900=EDGE_LOOP('',(#1375,#1376,#1377,#1378));
#2901=EDGE_LOOP('',(#1379,#1380,#1381,#1382));
#2902=EDGE_LOOP('',(#1383,#1384,#1385,#1386));
#2903=EDGE_LOOP('',(#1387,#1388,#1389,#1390));
#2904=EDGE_LOOP('',(#1391,#1392,#1393,#1394));
#2905=EDGE_LOOP('',(#1395,#1396,#1397,#1398));
#2906=EDGE_LOOP('',(#1399,#1400,#1401,#1402));
#2907=EDGE_LOOP('',(#1403,#1404,#1405,#1406));
#2908=EDGE_LOOP('',(#1407,#1408,#1409,#1410));
#2909=EDGE_LOOP('',(#1411,#1412,#1413,#1414));
#2910=EDGE_LOOP('',(#1415,#1416,#1417,#1418));
#2911=EDGE_LOOP('',(#1419,#1420,#1421,#1422));
#2912=EDGE_LOOP('',(#1423,#1424,#1425,#1426));
#2913=EDGE_LOOP('',(#1427,#1428,#1429,#1430));
#2914=EDGE_LOOP('',(#1431,#1432,#1433,#1434));
#2915=EDGE_LOOP('',(#1435,#1436,#1437,#1438));
#2916=EDGE_LOOP('',(#1439,#1440,#1441,#1442));
#2917=EDGE_LOOP('',(#1443,#1444,#1445,#1446));
#2918=EDGE_LOOP('',(#1447,#1448,#1449,#1450));
#2919=EDGE_LOOP('',(#1451,#1452,#1453,#1454));
#2920=EDGE_LOOP('',(#1455,#1456,#1457,#1458));
#2921=EDGE_LOOP('',(#1459,#1460,#1461,#1462));
#2922=EDGE_LOOP('',(#1463,#1464,#1465,#1466));
#2923=EDGE_LOOP('',(#1467,#1468,#1469,#1470));
#2924=EDGE_LOOP('',(#1471,#1472,#1473,#1474));
#2925=EDGE_LOOP('',(#1475,#1476,#1477,#1478));
#2926=EDGE_LOOP('',(#1479,#1480,#1481,#1482));
#2927=EDGE_LOOP('',(#1483,#1484,#1485,#1486));
#2928=EDGE_LOOP('',(#1487,#1488,#1489,#1490));
#2929=EDGE_LOOP('',(#1491,#1492,#1493,#1494));
#2930=EDGE_LOOP('',(#1495,#1496,#1497,#1498));
#2931=EDGE_LOOP('',(#1499,#1500,#1501,#1502));
#2932=EDGE_LOOP('',(#1503,#1504,#1505,#1506));
#2933=EDGE_LOOP('',(#1507,#1508,#1509,#1510));
#2934=EDGE_LOOP('',(#1511,#1512,#1513,#1514));
#2935=EDGE_LOOP('',(#1515,#1516,#1517,#1518));
#2936=EDGE_LOOP('',(#1519,#1520,#1521,#1522));
#2937=EDGE_LOOP('',(#1523,#1524,#1525,#1526));
#2938=EDGE_LOOP('',(#1527,#1528,#1529,#1530));
#2939=EDGE_LOOP('',(#1531,#1532,#1533,#1534));
#2940=EDGE_LOOP('',(#1535,#1536,#1537,#1538));
#2941=EDGE_LOOP('',(#1539,#1540,#1541,#1542));
#2942=EDGE_LOOP('',(#1543,#1544,#1545,#1546));
#2943=EDGE_LOOP('',(#1547,#1548,#1549,#1550));
#2944=EDGE_LOOP('',(#1551,#1552,#1553,#1554));
#2945=EDGE_LOOP('',(#1555,#1556,#1557,#1558));
#2946=EDGE_LOOP('',(#1559,#1560,#1561,#1562));
#2947=EDGE_LOOP('',(#1563,#1564,#1565,#1566));
#2948=EDGE_LOOP('',(#1567,#1568,#1569,#1570));
#2949=EDGE_LOOP('',(#1571,#1572,#1573,#1574));
#2950=EDGE_LOOP('',(#1575,#1576,#1577,#1578));
#2951=EDGE_LOOP('',(#1579,#1580,#1581,#1582));
#2952=EDGE_LOOP('',(#1583,#1584,#1585,#1586));
#2953=EDGE_LOOP('',(#1587,#1588,#1589,#1590));
#2954=EDGE_LOOP('',(#1591,#1592,#1593,#1594));
#2955=EDGE_LOOP('',(#1595));
#2956=EDGE_LOOP('',(#1596));
#2957=EDGE_LOOP('',(#1597));
#2958=EDGE_LOOP('',(#1598));
#2959=EDGE_LOOP('',(#1599));
#2960=EDGE_LOOP('',(#1600));
#2961=EDGE_LOOP('',(#1601));
#2962=EDGE_LOOP('',(#1602));
#2963=EDGE_LOOP('',(#1603));
#2964=EDGE_LOOP('',(#1604));
#2965=EDGE_LOOP('',(#1605));
#2966=EDGE_LOOP('',(#1606));
#2967=EDGE_LOOP('',(#1607));
#2968=EDGE_LOOP('',(#1608));
#2969=EDGE_LOOP('',(#1609));
#2970=EDGE_LOOP('',(#1610));
#2971=FACE_BOUND('',#2664,.T.);
#2972=FACE_BOUND('',#2665,.T.);
#2973=FACE_BOUND('',#2666,.T.);
#2974=FACE_BOUND('',#2667,.T.);
#2975=FACE_BOUND('',#2668,.T.);
#2976=FACE_BOUND('',#2669,.T.);
#2977=FACE_BOUND('',#2670,.T.);
#2978=FACE_BOUND('',#2671,.T.);
#2979=FACE_BOUND('',#2672,.T.);
#2980=FACE_BOUND('',#2673,.T.);
#2981=FACE_BOUND('',#2674,.T.);
#2982=FACE_BOUND('',#2675,.T.);
#2983=FACE_BOUND('',#2676,.T.);
#2984=FACE_BOUND('',#2677,.T.);
#2985=FACE_BOUND('',#2678,.T.);
#2986=FACE_BOUND('',#2679,.T.);
#2987=FACE_BOUND('',#2680,.T.);
#2988=FACE_BOUND('',#2681,.T.);
#2989=FACE_BOUND('',#2682,.T.);
#2990=FACE_BOUND('',#2683,.T.);
#2991=FACE_BOUND('',#2684,.T.);
#2992=FACE_BOUND('',#2685,.T.);
#2993=FACE_BOUND('',#2686,.T.);
#2994=FACE_BOUND('',#2687,.T.);
#2995=FACE_BOUND('',#2688,.T.);
#2996=FACE_BOUND('',#2689,.T.);
#2997=FACE_BOUND('',#2690,.T.);
#2998=FACE_BOUND('',#2691,.T.);
#2999=FACE_BOUND('',#2692,.T.);
#3000=FACE_BOUND('',#2693,.T.);
#3001=FACE_BOUND('',#2694,.T.);
#3002=FACE_BOUND('',#2695,.T.);
#3003=FACE_BOUND('',#2696,.T.);
#3004=FACE_BOUND('',#2697,.T.);
#3005=FACE_BOUND('',#2698,.T.);
#3006=FACE_BOUND('',#2699,.T.);
#3007=FACE_BOUND('',#2700,.T.);
#3008=FACE_BOUND('',#2701,.T.);
#3009=FACE_BOUND('',#2702,.T.);
#3010=FACE_BOUND('',#2703,.T.);
#3011=FACE_BOUND('',#2704,.T.);
#3012=FACE_BOUND('',#2705,.T.);
#3013=FACE_BOUND('',#2706,.T.);
#3014=FACE_BOUND('',#2707,.T.);
#3015=FACE_BOUND('',#2708,.T.);
#3016=FACE_BOUND('',#2709,.T.);
#3017=FACE_BOUND('',#2710,.T.);
#3018=FACE_BOUND('',#2711,.T.);
#3019=FACE_BOUND('',#2712,.T.);
#3020=FACE_BOUND('',#2713,.T.);
#3021=FACE_BOUND('',#2714,.T.);
#3022=FACE_BOUND('',#2715,.T.);
#3023=FACE_BOUND('',#2716,.T.);
#3024=FACE_BOUND('',#2717,.T.);
#3025=FACE_BOUND('',#2718,.T.);
#3026=FACE_BOUND('',#2719,.T.);
#3027=FACE_BOUND('',#2720,.T.);
#3028=FACE_BOUND('',#2721,.T.);
#3029=FACE_BOUND('',#2722,.T.);
#3030=FACE_BOUND('',#2723,.T.);
#3031=FACE_BOUND('',#2724,.T.);
#3032=FACE_BOUND('',#2725,.T.);
#3033=FACE_BOUND('',#2726,.T.);
#3034=FACE_BOUND('',#2727,.T.);
#3035=FACE_BOUND('',#2728,.T.);
#3036=FACE_BOUND('',#2729,.T.);
#3037=FACE_BOUND('',#2730,.T.);
#3038=FACE_BOUND('',#2731,.T.);
#3039=FACE_BOUND('',#2732,.T.);
#3040=FACE_BOUND('',#2733,.T.);
#3041=FACE_BOUND('',#2734,.T.);
#3042=FACE_BOUND('',#2735,.T.);
#3043=FACE_BOUND('',#2736,.T.);
#3044=FACE_BOUND('',#2737,.T.);
#3045=FACE_BOUND('',#2738,.T.);
#3046=FACE_BOUND('',#2739,.T.);
#3047=FACE_BOUND('',#2740,.T.);
#3048=FACE_BOUND('',#2741,.T.);
#3049=FACE_BOUND('',#2742,.T.);
#3050=FACE_BOUND('',#2743,.T.);
#3051=FACE_BOUND('',#2744,.T.);
#3052=FACE_BOUND('',#2745,.T.);
#3053=FACE_BOUND('',#2746,.T.);
#3054=FACE_BOUND('',#2747,.T.);
#3055=FACE_BOUND('',#2748,.T.);
#3056=FACE_BOUND('',#2749,.T.);
#3057=FACE_BOUND('',#2750,.T.);
#3058=FACE_BOUND('',#2751,.T.);
#3059=FACE_BOUND('',#2752,.T.);
#3060=FACE_BOUND('',#2753,.T.);
#3061=FACE_BOUND('',#2754,.T.);
#3062=FACE_BOUND('',#2755,.T.);
#3063=FACE_BOUND('',#2756,.T.);
#3064=FACE_BOUND('',#2757,.T.);
#3065=FACE_BOUND('',#2758,.T.);
#3066=FACE_BOUND('',#2759,.T.);
#3067=FACE_BOUND('',#2760,.T.);
#3068=FACE_BOUND('',#2761,.T.);
#3069=FACE_BOUND('',#2762,.T.);
#3070=FACE_BOUND('',#2763,.T.);
#3071=FACE_BOUND('',#2764,.T.);
#3072=FACE_BOUND('',#2765,.T.);
#3073=FACE_BOUND('',#2766,.T.);
#3074=FACE_BOUND('',#2767,.T.);
#3075=FACE_BOUND('',#2768,.T.);
#3076=FACE_BOUND('',#2769,.T.);
#3077=FACE_BOUND('',#2770,.T.);
#3078=FACE_BOUND('',#2771,.T.);
#3079=FACE_BOUND('',#2772,.T.);
#3080=FACE_BOUND('',#2773,.T.);
#3081=FACE_BOUND('',#2774,.T.);
#3082=FACE_BOUND('',#2775,.T.);
#3083=FACE_BOUND('',#2776,.T.);
#3084=FACE_BOUND('',#2777,.T.);
#3085=FACE_BOUND('',#2778,.T.);
#3086=FACE_BOUND('',#2779,.T.);
#3087=FACE_BOUND('',#2780,.T.);
#3088=FACE_BOUND('',#2781,.T.);
#3089=FACE_BOUND('',#2782,.T.);
#3090=FACE_BOUND('',#2783,.T.);
#3091=FACE_BOUND('',#2784,.T.);
#3092=FACE_BOUND('',#2785,.T.);
#3093=FACE_BOUND('',#2786,.T.);
#3094=FACE_BOUND('',#2787,.T.);
#3095=FACE_BOUND('',#2788,.T.);
#3096=FACE_BOUND('',#2789,.T.);
#3097=FACE_BOUND('',#2790,.T.);
#3098=FACE_BOUND('',#2791,.T.);
#3099=FACE_BOUND('',#2792,.T.);
#3100=FACE_BOUND('',#2793,.T.);
#3101=FACE_BOUND('',#2794,.T.);
#3102=FACE_BOUND('',#2795,.T.);
#3103=FACE_BOUND('',#2796,.T.);
#3104=FACE_BOUND('',#2797,.T.);
#3105=FACE_BOUND('',#2798,.T.);
#3106=FACE_BOUND('',#2799,.T.);
#3107=FACE_BOUND('',#2800,.T.);
#3108=FACE_BOUND('',#2801,.T.);
#3109=FACE_BOUND('',#2802,.T.);
#3110=FACE_BOUND('',#2803,.T.);
#3111=FACE_BOUND('',#2804,.T.);
#3112=FACE_BOUND('',#2805,.T.);
#3113=FACE_BOUND('',#2806,.T.);
#3114=FACE_BOUND('',#2807,.T.);
#3115=FACE_BOUND('',#2808,.T.);
#3116=FACE_BOUND('',#2809,.T.);
#3117=FACE_BOUND('',#2810,.T.);
#3118=FACE_BOUND('',#2811,.T.);
#3119=FACE_BOUND('',#2812,.T.);
#3120=FACE_BOUND('',#2813,.T.);
#3121=FACE_BOUND('',#2814,.T.);
#3122=FACE_BOUND('',#2815,.T.);
#3123=FACE_BOUND('',#2816,.T.);
#3124=FACE_BOUND('',#2817,.T.);
#3125=FACE_BOUND('',#2818,.T.);
#3126=FACE_BOUND('',#2819,.T.);
#3127=FACE_BOUND('',#2820,.T.);
#3128=FACE_BOUND('',#2821,.T.);
#3129=FACE_BOUND('',#2822,.T.);
#3130=FACE_BOUND('',#2823,.T.);
#3131=FACE_BOUND('',#2824,.T.);
#3132=FACE_BOUND('',#2825,.T.);
#3133=FACE_BOUND('',#2826,.T.);
#3134=FACE_BOUND('',#2827,.T.);
#3135=FACE_BOUND('',#2828,.T.);
#3136=FACE_BOUND('',#2829,.T.);
#3137=FACE_BOUND('',#2830,.T.);
#3138=FACE_BOUND('',#2831,.T.);
#3139=FACE_BOUND('',#2832,.T.);
#3140=FACE_BOUND('',#2833,.T.);
#3141=FACE_BOUND('',#2834,.T.);
#3142=FACE_BOUND('',#2835,.T.);
#3143=FACE_BOUND('',#2836,.T.);
#3144=FACE_BOUND('',#2837,.T.);
#3145=FACE_BOUND('',#2838,.T.);
#3146=FACE_BOUND('',#2839,.T.);
#3147=FACE_BOUND('',#2840,.T.);
#3148=FACE_BOUND('',#2841,.T.);
#3149=FACE_BOUND('',#2842,.T.);
#3150=FACE_BOUND('',#2843,.T.);
#3151=FACE_BOUND('',#2844,.T.);
#3152=FACE_BOUND('',#2845,.T.);
#3153=FACE_BOUND('',#2846,.T.);
#3154=FACE_BOUND('',#2847,.T.);
#3155=FACE_BOUND('',#2848,.T.);
#3156=FACE_BOUND('',#2849,.T.);
#3157=FACE_BOUND('',#2850,.T.);
#3158=FACE_BOUND('',#2851,.T.);
#3159=FACE_BOUND('',#2852,.T.);
#3160=FACE_BOUND('',#2853,.T.);
#3161=FACE_BOUND('',#2854,.T.);
#3162=FACE_BOUND('',#2855,.T.);
#3163=FACE_BOUND('',#2856,.T.);
#3164=FACE_BOUND('',#2857,.T.);
#3165=FACE_BOUND('',#2858,.T.);
#3166=FACE_BOUND('',#2859,.T.);
#3167=FACE_BOUND('',#2860,.T.);
#3168=FACE_BOUND('',#2861,.T.);
#3169=FACE_BOUND('',#2862,.T.);
#3170=FACE_BOUND('',#2863,.T.);
#3171=FACE_BOUND('',#2864,.T.);
#3172=FACE_BOUND('',#2865,.T.);
#3173=FACE_BOUND('',#2866,.T.);
#3174=FACE_BOUND('',#2867,.T.);
#3175=FACE_BOUND('',#2868,.T.);
#3176=FACE_BOUND('',#2869,.T.);
#3177=FACE_BOUND('',#2870,.T.);
#3178=FACE_BOUND('',#2871,.T.);
#3179=FACE_BOUND('',#2872,.T.);
#3180=FACE_BOUND('',#2873,.T.);
#3181=FACE_BOUND('',#2874,.T.);
#3182=FACE_BOUND('',#2875,.T.);
#3183=FACE_BOUND('',#2876,.T.);
#3184=FACE_BOUND('',#2877,.T.);
#3185=FACE_BOUND('',#2878,.T.);
#3186=FACE_BOUND('',#2879,.T.);
#3187=FACE_BOUND('',#2880,.T.);
#3188=FACE_BOUND('',#2881,.T.);
#3189=FACE_BOUND('',#2882,.T.);
#3190=FACE_BOUND('',#2883,.T.);
#3191=FACE_BOUND('',#2884,.T.);
#3192=FACE_BOUND('',#2885,.T.);
#3193=FACE_BOUND('',#2886,.T.);
#3194=FACE_BOUND('',#2887,.T.);
#3195=FACE_BOUND('',#2888,.T.);
#3196=FACE_BOUND('',#2889,.T.);
#3197=FACE_BOUND('',#2890,.T.);
#3198=FACE_BOUND('',#2891,.T.);
#3199=FACE_BOUND('',#2892,.T.);
#3200=FACE_BOUND('',#2893,.T.);
#3201=FACE_BOUND('',#2894,.T.);
#3202=FACE_BOUND('',#2895,.T.);
#3203=FACE_BOUND('',#2896,.T.);
#3204=FACE_BOUND('',#2897,.T.);
#3205=FACE_BOUND('',#2898,.T.);
#3206=FACE_BOUND('',#2899,.T.);
#3207=FACE_BOUND('',#2900,.T.);
#3208=FACE_BOUND('',#2901,.T.);
#3209=FACE_BOUND('',#2902,.T.);
#3210=FACE_BOUND('',#2903,.T.);
#3211=FACE_BOUND('',#2904,.T.);
#3212=FACE_BOUND('',#2905,.T.);
#3213=FACE_BOUND('',#2906,.T.);
#3214=FACE_BOUND('',#2907,.T.);
#3215=FACE_BOUND('',#2908,.T.);
#3216=FACE_BOUND('',#2909,.T.);
#3217=FACE_BOUND('',#2910,.T.);
#3218=FACE_BOUND('',#2911,.T.);
#3219=FACE_BOUND('',#2912,.T.);
#3220=FACE_BOUND('',#2913,.T.);
#3221=FACE_BOUND('',#2914,.T.);
#3222=FACE_BOUND('',#2915,.T.);
#3223=FACE_BOUND('',#2916,.T.);
#3224=FACE_BOUND('',#2917,.T.);
#3225=FACE_BOUND('',#2918,.T.);
#3226=FACE_BOUND('',#2919,.T.);
#3227=FACE_BOUND('',#2920,.T.);
#3228=FACE_BOUND('',#2921,.T.);
#3229=FACE_BOUND('',#2922,.T.);
#3230=FACE_BOUND('',#2923,.T.);
#3231=FACE_BOUND('',#2924,.T.);
#3232=FACE_BOUND('',#2925,.T.);
#3233=FACE_BOUND('',#2926,.T.);
#3234=FACE_BOUND('',#2927,.T.);
#3235=FACE_BOUND('',#2928,.T.);
#3236=FACE_BOUND('',#2929,.T.);
#3237=FACE_BOUND('',#2930,.T.);
#3238=FACE_BOUND('',#2931,.T.);
#3239=FACE_BOUND('',#2932,.T.);
#3240=FACE_BOUND('',#2933,.T.);
#3241=FACE_BOUND('',#2934,.T.);
#3242=FACE_BOUND('',#2935,.T.);
#3243=FACE_BOUND('',#2936,.T.);
#3244=FACE_BOUND('',#2937,.T.);
#3245=FACE_BOUND('',#2938,.T.);
#3246=FACE_BOUND('',#2939,.T.);
#3247=FACE_BOUND('',#2940,.T.);
#3248=FACE_BOUND('',#2941,.T.);
#3249=FACE_BOUND('',#2942,.T.);
#3250=FACE_BOUND('',#2943,.T.);
#3251=FACE_BOUND('',#2944,.T.);
#3252=FACE_BOUND('',#2945,.T.);
#3253=FACE_BOUND('',#2946,.T.);
#3254=FACE_BOUND('',#2947,.T.);
#3255=FACE_BOUND('',#2948,.T.);
#3256=FACE_BOUND('',#2949,.T.);
#3257=FACE_BOUND('',#2950,.T.);
#3258=FACE_BOUND('',#2951,.T.);
#3259=FACE_BOUND('',#2952,.T.);
#3260=FACE_BOUND('',#2953,.T.);
#3261=FACE_BOUND('',#2954,.T.);
#3262=FACE_BOUND('',#2955,.T.);
#3263=FACE_BOUND('',#2956,.T.);
#3264=FACE_BOUND('',#2957,.T.);
#3265=FACE_BOUND('',#2958,.T.);
#3266=FACE_BOUND('',#2959,.T.);
#3267=FACE_BOUND('',#2960,.T.);
#3268=FACE_BOUND('',#2961,.T.);
#3269=FACE_BOUND('',#2962,.T.);
#3270=FACE_BOUND('',#2963,.T.);
#3271=FACE_BOUND('',#2964,.T.);
#3272=FACE_BOUND('',#2965,.T.);
#3273=FACE_BOUND('',#2966,.T.);
#3274=FACE_BOUND('',#2967,.T.);
#3275=FACE_BOUND('',#2968,.T.);
#3276=FACE_BOUND('',#2969,.T.);
#3277=FACE_BOUND('',#2970,.T.);
#3278=PLANE('',#3542);
#3279=PLANE('',#3615);
#3280=PLANE('',#3685);
#3281=PLANE('',#3689);
#3282=PLANE('',#3693);
#3283=PLANE('',#3695);
#3284=PLANE('',#3699);
#3285=PLANE('',#3703);
#3286=PLANE('',#3705);
#3287=PLANE('',#3709);
#3288=PLANE('',#3713);
#3289=PLANE('',#3715);
#3290=PLANE('',#3716);
#3291=PLANE('',#3717);
#3292=PLANE('',#3718);
#3293=PLANE('',#3724);
#3294=PLANE('',#3726);
#3295=PLANE('',#3727);
#3296=PLANE('',#3729);
#3297=PLANE('',#3735);
#3298=PLANE('',#3736);
#3299=PLANE('',#3742);
#3300=PLANE('',#3744);
#3301=PLANE('',#3745);
#3302=PLANE('',#3747);
#3303=PLANE('',#3753);
#3304=PLANE('',#3754);
#3305=PLANE('',#3760);
#3306=PLANE('',#3762);
#3307=PLANE('',#3763);
#3308=PLANE('',#3765);
#3309=PLANE('',#3771);
#3310=PLANE('',#3785);
#3311=PLANE('',#3786);
#3312=PLANE('',#3800);
#3313=PLANE('',#3801);
#3314=PLANE('',#3815);
#3315=PLANE('',#3816);
#3316=PLANE('',#3871);
#3317=PLANE('',#3872);
#3318=PLANE('',#3873);
#3319=PLANE('',#3875);
#3320=PLANE('',#3877);
#3321=PLANE('',#3879);
#3322=PLANE('',#3880);
#3323=PLANE('',#3882);
#3324=PLANE('',#3884);
#3325=PLANE('',#3886);
#3326=PLANE('',#3888);
#3327=PLANE('',#3890);
#3328=PLANE('',#3893);
#3329=PLANE('',#3894);
#3330=PLANE('',#3895);
#3331=PLANE('',#3896);
#3332=PLANE('',#3898);
#3333=PLANE('',#3899);
#3334=PLANE('',#3900);
#3335=PLANE('',#3901);
#3336=PLANE('',#3902);
#3337=PLANE('',#3904);
#3338=PLANE('',#3907);
#3339=PLANE('',#3909);
#3340=ADVANCED_FACE('',(#2971,#2972,#2973,#2974,#2975,#2976,#2977,#2978,
#2979,#2980,#2981,#2982,#2983,#2984,#2985,#2986,#2987,#2988,#2989),#3278,
 .T.);
#3341=ADVANCED_FACE('',(#2990,#2991,#2992,#2993,#2994,#2995,#2996,#2997,
#2998,#2999,#3000,#3001,#3002,#3003,#3004,#3005,#3006,#3007,#3008),#3279,
 .F.);
#3342=ADVANCED_FACE('',(#3009),#3280,.F.);
#3343=ADVANCED_FACE('',(#3010),#3281,.T.);
#3344=ADVANCED_FACE('',(#3011),#3282,.T.);
#3345=ADVANCED_FACE('',(#3012),#3283,.F.);
#3346=ADVANCED_FACE('',(#3013),#3284,.T.);
#3347=ADVANCED_FACE('',(#3014),#3285,.T.);
#3348=ADVANCED_FACE('',(#3015),#3286,.F.);
#3349=ADVANCED_FACE('',(#3016),#3287,.T.);
#3350=ADVANCED_FACE('',(#3017),#3288,.T.);
#3351=ADVANCED_FACE('',(#3018),#3289,.F.);
#3352=ADVANCED_FACE('',(#3019),#3290,.F.);
#3353=ADVANCED_FACE('',(#3020),#3291,.F.);
#3354=ADVANCED_FACE('',(#3021,#3022,#3023,#3024,#3025,#3026),#3292,.F.);
#3355=ADVANCED_FACE('',(#3027),#3293,.F.);
#3356=ADVANCED_FACE('',(#3028),#3294,.T.);
#3357=ADVANCED_FACE('',(#3029),#3295,.T.);
#3358=ADVANCED_FACE('',(#3030,#3031,#3032,#3033,#3034,#3035),#3296,.T.);
#3359=ADVANCED_FACE('',(#3036),#3297,.T.);
#3360=ADVANCED_FACE('',(#3037,#3038,#3039,#3040,#3041,#3042),#3298,.F.);
#3361=ADVANCED_FACE('',(#3043),#3299,.F.);
#3362=ADVANCED_FACE('',(#3044),#3300,.T.);
#3363=ADVANCED_FACE('',(#3045),#3301,.T.);
#3364=ADVANCED_FACE('',(#3046,#3047,#3048,#3049,#3050,#3051),#3302,.T.);
#3365=ADVANCED_FACE('',(#3052),#3303,.T.);
#3366=ADVANCED_FACE('',(#3053,#3054,#3055,#3056,#3057,#3058),#3304,.F.);
#3367=ADVANCED_FACE('',(#3059),#3305,.F.);
#3368=ADVANCED_FACE('',(#3060),#3306,.T.);
#3369=ADVANCED_FACE('',(#3061),#3307,.T.);
#3370=ADVANCED_FACE('',(#3062,#3063,#3064,#3065,#3066,#3067),#3308,.T.);
#3371=ADVANCED_FACE('',(#3068),#3309,.T.);
#3372=ADVANCED_FACE('',(#3069,#3070),#32,.F.);
#3373=ADVANCED_FACE('',(#3071,#3072),#12,.F.);
#3374=ADVANCED_FACE('',(#3073,#3074),#33,.F.);
#3375=ADVANCED_FACE('',(#3075,#3076),#13,.F.);
#3376=ADVANCED_FACE('',(#3077,#3078),#34,.F.);
#3377=ADVANCED_FACE('',(#3079,#3080),#14,.F.);
#3378=ADVANCED_FACE('',(#3081,#3082),#35,.F.);
#3379=ADVANCED_FACE('',(#3083,#3084),#15,.F.);
#3380=ADVANCED_FACE('',(#3085,#3086),#36,.F.);
#3381=ADVANCED_FACE('',(#3087),#3310,.F.);
#3382=ADVANCED_FACE('',(#3088),#3311,.F.);
#3383=ADVANCED_FACE('',(#3089,#3090),#37,.F.);
#3384=ADVANCED_FACE('',(#3091,#3092),#16,.F.);
#3385=ADVANCED_FACE('',(#3093,#3094),#38,.F.);
#3386=ADVANCED_FACE('',(#3095,#3096),#17,.F.);
#3387=ADVANCED_FACE('',(#3097,#3098),#39,.F.);
#3388=ADVANCED_FACE('',(#3099,#3100),#18,.F.);
#3389=ADVANCED_FACE('',(#3101,#3102),#40,.F.);
#3390=ADVANCED_FACE('',(#3103,#3104),#19,.F.);
#3391=ADVANCED_FACE('',(#3105,#3106),#41,.F.);
#3392=ADVANCED_FACE('',(#3107),#3312,.F.);
#3393=ADVANCED_FACE('',(#3108),#3313,.F.);
#3394=ADVANCED_FACE('',(#3109,#3110),#42,.F.);
#3395=ADVANCED_FACE('',(#3111,#3112),#20,.F.);
#3396=ADVANCED_FACE('',(#3113,#3114),#43,.F.);
#3397=ADVANCED_FACE('',(#3115,#3116),#21,.F.);
#3398=ADVANCED_FACE('',(#3117,#3118),#44,.F.);
#3399=ADVANCED_FACE('',(#3119,#3120),#22,.F.);
#3400=ADVANCED_FACE('',(#3121,#3122),#45,.F.);
#3401=ADVANCED_FACE('',(#3123,#3124),#23,.F.);
#3402=ADVANCED_FACE('',(#3125,#3126),#46,.F.);
#3403=ADVANCED_FACE('',(#3127),#3314,.F.);
#3404=ADVANCED_FACE('',(#3128),#3315,.F.);
#3405=ADVANCED_FACE('',(#3129),#47,.T.);
#3406=ADVANCED_FACE('',(#3130),#48,.T.);
#3407=ADVANCED_FACE('',(#3131),#49,.T.);
#3408=ADVANCED_FACE('',(#3132),#50,.T.);
#3409=ADVANCED_FACE('',(#3133),#51,.T.);
#3410=ADVANCED_FACE('',(#3134),#52,.T.);
#3411=ADVANCED_FACE('',(#3135,#3136),#53,.F.);
#3412=ADVANCED_FACE('',(#3137),#54,.T.);
#3413=ADVANCED_FACE('',(#3138),#55,.T.);
#3414=ADVANCED_FACE('',(#3139),#56,.T.);
#3415=ADVANCED_FACE('',(#3140),#57,.T.);
#3416=ADVANCED_FACE('',(#3141),#58,.F.);
#3417=ADVANCED_FACE('',(#3142),#59,.T.);
#3418=ADVANCED_FACE('',(#3143),#60,.T.);
#3419=ADVANCED_FACE('',(#3144),#61,.F.);
#3420=ADVANCED_FACE('',(#3145),#62,.T.);
#3421=ADVANCED_FACE('',(#3146),#63,.T.);
#3422=ADVANCED_FACE('',(#3147),#64,.T.);
#3423=ADVANCED_FACE('',(#3148),#65,.T.);
#3424=ADVANCED_FACE('',(#3149),#66,.F.);
#3425=ADVANCED_FACE('',(#3150),#67,.T.);
#3426=ADVANCED_FACE('',(#3151),#68,.T.);
#3427=ADVANCED_FACE('',(#3152,#3153),#69,.F.);
#3428=ADVANCED_FACE('',(#3154,#3155),#24,.F.);
#3429=ADVANCED_FACE('',(#3156,#3157),#70,.F.);
#3430=ADVANCED_FACE('',(#3158,#3159),#25,.F.);
#3431=ADVANCED_FACE('',(#3160,#3161),#71,.F.);
#3432=ADVANCED_FACE('',(#3162,#3163),#26,.F.);
#3433=ADVANCED_FACE('',(#3164,#3165),#72,.F.);
#3434=ADVANCED_FACE('',(#3166,#3167),#27,.F.);
#3435=ADVANCED_FACE('',(#3168,#3169),#73,.F.);
#3436=ADVANCED_FACE('',(#3170,#3171),#28,.F.);
#3437=ADVANCED_FACE('',(#3172,#3173),#74,.F.);
#3438=ADVANCED_FACE('',(#3174,#3175),#29,.F.);
#3439=ADVANCED_FACE('',(#3176,#3177),#75,.F.);
#3440=ADVANCED_FACE('',(#3178,#3179),#30,.F.);
#3441=ADVANCED_FACE('',(#3180,#3181),#76,.F.);
#3442=ADVANCED_FACE('',(#3182,#3183),#31,.F.);
#3443=ADVANCED_FACE('',(#3184),#3316,.T.);
#3444=ADVANCED_FACE('',(#3185),#3317,.F.);
#3445=ADVANCED_FACE('',(#3186),#3318,.F.);
#3446=ADVANCED_FACE('',(#3187),#77,.T.);
#3447=ADVANCED_FACE('',(#3188),#3319,.T.);
#3448=ADVANCED_FACE('',(#3189),#78,.T.);
#3449=ADVANCED_FACE('',(#3190),#3320,.F.);
#3450=ADVANCED_FACE('',(#3191),#79,.F.);
#3451=ADVANCED_FACE('',(#3192),#3321,.T.);
#3452=ADVANCED_FACE('',(#3193),#3322,.T.);
#3453=ADVANCED_FACE('',(#3194),#80,.F.);
#3454=ADVANCED_FACE('',(#3195),#3323,.F.);
#3455=ADVANCED_FACE('',(#3196),#81,.T.);
#3456=ADVANCED_FACE('',(#3197),#3324,.T.);
#3457=ADVANCED_FACE('',(#3198),#82,.F.);
#3458=ADVANCED_FACE('',(#3199),#3325,.F.);
#3459=ADVANCED_FACE('',(#3200),#83,.T.);
#3460=ADVANCED_FACE('',(#3201),#3326,.T.);
#3461=ADVANCED_FACE('',(#3202),#84,.F.);
#3462=ADVANCED_FACE('',(#3203),#3327,.F.);
#3463=ADVANCED_FACE('',(#3204),#85,.T.);
#3464=ADVANCED_FACE('',(#3205),#86,.T.);
#3465=ADVANCED_FACE('',(#3206),#3328,.T.);
#3466=ADVANCED_FACE('',(#3207),#3329,.T.);
#3467=ADVANCED_FACE('',(#3208),#3330,.F.);
#3468=ADVANCED_FACE('',(#3209),#3331,.F.);
#3469=ADVANCED_FACE('',(#3210),#87,.T.);
#3470=ADVANCED_FACE('',(#3211),#3332,.T.);
#3471=ADVANCED_FACE('',(#3212),#3333,.T.);
#3472=ADVANCED_FACE('',(#3213),#3334,.F.);
#3473=ADVANCED_FACE('',(#3214),#3335,.F.);
#3474=ADVANCED_FACE('',(#3215),#3336,.F.);
#3475=ADVANCED_FACE('',(#3216),#88,.F.);
#3476=ADVANCED_FACE('',(#3217),#3337,.T.);
#3477=ADVANCED_FACE('',(#3218),#89,.T.);
#3478=ADVANCED_FACE('',(#3219),#90,.T.);
#3479=ADVANCED_FACE('',(#3220),#3338,.F.);
#3480=ADVANCED_FACE('',(#3221),#91,.F.);
#3481=ADVANCED_FACE('',(#3222),#3339,.T.);
#3482=ADVANCED_FACE('',(#3223),#92,.F.);
#3483=ADVANCED_FACE('',(#3224),#93,.F.);
#3484=ADVANCED_FACE('',(#3225),#94,.F.);
#3485=ADVANCED_FACE('',(#3226),#95,.F.);
#3486=ADVANCED_FACE('',(#3227),#96,.F.);
#3487=ADVANCED_FACE('',(#3228),#97,.F.);
#3488=ADVANCED_FACE('',(#3229),#98,.F.);
#3489=ADVANCED_FACE('',(#3230),#99,.F.);
#3490=ADVANCED_FACE('',(#3231),#100,.F.);
#3491=ADVANCED_FACE('',(#3232),#101,.F.);
#3492=ADVANCED_FACE('',(#3233),#102,.F.);
#3493=ADVANCED_FACE('',(#3234),#103,.F.);
#3494=ADVANCED_FACE('',(#3235),#104,.F.);
#3495=ADVANCED_FACE('',(#3236),#105,.F.);
#3496=ADVANCED_FACE('',(#3237),#106,.F.);
#3497=ADVANCED_FACE('',(#3238),#107,.F.);
#3498=ADVANCED_FACE('',(#3239),#108,.F.);
#3499=ADVANCED_FACE('',(#3240),#109,.F.);
#3500=ADVANCED_FACE('',(#3241),#110,.F.);
#3501=ADVANCED_FACE('',(#3242),#111,.F.);
#3502=ADVANCED_FACE('',(#3243),#112,.F.);
#3503=ADVANCED_FACE('',(#3244),#113,.F.);
#3504=ADVANCED_FACE('',(#3245),#114,.F.);
#3505=ADVANCED_FACE('',(#3246),#115,.F.);
#3506=ADVANCED_FACE('',(#3247),#116,.F.);
#3507=ADVANCED_FACE('',(#3248),#117,.F.);
#3508=ADVANCED_FACE('',(#3249),#118,.F.);
#3509=ADVANCED_FACE('',(#3250),#119,.F.);
#3510=ADVANCED_FACE('',(#3251),#120,.F.);
#3511=ADVANCED_FACE('',(#3252),#121,.F.);
#3512=ADVANCED_FACE('',(#3253),#122,.F.);
#3513=ADVANCED_FACE('',(#3254),#123,.F.);
#3514=ADVANCED_FACE('',(#3255),#124,.F.);
#3515=ADVANCED_FACE('',(#3256),#125,.F.);
#3516=ADVANCED_FACE('',(#3257),#126,.F.);
#3517=ADVANCED_FACE('',(#3258),#127,.F.);
#3518=ADVANCED_FACE('',(#3259),#128,.F.);
#3519=ADVANCED_FACE('',(#3260),#129,.F.);
#3520=ADVANCED_FACE('',(#3261),#130,.F.);
#3521=ADVANCED_FACE('',(#3262,#3263),#131,.F.);
#3522=ADVANCED_FACE('',(#3264,#3265),#132,.F.);
#3523=ADVANCED_FACE('',(#3266,#3267),#133,.F.);
#3524=ADVANCED_FACE('',(#3268,#3269),#134,.F.);
#3525=ADVANCED_FACE('',(#3270,#3271),#135,.F.);
#3526=ADVANCED_FACE('',(#3272,#3273),#136,.F.);
#3527=ADVANCED_FACE('',(#3274,#3275),#137,.F.);
#3528=ADVANCED_FACE('',(#3276,#3277),#138,.F.);
#3529=CLOSED_SHELL('',(#3340,#3341,#3342,#3343,#3344,#3345,#3346,#3347,
#3348,#3349,#3350,#3351,#3352,#3353,#3354,#3355,#3356,#3357,#3358,#3359,
#3360,#3361,#3362,#3363,#3364,#3365,#3366,#3367,#3368,#3369,#3370,#3371,
#3372,#3373,#3374,#3375,#3376,#3377,#3378,#3379,#3380,#3381,#3382,#3383,
#3384,#3385,#3386,#3387,#3388,#3389,#3390,#3391,#3392,#3393,#3394,#3395,
#3396,#3397,#3398,#3399,#3400,#3401,#3402,#3403,#3404,#3405,#3406,#3407,
#3408,#3409,#3410,#3411,#3412,#3413,#3414,#3415,#3416,#3417,#3418,#3419,
#3420,#3421,#3422,#3423,#3424,#3425,#3426,#3427,#3428,#3429,#3430,#3431,
#3432,#3433,#3434,#3435,#3436,#3437,#3438,#3439,#3440,#3441,#3442,#3443,
#3444,#3445,#3446,#3447,#3448,#3449,#3450,#3451,#3452,#3453,#3454,#3455,
#3456,#3457,#3458,#3459,#3460,#3461,#3462,#3463,#3464,#3465,#3466,#3467,
#3468,#3469,#3470,#3471,#3472,#3473,#3474,#3475,#3476,#3477,#3478,#3479,
#3480,#3481,#3482,#3483,#3484,#3485,#3486,#3487,#3488,#3489,#3490,#3491,
#3492,#3493,#3494,#3495,#3496,#3497,#3498,#3499,#3500,#3501,#3502,#3503,
#3504,#3505,#3506,#3507,#3508,#3509,#3510,#3511,#3512,#3513,#3514,#3515,
#3516,#3517,#3518,#3519,#3520,#3521,#3522,#3523,#3524,#3525,#3526,#3527,
#3528));
#3530=STYLED_ITEM('',(#3531),#3538);
#3531=PRESENTATION_STYLE_ASSIGNMENT((#3532));
#3532=SURFACE_STYLE_USAGE(.BOTH.,#3533);
#3533=SURFACE_SIDE_STYLE('',(#3534));
#3534=SURFACE_STYLE_FILL_AREA(#3535);
#3535=FILL_AREA_STYLE('',(#3536));
#3536=FILL_AREA_STYLE_COLOUR('',#3537);
#3537=COLOUR_RGB('',0.168627450980392,0.168627450980392,0.168627450980392);
#3538=MANIFOLD_SOLID_BREP('Part 1',#3529);
#3539=SHAPE_DEFINITION_REPRESENTATION(#6067,#3540);
#3540=SHAPE_REPRESENTATION('Part 1',(#3541),#6062);
#3541=AXIS2_PLACEMENT_3D('',#5044,#3957,#3958);
#3542=AXIS2_PLACEMENT_3D('',#5045,#3959,#3960);
#3543=AXIS2_PLACEMENT_3D('',#5046,#3961,#3962);
#3544=AXIS2_PLACEMENT_3D('',#5048,#3963,#3964);
#3545=AXIS2_PLACEMENT_3D('',#5050,#3965,#3966);
#3546=AXIS2_PLACEMENT_3D('',#5052,#3967,#3968);
#3547=AXIS2_PLACEMENT_3D('',#5057,#3970,#3971);
#3548=AXIS2_PLACEMENT_3D('',#5059,#3972,#3973);
#3549=AXIS2_PLACEMENT_3D('',#5061,#3974,#3975);
#3550=AXIS2_PLACEMENT_3D('',#5065,#3977,#3978);
#3551=AXIS2_PLACEMENT_3D('',#5067,#3979,#3980);
#3552=AXIS2_PLACEMENT_3D('',#5069,#3981,#3982);
#3553=AXIS2_PLACEMENT_3D('',#5070,#3983,#3984);
#3554=AXIS2_PLACEMENT_3D('',#5075,#3986,#3987);
#3555=AXIS2_PLACEMENT_3D('',#5091,#3995,#3996);
#3556=AXIS2_PLACEMENT_3D('',#5097,#3999,#4000);
#3557=AXIS2_PLACEMENT_3D('',#5101,#4002,#4003);
#3558=AXIS2_PLACEMENT_3D('',#5117,#4011,#4012);
#3559=AXIS2_PLACEMENT_3D('',#5123,#4015,#4016);
#3560=AXIS2_PLACEMENT_3D('',#5127,#4018,#4019);
#3561=AXIS2_PLACEMENT_3D('',#5143,#4027,#4028);
#3562=AXIS2_PLACEMENT_3D('',#5149,#4031,#4032);
#3563=AXIS2_PLACEMENT_3D('',#5153,#4034,#4035);
#3564=AXIS2_PLACEMENT_3D('',#5157,#4037,#4038);
#3565=AXIS2_PLACEMENT_3D('',#5161,#4040,#4041);
#3566=AXIS2_PLACEMENT_3D('',#5163,#4042,#4043);
#3567=AXIS2_PLACEMENT_3D('',#5165,#4044,#4045);
#3568=AXIS2_PLACEMENT_3D('',#5169,#4047,#4048);
#3569=AXIS2_PLACEMENT_3D('',#5173,#4050,#4051);
#3570=AXIS2_PLACEMENT_3D('',#5175,#4052,#4053);
#3571=AXIS2_PLACEMENT_3D('',#5177,#4054,#4055);
#3572=AXIS2_PLACEMENT_3D('',#5181,#4057,#4058);
#3573=AXIS2_PLACEMENT_3D('',#5183,#4059,#4060);
#3574=AXIS2_PLACEMENT_3D('',#5185,#4061,#4062);
#3575=AXIS2_PLACEMENT_3D('',#5186,#4063,#4064);
#3576=AXIS2_PLACEMENT_3D('',#5189,#4065,#4066);
#3577=AXIS2_PLACEMENT_3D('',#5193,#4068,#4069);
#3578=AXIS2_PLACEMENT_3D('',#5195,#4070,#4071);
#3579=AXIS2_PLACEMENT_3D('',#5197,#4072,#4073);
#3580=AXIS2_PLACEMENT_3D('',#5201,#4075,#4076);
#3581=AXIS2_PLACEMENT_3D('',#5202,#4077,#4078);
#3582=AXIS2_PLACEMENT_3D('',#5205,#4079,#4080);
#3583=AXIS2_PLACEMENT_3D('',#5209,#4082,#4083);
#3584=AXIS2_PLACEMENT_3D('',#5211,#4084,#4085);
#3585=AXIS2_PLACEMENT_3D('',#5213,#4086,#4087);
#3586=AXIS2_PLACEMENT_3D('',#5217,#4089,#4090);
#3587=AXIS2_PLACEMENT_3D('',#5218,#4091,#4092);
#3588=AXIS2_PLACEMENT_3D('',#5221,#4093,#4094);
#3589=AXIS2_PLACEMENT_3D('',#5225,#4096,#4097);
#3590=AXIS2_PLACEMENT_3D('',#5227,#4098,#4099);
#3591=AXIS2_PLACEMENT_3D('',#5229,#4100,#4101);
#3592=AXIS2_PLACEMENT_3D('',#5233,#4103,#4104);
#3593=AXIS2_PLACEMENT_3D('',#5237,#4106,#4107);
#3594=AXIS2_PLACEMENT_3D('',#5241,#4109,#4110);
#3595=AXIS2_PLACEMENT_3D('',#5243,#4111,#4112);
#3596=AXIS2_PLACEMENT_3D('',#5245,#4113,#4114);
#3597=AXIS2_PLACEMENT_3D('',#5249,#4116,#4117);
#3598=AXIS2_PLACEMENT_3D('',#5253,#4119,#4120);
#3599=AXIS2_PLACEMENT_3D('',#5257,#4122,#4123);
#3600=AXIS2_PLACEMENT_3D('',#5261,#4125,#4126);
#3601=AXIS2_PLACEMENT_3D('',#5263,#4127,#4128);
#3602=AXIS2_PLACEMENT_3D('',#5265,#4129,#4130);
#3603=AXIS2_PLACEMENT_3D('',#5269,#4132,#4133);
#3604=AXIS2_PLACEMENT_3D('',#5273,#4135,#4136);
#3605=AXIS2_PLACEMENT_3D('',#5277,#4138,#4139);
#3606=AXIS2_PLACEMENT_3D('',#5279,#4140,#4141);
#3607=AXIS2_PLACEMENT_3D('',#5281,#4142,#4143);
#3608=AXIS2_PLACEMENT_3D('',#5285,#4145,#4146);
#3609=AXIS2_PLACEMENT_3D('',#5287,#4147,#4148);
#3610=AXIS2_PLACEMENT_3D('',#5289,#4149,#4150);
#3611=AXIS2_PLACEMENT_3D('',#5290,#4151,#4152);
#3612=AXIS2_PLACEMENT_3D('',#5292,#4153,#4154);
#3613=AXIS2_PLACEMENT_3D('',#5294,#4155,#4156);
#3614=AXIS2_PLACEMENT_3D('',#5296,#4157,#4158);
#3615=AXIS2_PLACEMENT_3D('',#5298,#4159,#4160);
#3616=AXIS2_PLACEMENT_3D('',#5299,#4161,#4162);
#3617=AXIS2_PLACEMENT_3D('',#5302,#4163,#4164);
#3618=AXIS2_PLACEMENT_3D('',#5306,#4166,#4167);
#3619=AXIS2_PLACEMENT_3D('',#5310,#4169,#4170);
#3620=AXIS2_PLACEMENT_3D('',#5314,#4172,#4173);
#3621=AXIS2_PLACEMENT_3D('',#5318,#4175,#4176);
#3622=AXIS2_PLACEMENT_3D('',#5322,#4178,#4179);
#3623=AXIS2_PLACEMENT_3D('',#5324,#4180,#4181);
#3624=AXIS2_PLACEMENT_3D('',#5326,#4182,#4183);
#3625=AXIS2_PLACEMENT_3D('',#5330,#4185,#4186);
#3626=AXIS2_PLACEMENT_3D('',#5332,#4187,#4188);
#3627=AXIS2_PLACEMENT_3D('',#5334,#4189,#4190);
#3628=AXIS2_PLACEMENT_3D('',#5338,#4192,#4193);
#3629=AXIS2_PLACEMENT_3D('',#5340,#4194,#4195);
#3630=AXIS2_PLACEMENT_3D('',#5342,#4196,#4197);
#3631=AXIS2_PLACEMENT_3D('',#5346,#4199,#4200);
#3632=AXIS2_PLACEMENT_3D('',#5348,#4201,#4202);
#3633=AXIS2_PLACEMENT_3D('',#5350,#4203,#4204);
#3634=AXIS2_PLACEMENT_3D('',#5354,#4206,#4207);
#3635=AXIS2_PLACEMENT_3D('',#5358,#4209,#4210);
#3636=AXIS2_PLACEMENT_3D('',#5362,#4212,#4213);
#3637=AXIS2_PLACEMENT_3D('',#5364,#4214,#4215);
#3638=AXIS2_PLACEMENT_3D('',#5366,#4216,#4217);
#3639=AXIS2_PLACEMENT_3D('',#5370,#4219,#4220);
#3640=AXIS2_PLACEMENT_3D('',#5371,#4221,#4222);
#3641=AXIS2_PLACEMENT_3D('',#5373,#4223,#4224);
#3642=AXIS2_PLACEMENT_3D('',#5375,#4225,#4226);
#3643=AXIS2_PLACEMENT_3D('',#5377,#4227,#4228);
#3644=AXIS2_PLACEMENT_3D('',#5379,#4229,#4230);
#3645=AXIS2_PLACEMENT_3D('',#5381,#4231,#4232);
#3646=AXIS2_PLACEMENT_3D('',#5383,#4233,#4234);
#3647=AXIS2_PLACEMENT_3D('',#5385,#4235,#4236);
#3648=AXIS2_PLACEMENT_3D('',#5387,#4237,#4238);
#3649=AXIS2_PLACEMENT_3D('',#5392,#4240,#4241);
#3650=AXIS2_PLACEMENT_3D('',#5396,#4243,#4244);
#3651=AXIS2_PLACEMENT_3D('',#5400,#4246,#4247);
#3652=AXIS2_PLACEMENT_3D('',#5404,#4249,#4250);
#3653=AXIS2_PLACEMENT_3D('',#5408,#4252,#4253);
#3654=AXIS2_PLACEMENT_3D('',#5412,#4255,#4256);
#3655=AXIS2_PLACEMENT_3D('',#5413,#4257,#4258);
#3656=AXIS2_PLACEMENT_3D('',#5416,#4259,#4260);
#3657=AXIS2_PLACEMENT_3D('',#5420,#4262,#4263);
#3658=AXIS2_PLACEMENT_3D('',#5422,#4264,#4265);
#3659=AXIS2_PLACEMENT_3D('',#5424,#4266,#4267);
#3660=AXIS2_PLACEMENT_3D('',#5428,#4269,#4270);
#3661=AXIS2_PLACEMENT_3D('',#5432,#4272,#4273);
#3662=AXIS2_PLACEMENT_3D('',#5434,#4274,#4275);
#3663=AXIS2_PLACEMENT_3D('',#5436,#4276,#4277);
#3664=AXIS2_PLACEMENT_3D('',#5440,#4279,#4280);
#3665=AXIS2_PLACEMENT_3D('',#5442,#4281,#4282);
#3666=AXIS2_PLACEMENT_3D('',#5444,#4283,#4284);
#3667=AXIS2_PLACEMENT_3D('',#5445,#4285,#4286);
#3668=AXIS2_PLACEMENT_3D('',#5448,#4287,#4288);
#3669=AXIS2_PLACEMENT_3D('',#5452,#4290,#4291);
#3670=AXIS2_PLACEMENT_3D('',#5456,#4293,#4294);
#3671=AXIS2_PLACEMENT_3D('',#5460,#4296,#4297);
#3672=AXIS2_PLACEMENT_3D('',#5464,#4299,#4300);
#3673=AXIS2_PLACEMENT_3D('',#5465,#4301,#4302);
#3674=AXIS2_PLACEMENT_3D('',#5468,#4303,#4304);
#3675=AXIS2_PLACEMENT_3D('',#5472,#4306,#4307);
#3676=AXIS2_PLACEMENT_3D('',#5474,#4308,#4309);
#3677=AXIS2_PLACEMENT_3D('',#5476,#4310,#4311);
#3678=AXIS2_PLACEMENT_3D('',#5480,#4313,#4314);
#3679=AXIS2_PLACEMENT_3D('',#5481,#4315,#4316);
#3680=AXIS2_PLACEMENT_3D('',#5484,#4317,#4318);
#3681=AXIS2_PLACEMENT_3D('',#5488,#4320,#4321);
#3682=AXIS2_PLACEMENT_3D('',#5490,#4322,#4323);
#3683=AXIS2_PLACEMENT_3D('',#5492,#4324,#4325);
#3684=AXIS2_PLACEMENT_3D('',#5496,#4327,#4328);
#3685=AXIS2_PLACEMENT_3D('',#5497,#4329,#4330);
#3686=AXIS2_PLACEMENT_3D('',#5501,#4332,#4333);
#3687=AXIS2_PLACEMENT_3D('',#5505,#4335,#4336);
#3688=AXIS2_PLACEMENT_3D('',#5509,#4338,#4339);
#3689=AXIS2_PLACEMENT_3D('',#5515,#4344,#4345);
#3690=AXIS2_PLACEMENT_3D('',#5519,#4347,#4348);
#3691=AXIS2_PLACEMENT_3D('',#5526,#4352,#4353);
#3692=AXIS2_PLACEMENT_3D('',#5530,#4355,#4356);
#3693=AXIS2_PLACEMENT_3D('',#5531,#4357,#4358);
#3694=AXIS2_PLACEMENT_3D('',#5534,#4360,#4361);
#3695=AXIS2_PLACEMENT_3D('',#5544,#4367,#4368);
#3696=AXIS2_PLACEMENT_3D('',#5548,#4370,#4371);
#3697=AXIS2_PLACEMENT_3D('',#5557,#4377,#4378);
#3698=AXIS2_PLACEMENT_3D('',#5561,#4380,#4381);
#3699=AXIS2_PLACEMENT_3D('',#5562,#4382,#4383);
#3700=AXIS2_PLACEMENT_3D('',#5565,#4385,#4386);
#3701=AXIS2_PLACEMENT_3D('',#5569,#4388,#4389);
#3702=AXIS2_PLACEMENT_3D('',#5573,#4391,#4392);
#3703=AXIS2_PLACEMENT_3D('',#5578,#4395,#4396);
#3704=AXIS2_PLACEMENT_3D('',#5581,#4398,#4399);
#3705=AXIS2_PLACEMENT_3D('',#5591,#4405,#4406);
#3706=AXIS2_PLACEMENT_3D('',#5595,#4408,#4409);
#3707=AXIS2_PLACEMENT_3D('',#5599,#4411,#4412);
#3708=AXIS2_PLACEMENT_3D('',#5603,#4414,#4415);
#3709=AXIS2_PLACEMENT_3D('',#5609,#4420,#4421);
#3710=AXIS2_PLACEMENT_3D('',#5613,#4423,#4424);
#3711=AXIS2_PLACEMENT_3D('',#5620,#4428,#4429);
#3712=AXIS2_PLACEMENT_3D('',#5624,#4431,#4432);
#3713=AXIS2_PLACEMENT_3D('',#5625,#4433,#4434);
#3714=AXIS2_PLACEMENT_3D('',#5628,#4436,#4437);
#3715=AXIS2_PLACEMENT_3D('',#5638,#4443,#4444);
#3716=AXIS2_PLACEMENT_3D('',#5641,#4447,#4448);
#3717=AXIS2_PLACEMENT_3D('',#5644,#4451,#4452);
#3718=AXIS2_PLACEMENT_3D('',#5647,#4455,#4456);
#3719=AXIS2_PLACEMENT_3D('',#5648,#4457,#4458);
#3720=AXIS2_PLACEMENT_3D('',#5650,#4459,#4460);
#3721=AXIS2_PLACEMENT_3D('',#5652,#4461,#4462);
#3722=AXIS2_PLACEMENT_3D('',#5654,#4463,#4464);
#3723=AXIS2_PLACEMENT_3D('',#5656,#4465,#4466);
#3724=AXIS2_PLACEMENT_3D('',#5659,#4468,#4469);
#3725=AXIS2_PLACEMENT_3D('',#5663,#4472,#4473);
#3726=AXIS2_PLACEMENT_3D('',#5664,#4474,#4475);
#3727=AXIS2_PLACEMENT_3D('',#5668,#4478,#4479);
#3728=AXIS2_PLACEMENT_3D('',#5669,#4480,#4481);
#3729=AXIS2_PLACEMENT_3D('',#5671,#4483,#4484);
#3730=AXIS2_PLACEMENT_3D('',#5672,#4485,#4486);
#3731=AXIS2_PLACEMENT_3D('',#5674,#4487,#4488);
#3732=AXIS2_PLACEMENT_3D('',#5676,#4489,#4490);
#3733=AXIS2_PLACEMENT_3D('',#5678,#4491,#4492);
#3734=AXIS2_PLACEMENT_3D('',#5680,#4493,#4494);
#3735=AXIS2_PLACEMENT_3D('',#5682,#4495,#4496);
#3736=AXIS2_PLACEMENT_3D('',#5684,#4498,#4499);
#3737=AXIS2_PLACEMENT_3D('',#5685,#4500,#4501);
#3738=AXIS2_PLACEMENT_3D('',#5687,#4502,#4503);
#3739=AXIS2_PLACEMENT_3D('',#5689,#4504,#4505);
#3740=AXIS2_PLACEMENT_3D('',#5691,#4506,#4507);
#3741=AXIS2_PLACEMENT_3D('',#5693,#4508,#4509);
#3742=AXIS2_PLACEMENT_3D('',#5696,#4511,#4512);
#3743=AXIS2_PLACEMENT_3D('',#5700,#4515,#4516);
#3744=AXIS2_PLACEMENT_3D('',#5701,#4517,#4518);
#3745=AXIS2_PLACEMENT_3D('',#5705,#4521,#4522);
#3746=AXIS2_PLACEMENT_3D('',#5706,#4523,#4524);
#3747=AXIS2_PLACEMENT_3D('',#5708,#4526,#4527);
#3748=AXIS2_PLACEMENT_3D('',#5709,#4528,#4529);
#3749=AXIS2_PLACEMENT_3D('',#5711,#4530,#4531);
#3750=AXIS2_PLACEMENT_3D('',#5713,#4532,#4533);
#3751=AXIS2_PLACEMENT_3D('',#5715,#4534,#4535);
#3752=AXIS2_PLACEMENT_3D('',#5717,#4536,#4537);
#3753=AXIS2_PLACEMENT_3D('',#5719,#4538,#4539);
#3754=AXIS2_PLACEMENT_3D('',#5721,#4541,#4542);
#3755=AXIS2_PLACEMENT_3D('',#5722,#4543,#4544);
#3756=AXIS2_PLACEMENT_3D('',#5724,#4545,#4546);
#3757=AXIS2_PLACEMENT_3D('',#5726,#4547,#4548);
#3758=AXIS2_PLACEMENT_3D('',#5728,#4549,#4550);
#3759=AXIS2_PLACEMENT_3D('',#5730,#4551,#4552);
#3760=AXIS2_PLACEMENT_3D('',#5733,#4554,#4555);
#3761=AXIS2_PLACEMENT_3D('',#5737,#4558,#4559);
#3762=AXIS2_PLACEMENT_3D('',#5738,#4560,#4561);
#3763=AXIS2_PLACEMENT_3D('',#5742,#4564,#4565);
#3764=AXIS2_PLACEMENT_3D('',#5743,#4566,#4567);
#3765=AXIS2_PLACEMENT_3D('',#5745,#4569,#4570);
#3766=AXIS2_PLACEMENT_3D('',#5746,#4571,#4572);
#3767=AXIS2_PLACEMENT_3D('',#5748,#4573,#4574);
#3768=AXIS2_PLACEMENT_3D('',#5750,#4575,#4576);
#3769=AXIS2_PLACEMENT_3D('',#5752,#4577,#4578);
#3770=AXIS2_PLACEMENT_3D('',#5754,#4579,#4580);
#3771=AXIS2_PLACEMENT_3D('',#5756,#4581,#4582);
#3772=AXIS2_PLACEMENT_3D('',#5758,#4584,#4585);
#3773=AXIS2_PLACEMENT_3D('',#5759,#4586,#4587);
#3774=AXIS2_PLACEMENT_3D('',#5761,#4588,#4589);
#3775=AXIS2_PLACEMENT_3D('',#5762,#4590,#4591);
#3776=AXIS2_PLACEMENT_3D('',#5763,#4592,#4593);
#3777=AXIS2_PLACEMENT_3D('',#5765,#4594,#4595);
#3778=AXIS2_PLACEMENT_3D('',#5766,#4596,#4597);
#3779=AXIS2_PLACEMENT_3D('',#5767,#4598,#4599);
#3780=AXIS2_PLACEMENT_3D('',#5769,#4600,#4601);
#3781=AXIS2_PLACEMENT_3D('',#5770,#4602,#4603);
#3782=AXIS2_PLACEMENT_3D('',#5771,#4604,#4605);
#3783=AXIS2_PLACEMENT_3D('',#5773,#4606,#4607);
#3784=AXIS2_PLACEMENT_3D('',#5774,#4608,#4609);
#3785=AXIS2_PLACEMENT_3D('',#5775,#4610,#4611);
#3786=AXIS2_PLACEMENT_3D('',#5778,#4614,#4615);
#3787=AXIS2_PLACEMENT_3D('',#5781,#4618,#4619);
#3788=AXIS2_PLACEMENT_3D('',#5782,#4620,#4621);
#3789=AXIS2_PLACEMENT_3D('',#5784,#4622,#4623);
#3790=AXIS2_PLACEMENT_3D('',#5785,#4624,#4625);
#3791=AXIS2_PLACEMENT_3D('',#5786,#4626,#4627);
#3792=AXIS2_PLACEMENT_3D('',#5788,#4628,#4629);
#3793=AXIS2_PLACEMENT_3D('',#5789,#4630,#4631);
#3794=AXIS2_PLACEMENT_3D('',#5790,#4632,#4633);
#3795=AXIS2_PLACEMENT_3D('',#5792,#4634,#4635);
#3796=AXIS2_PLACEMENT_3D('',#5793,#4636,#4637);
#3797=AXIS2_PLACEMENT_3D('',#5794,#4638,#4639);
#3798=AXIS2_PLACEMENT_3D('',#5796,#4640,#4641);
#3799=AXIS2_PLACEMENT_3D('',#5797,#4642,#4643);
#3800=AXIS2_PLACEMENT_3D('',#5798,#4644,#4645);
#3801=AXIS2_PLACEMENT_3D('',#5801,#4648,#4649);
#3802=AXIS2_PLACEMENT_3D('',#5804,#4652,#4653);
#3803=AXIS2_PLACEMENT_3D('',#5805,#4654,#4655);
#3804=AXIS2_PLACEMENT_3D('',#5807,#4656,#4657);
#3805=AXIS2_PLACEMENT_3D('',#5808,#4658,#4659);
#3806=AXIS2_PLACEMENT_3D('',#5809,#4660,#4661);
#3807=AXIS2_PLACEMENT_3D('',#5811,#4662,#4663);
#3808=AXIS2_PLACEMENT_3D('',#5812,#4664,#4665);
#3809=AXIS2_PLACEMENT_3D('',#5813,#4666,#4667);
#3810=AXIS2_PLACEMENT_3D('',#5815,#4668,#4669);
#3811=AXIS2_PLACEMENT_3D('',#5816,#4670,#4671);
#3812=AXIS2_PLACEMENT_3D('',#5817,#4672,#4673);
#3813=AXIS2_PLACEMENT_3D('',#5819,#4674,#4675);
#3814=AXIS2_PLACEMENT_3D('',#5820,#4676,#4677);
#3815=AXIS2_PLACEMENT_3D('',#5821,#4678,#4679);
#3816=AXIS2_PLACEMENT_3D('',#5824,#4682,#4683);
#3817=AXIS2_PLACEMENT_3D('',#5827,#4686,#4687);
#3818=AXIS2_PLACEMENT_3D('',#5828,#4688,#4689);
#3819=AXIS2_PLACEMENT_3D('',#5829,#4690,#4691);
#3820=AXIS2_PLACEMENT_3D('',#5830,#4692,#4693);
#3821=AXIS2_PLACEMENT_3D('',#5831,#4694,#4695);
#3822=AXIS2_PLACEMENT_3D('',#5832,#4696,#4697);
#3823=AXIS2_PLACEMENT_3D('',#5833,#4698,#4699);
#3824=AXIS2_PLACEMENT_3D('',#5834,#4700,#4701);
#3825=AXIS2_PLACEMENT_3D('',#5835,#4702,#4703);
#3826=AXIS2_PLACEMENT_3D('',#5836,#4704,#4705);
#3827=AXIS2_PLACEMENT_3D('',#5837,#4706,#4707);
#3828=AXIS2_PLACEMENT_3D('',#5838,#4708,#4709);
#3829=AXIS2_PLACEMENT_3D('',#5839,#4710,#4711);
#3830=AXIS2_PLACEMENT_3D('',#5840,#4712,#4713);
#3831=AXIS2_PLACEMENT_3D('',#5841,#4714,#4715);
#3832=AXIS2_PLACEMENT_3D('',#5842,#4716,#4717);
#3833=AXIS2_PLACEMENT_3D('',#5843,#4718,#4719);
#3834=AXIS2_PLACEMENT_3D('',#5844,#4720,#4721);
#3835=AXIS2_PLACEMENT_3D('',#5845,#4722,#4723);
#3836=AXIS2_PLACEMENT_3D('',#5846,#4724,#4725);
#3837=AXIS2_PLACEMENT_3D('',#5847,#4726,#4727);
#3838=AXIS2_PLACEMENT_3D('',#5848,#4728,#4729);
#3839=AXIS2_PLACEMENT_3D('',#5849,#4730,#4731);
#3840=AXIS2_PLACEMENT_3D('',#5850,#4732,#4733);
#3841=AXIS2_PLACEMENT_3D('',#5852,#4734,#4735);
#3842=AXIS2_PLACEMENT_3D('',#5853,#4736,#4737);
#3843=AXIS2_PLACEMENT_3D('',#5855,#4738,#4739);
#3844=AXIS2_PLACEMENT_3D('',#5856,#4740,#4741);
#3845=AXIS2_PLACEMENT_3D('',#5858,#4742,#4743);
#3846=AXIS2_PLACEMENT_3D('',#5859,#4744,#4745);
#3847=AXIS2_PLACEMENT_3D('',#5861,#4746,#4747);
#3848=AXIS2_PLACEMENT_3D('',#5862,#4748,#4749);
#3849=AXIS2_PLACEMENT_3D('',#5864,#4750,#4751);
#3850=AXIS2_PLACEMENT_3D('',#5865,#4752,#4753);
#3851=AXIS2_PLACEMENT_3D('',#5867,#4754,#4755);
#3852=AXIS2_PLACEMENT_3D('',#5868,#4756,#4757);
#3853=AXIS2_PLACEMENT_3D('',#5870,#4758,#4759);
#3854=AXIS2_PLACEMENT_3D('',#5871,#4760,#4761);
#3855=AXIS2_PLACEMENT_3D('',#5873,#4762,#4763);
#3856=AXIS2_PLACEMENT_3D('',#5874,#4764,#4765);
#3857=AXIS2_PLACEMENT_3D('',#5876,#4766,#4767);
#3858=AXIS2_PLACEMENT_3D('',#5877,#4768,#4769);
#3859=AXIS2_PLACEMENT_3D('',#5879,#4770,#4771);
#3860=AXIS2_PLACEMENT_3D('',#5880,#4772,#4773);
#3861=AXIS2_PLACEMENT_3D('',#5882,#4774,#4775);
#3862=AXIS2_PLACEMENT_3D('',#5883,#4776,#4777);
#3863=AXIS2_PLACEMENT_3D('',#5885,#4778,#4779);
#3864=AXIS2_PLACEMENT_3D('',#5886,#4780,#4781);
#3865=AXIS2_PLACEMENT_3D('',#5888,#4782,#4783);
#3866=AXIS2_PLACEMENT_3D('',#5889,#4784,#4785);
#3867=AXIS2_PLACEMENT_3D('',#5891,#4786,#4787);
#3868=AXIS2_PLACEMENT_3D('',#5892,#4788,#4789);
#3869=AXIS2_PLACEMENT_3D('',#5894,#4790,#4791);
#3870=AXIS2_PLACEMENT_3D('',#5895,#4792,#4793);
#3871=AXIS2_PLACEMENT_3D('',#5897,#4794,#4795);
#3872=AXIS2_PLACEMENT_3D('',#5900,#4798,#4799);
#3873=AXIS2_PLACEMENT_3D('',#5903,#4802,#4803);
#3874=AXIS2_PLACEMENT_3D('',#5906,#4806,#4807);
#3875=AXIS2_PLACEMENT_3D('',#5909,#4810,#4811);
#3876=AXIS2_PLACEMENT_3D('',#5912,#4814,#4815);
#3877=AXIS2_PLACEMENT_3D('',#5915,#4818,#4819);
#3878=AXIS2_PLACEMENT_3D('',#5918,#4822,#4823);
#3879=AXIS2_PLACEMENT_3D('',#5921,#4826,#4827);
#3880=AXIS2_PLACEMENT_3D('',#5924,#4830,#4831);
#3881=AXIS2_PLACEMENT_3D('',#5927,#4834,#4835);
#3882=AXIS2_PLACEMENT_3D('',#5930,#4838,#4839);
#3883=AXIS2_PLACEMENT_3D('',#5933,#4842,#4843);
#3884=AXIS2_PLACEMENT_3D('',#5936,#4846,#4847);
#3885=AXIS2_PLACEMENT_3D('',#5939,#4850,#4851);
#3886=AXIS2_PLACEMENT_3D('',#5942,#4854,#4855);
#3887=AXIS2_PLACEMENT_3D('',#5945,#4858,#4859);
#3888=AXIS2_PLACEMENT_3D('',#5948,#4862,#4863);
#3889=AXIS2_PLACEMENT_3D('',#5951,#4866,#4867);
#3890=AXIS2_PLACEMENT_3D('',#5954,#4870,#4871);
#3891=AXIS2_PLACEMENT_3D('',#5957,#4874,#4875);
#3892=AXIS2_PLACEMENT_3D('',#5960,#4878,#4879);
#3893=AXIS2_PLACEMENT_3D('',#5963,#4882,#4883);
#3894=AXIS2_PLACEMENT_3D('',#5966,#4886,#4887);
#3895=AXIS2_PLACEMENT_3D('',#5969,#4890,#4891);
#3896=AXIS2_PLACEMENT_3D('',#5972,#4894,#4895);
#3897=AXIS2_PLACEMENT_3D('',#5975,#4898,#4899);
#3898=AXIS2_PLACEMENT_3D('',#5978,#4902,#4903);
#3899=AXIS2_PLACEMENT_3D('',#5981,#4906,#4907);
#3900=AXIS2_PLACEMENT_3D('',#5984,#4910,#4911);
#3901=AXIS2_PLACEMENT_3D('',#5987,#4914,#4915);
#3902=AXIS2_PLACEMENT_3D('',#5990,#4918,#4919);
#3903=AXIS2_PLACEMENT_3D('',#5993,#4922,#4923);
#3904=AXIS2_PLACEMENT_3D('',#5996,#4926,#4927);
#3905=AXIS2_PLACEMENT_3D('',#5999,#4930,#4931);
#3906=AXIS2_PLACEMENT_3D('',#6002,#4934,#4935);
#3907=AXIS2_PLACEMENT_3D('',#6005,#4938,#4939);
#3908=AXIS2_PLACEMENT_3D('',#6008,#4942,#4943);
#3909=AXIS2_PLACEMENT_3D('',#6011,#4946,#4947);
#3910=AXIS2_PLACEMENT_3D('',#6014,#4950,#4951);
#3911=AXIS2_PLACEMENT_3D('',#6015,#4952,#4953);
#3912=AXIS2_PLACEMENT_3D('',#6016,#4954,#4955);
#3913=AXIS2_PLACEMENT_3D('',#6017,#4956,#4957);
#3914=AXIS2_PLACEMENT_3D('',#6018,#4958,#4959);
#3915=AXIS2_PLACEMENT_3D('',#6019,#4960,#4961);
#3916=AXIS2_PLACEMENT_3D('',#6020,#4962,#4963);
#3917=AXIS2_PLACEMENT_3D('',#6021,#4964,#4965);
#3918=AXIS2_PLACEMENT_3D('',#6022,#4966,#4967);
#3919=AXIS2_PLACEMENT_3D('',#6023,#4968,#4969);
#3920=AXIS2_PLACEMENT_3D('',#6024,#4970,#4971);
#3921=AXIS2_PLACEMENT_3D('',#6025,#4972,#4973);
#3922=AXIS2_PLACEMENT_3D('',#6026,#4974,#4975);
#3923=AXIS2_PLACEMENT_3D('',#6027,#4976,#4977);
#3924=AXIS2_PLACEMENT_3D('',#6028,#4978,#4979);
#3925=AXIS2_PLACEMENT_3D('',#6029,#4980,#4981);
#3926=AXIS2_PLACEMENT_3D('',#6030,#4982,#4983);
#3927=AXIS2_PLACEMENT_3D('',#6031,#4984,#4985);
#3928=AXIS2_PLACEMENT_3D('',#6032,#4986,#4987);
#3929=AXIS2_PLACEMENT_3D('',#6033,#4988,#4989);
#3930=AXIS2_PLACEMENT_3D('',#6034,#4990,#4991);
#3931=AXIS2_PLACEMENT_3D('',#6035,#4992,#4993);
#3932=AXIS2_PLACEMENT_3D('',#6036,#4994,#4995);
#3933=AXIS2_PLACEMENT_3D('',#6037,#4996,#4997);
#3934=AXIS2_PLACEMENT_3D('',#6038,#4998,#4999);
#3935=AXIS2_PLACEMENT_3D('',#6039,#5000,#5001);
#3936=AXIS2_PLACEMENT_3D('',#6040,#5002,#5003);
#3937=AXIS2_PLACEMENT_3D('',#6041,#5004,#5005);
#3938=AXIS2_PLACEMENT_3D('',#6042,#5006,#5007);
#3939=AXIS2_PLACEMENT_3D('',#6043,#5008,#5009);
#3940=AXIS2_PLACEMENT_3D('',#6044,#5010,#5011);
#3941=AXIS2_PLACEMENT_3D('',#6045,#5012,#5013);
#3942=AXIS2_PLACEMENT_3D('',#6046,#5014,#5015);
#3943=AXIS2_PLACEMENT_3D('',#6047,#5016,#5017);
#3944=AXIS2_PLACEMENT_3D('',#6048,#5018,#5019);
#3945=AXIS2_PLACEMENT_3D('',#6049,#5020,#5021);
#3946=AXIS2_PLACEMENT_3D('',#6050,#5022,#5023);
#3947=AXIS2_PLACEMENT_3D('',#6051,#5024,#5025);
#3948=AXIS2_PLACEMENT_3D('',#6052,#5026,#5027);
#3949=AXIS2_PLACEMENT_3D('',#6053,#5028,#5029);
#3950=AXIS2_PLACEMENT_3D('',#6054,#5030,#5031);
#3951=AXIS2_PLACEMENT_3D('',#6055,#5032,#5033);
#3952=AXIS2_PLACEMENT_3D('',#6056,#5034,#5035);
#3953=AXIS2_PLACEMENT_3D('',#6057,#5036,#5037);
#3954=AXIS2_PLACEMENT_3D('',#6058,#5038,#5039);
#3955=AXIS2_PLACEMENT_3D('',#6059,#5040,#5041);
#3956=AXIS2_PLACEMENT_3D('',#6060,#5042,#5043);
#3957=DIRECTION('',(0.,0.,1.));
#3958=DIRECTION('',(1.,0.,0.));
#3959=DIRECTION('',(0.,0.,1.));
#3960=DIRECTION('',(1.,0.,0.));
#3961=DIRECTION('',(0.,0.,-1.));
#3962=DIRECTION('',(1.,0.,0.));
#3963=DIRECTION('',(0.,0.,-1.));
#3964=DIRECTION('',(1.,0.,0.));
#3965=DIRECTION('',(0.,0.,-1.));
#3966=DIRECTION('',(1.,0.,0.));
#3967=DIRECTION('',(0.,0.,-1.));
#3968=DIRECTION('',(1.,0.,0.));
#3969=DIRECTION('',(-0.866025403784439,-0.5,0.));
#3970=DIRECTION('',(0.,0.,1.));
#3971=DIRECTION('',(1.,0.,0.));
#3972=DIRECTION('',(0.,0.,1.));
#3973=DIRECTION('',(1.,0.,0.));
#3974=DIRECTION('',(0.,0.,1.));
#3975=DIRECTION('',(1.,0.,0.));
#3976=DIRECTION('',(-4.4068773779038E-17,-1.,0.));
#3977=DIRECTION('',(0.,0.,1.));
#3978=DIRECTION('',(1.,0.,0.));
#3979=DIRECTION('',(0.,0.,1.));
#3980=DIRECTION('',(1.,0.,0.));
#3981=DIRECTION('',(0.,0.,1.));
#3982=DIRECTION('',(1.,0.,0.));
#3983=DIRECTION('',(0.,0.,1.));
#3984=DIRECTION('',(1.,0.,0.));
#3985=DIRECTION('',(-1.,1.32169407693471E-16,0.));
#3986=DIRECTION('',(0.,0.,1.));
#3987=DIRECTION('',(1.,0.,0.));
#3988=DIRECTION('',(-0.5,-0.866025403784439,0.));
#3989=DIRECTION('',(0.866025403784437,-0.5,0.));
#3990=DIRECTION('',(-0.5,-0.866025403784439,0.));
#3991=DIRECTION('',(0.866025403784439,-0.5,0.));
#3992=DIRECTION('',(0.5,0.866025403784439,0.));
#3993=DIRECTION('',(0.866025403784438,-0.5,0.));
#3994=DIRECTION('',(0.5,0.866025403784439,0.));
#3995=DIRECTION('',(0.,0.,1.));
#3996=DIRECTION('',(1.,0.,0.));
#3997=DIRECTION('',(0.866025403784439,-0.5,0.));
#3998=DIRECTION('',(-0.5,-0.866025403784439,0.));
#3999=DIRECTION('',(0.,0.,1.));
#4000=DIRECTION('',(1.,0.,0.));
#4001=DIRECTION('',(0.5,-0.866025403784439,0.));
#4002=DIRECTION('',(0.,0.,1.));
#4003=DIRECTION('',(1.,0.,0.));
#4004=DIRECTION('',(1.,1.32169407693471E-16,0.));
#4005=DIRECTION('',(0.,1.,0.));
#4006=DIRECTION('',(1.,0.,0.));
#4007=DIRECTION('',(-1.8454505063583E-16,1.,0.));
#4008=DIRECTION('',(-1.,0.,0.));
#4009=DIRECTION('',(0.,1.,0.));
#4010=DIRECTION('',(-1.,0.,0.));
#4011=DIRECTION('',(0.,0.,1.));
#4012=DIRECTION('',(1.,0.,0.));
#4013=DIRECTION('',(0.,1.,0.));
#4014=DIRECTION('',(1.,1.32169407693471E-16,0.));
#4015=DIRECTION('',(0.,0.,1.));
#4016=DIRECTION('',(1.,0.,0.));
#4017=DIRECTION('',(0.5,0.866025403784439,0.));
#4018=DIRECTION('',(0.,0.,1.));
#4019=DIRECTION('',(1.,0.,0.));
#4020=DIRECTION('',(-0.5,0.866025403784439,0.));
#4021=DIRECTION('',(-0.866025403784438,-0.5,0.));
#4022=DIRECTION('',(-0.5,0.866025403784439,0.));
#4023=DIRECTION('',(-0.866025403784439,-0.5,0.));
#4024=DIRECTION('',(0.5,-0.866025403784439,0.));
#4025=DIRECTION('',(-0.866025403784439,-0.5,0.));
#4026=DIRECTION('',(0.5,-0.866025403784439,0.));
#4027=DIRECTION('',(0.,0.,1.));
#4028=DIRECTION('',(1.,0.,0.));
#4029=DIRECTION('',(-0.866025403784439,-0.5,0.));
#4030=DIRECTION('',(-0.5,0.866025403784439,0.));
#4031=DIRECTION('',(0.,0.,1.));
#4032=DIRECTION('',(1.,0.,0.));
#4033=DIRECTION('',(0.5,-0.866025403784439,0.));
#4034=DIRECTION('',(0.,0.,1.));
#4035=DIRECTION('',(1.,0.,0.));
#4036=DIRECTION('',(0.5,0.866025403784439,0.));
#4037=DIRECTION('',(0.,0.,1.));
#4038=DIRECTION('',(1.,0.,0.));
#4039=DIRECTION('',(0.866025403784439,-0.5,0.));
#4040=DIRECTION('',(0.,0.,1.));
#4041=DIRECTION('',(1.,0.,0.));
#4042=DIRECTION('',(0.,0.,1.));
#4043=DIRECTION('',(1.,0.,0.));
#4044=DIRECTION('',(0.,0.,1.));
#4045=DIRECTION('',(1.,0.,0.));
#4046=DIRECTION('',(0.866025403784439,0.5,0.));
#4047=DIRECTION('',(0.,0.,1.));
#4048=DIRECTION('',(1.,0.,0.));
#4049=DIRECTION('',(1.66533453693773E-16,1.,0.));
#4050=DIRECTION('',(0.,0.,1.));
#4051=DIRECTION('',(1.,0.,0.));
#4052=DIRECTION('',(0.,0.,1.));
#4053=DIRECTION('',(1.,0.,0.));
#4054=DIRECTION('',(0.,0.,1.));
#4055=DIRECTION('',(1.,0.,0.));
#4056=DIRECTION('',(-0.866025403784439,0.5,0.));
#4057=DIRECTION('',(0.,0.,1.));
#4058=DIRECTION('',(1.,0.,0.));
#4059=DIRECTION('',(0.,0.,1.));
#4060=DIRECTION('',(1.,0.,0.));
#4061=DIRECTION('',(0.,0.,1.));
#4062=DIRECTION('',(1.,0.,0.));
#4063=DIRECTION('',(0.,0.,1.));
#4064=DIRECTION('',(1.,0.,0.));
#4065=DIRECTION('',(0.,0.,1.));
#4066=DIRECTION('',(1.,0.,0.));
#4067=DIRECTION('',(0.866025403784439,0.5,0.));
#4068=DIRECTION('',(0.,0.,1.));
#4069=DIRECTION('',(1.,0.,0.));
#4070=DIRECTION('',(0.,0.,1.));
#4071=DIRECTION('',(1.,0.,0.));
#4072=DIRECTION('',(0.,0.,1.));
#4073=DIRECTION('',(1.,0.,0.));
#4074=DIRECTION('',(0.258819045102521,0.965925826289068,0.));
#4075=DIRECTION('',(0.,0.,1.));
#4076=DIRECTION('',(1.,0.,0.));
#4077=DIRECTION('',(0.,0.,1.));
#4078=DIRECTION('',(1.,0.,0.));
#4079=DIRECTION('',(0.,0.,1.));
#4080=DIRECTION('',(1.,0.,0.));
#4081=DIRECTION('',(-0.866025403784439,0.5,0.));
#4082=DIRECTION('',(0.,0.,1.));
#4083=DIRECTION('',(1.,0.,0.));
#4084=DIRECTION('',(0.,0.,1.));
#4085=DIRECTION('',(1.,0.,0.));
#4086=DIRECTION('',(0.,0.,1.));
#4087=DIRECTION('',(1.,0.,0.));
#4088=DIRECTION('',(-0.965925826289068,-0.258819045102521,0.));
#4089=DIRECTION('',(0.,0.,1.));
#4090=DIRECTION('',(1.,0.,0.));
#4091=DIRECTION('',(0.,0.,1.));
#4092=DIRECTION('',(1.,0.,0.));
#4093=DIRECTION('',(0.,0.,1.));
#4094=DIRECTION('',(1.,0.,0.));
#4095=DIRECTION('',(-3.88578058618805E-16,-1.,0.));
#4096=DIRECTION('',(0.,0.,1.));
#4097=DIRECTION('',(1.,0.,0.));
#4098=DIRECTION('',(0.,0.,1.));
#4099=DIRECTION('',(1.,0.,0.));
#4100=DIRECTION('',(0.,0.,1.));
#4101=DIRECTION('',(1.,0.,0.));
#4102=DIRECTION('',(0.707106781186547,-0.707106781186548,0.));
#4103=DIRECTION('',(0.,0.,1.));
#4104=DIRECTION('',(1.,0.,0.));
#4105=DIRECTION('',(0.5,-0.866025403784439,0.));
#4106=DIRECTION('',(0.,0.,1.));
#4107=DIRECTION('',(1.,0.,0.));
#4108=DIRECTION('',(-0.866025403784439,-0.5,0.));
#4109=DIRECTION('',(0.,0.,1.));
#4110=DIRECTION('',(1.,0.,0.));
#4111=DIRECTION('',(0.,0.,1.));
#4112=DIRECTION('',(1.,0.,0.));
#4113=DIRECTION('',(0.,0.,1.));
#4114=DIRECTION('',(1.,0.,0.));
#4115=DIRECTION('',(-3.24968887446792E-16,-1.,0.));
#4116=DIRECTION('',(0.,0.,1.));
#4117=DIRECTION('',(1.,0.,0.));
#4118=DIRECTION('',(-1.,3.75075346157147E-16,0.));
#4119=DIRECTION('',(0.,0.,1.));
#4120=DIRECTION('',(1.,0.,0.));
#4121=DIRECTION('',(-1.,0.,0.));
#4122=DIRECTION('',(0.,0.,1.));
#4123=DIRECTION('',(1.,0.,0.));
#4124=DIRECTION('',(1.13739110606377E-16,1.,0.));
#4125=DIRECTION('',(0.,0.,1.));
#4126=DIRECTION('',(1.,0.,0.));
#4127=DIRECTION('',(0.,0.,1.));
#4128=DIRECTION('',(1.,0.,0.));
#4129=DIRECTION('',(0.,0.,1.));
#4130=DIRECTION('',(1.,0.,0.));
#4131=DIRECTION('',(-0.866025403784439,0.5,0.));
#4132=DIRECTION('',(0.,0.,1.));
#4133=DIRECTION('',(1.,0.,0.));
#4134=DIRECTION('',(0.5,0.866025403784439,0.));
#4135=DIRECTION('',(0.,0.,1.));
#4136=DIRECTION('',(1.,0.,0.));
#4137=DIRECTION('',(0.866025403784439,-0.5,0.));
#4138=DIRECTION('',(0.,0.,1.));
#4139=DIRECTION('',(1.,0.,0.));
#4140=DIRECTION('',(0.,0.,1.));
#4141=DIRECTION('',(1.,0.,0.));
#4142=DIRECTION('',(0.,0.,1.));
#4143=DIRECTION('',(1.,0.,0.));
#4144=DIRECTION('',(0.866025403784439,0.5,0.));
#4145=DIRECTION('',(0.,0.,1.));
#4146=DIRECTION('',(1.,0.,0.));
#4147=DIRECTION('',(0.,0.,1.));
#4148=DIRECTION('',(1.,0.,0.));
#4149=DIRECTION('',(0.,0.,1.));
#4150=DIRECTION('',(1.,0.,0.));
#4151=DIRECTION('',(0.,0.,1.));
#4152=DIRECTION('',(1.,0.,0.));
#4153=DIRECTION('',(0.,0.,1.));
#4154=DIRECTION('',(1.,0.,0.));
#4155=DIRECTION('',(0.,0.,1.));
#4156=DIRECTION('',(1.,0.,0.));
#4157=DIRECTION('',(0.,0.,1.));
#4158=DIRECTION('',(1.,0.,0.));
#4159=DIRECTION('',(0.,0.,1.));
#4160=DIRECTION('',(1.,0.,0.));
#4161=DIRECTION('',(0.,0.,1.));
#4162=DIRECTION('',(1.,0.,0.));
#4163=DIRECTION('',(0.,0.,1.));
#4164=DIRECTION('',(1.,0.,0.));
#4165=DIRECTION('',(1.13739110606377E-16,1.,0.));
#4166=DIRECTION('',(0.,0.,1.));
#4167=DIRECTION('',(1.,0.,0.));
#4168=DIRECTION('',(-1.,0.,0.));
#4169=DIRECTION('',(0.,0.,1.));
#4170=DIRECTION('',(1.,0.,0.));
#4171=DIRECTION('',(0.5,0.866025403784439,0.));
#4172=DIRECTION('',(0.,0.,1.));
#4173=DIRECTION('',(1.,0.,0.));
#4174=DIRECTION('',(-0.866025403784439,0.5,0.));
#4175=DIRECTION('',(0.,0.,1.));
#4176=DIRECTION('',(1.,0.,0.));
#4177=DIRECTION('',(-3.88578058618804E-16,-1.,0.));
#4178=DIRECTION('',(0.,0.,1.));
#4179=DIRECTION('',(1.,0.,0.));
#4180=DIRECTION('',(0.,0.,1.));
#4181=DIRECTION('',(1.,0.,0.));
#4182=DIRECTION('',(0.,0.,1.));
#4183=DIRECTION('',(1.,0.,0.));
#4184=DIRECTION('',(0.707106781186547,-0.707106781186548,0.));
#4185=DIRECTION('',(0.,0.,1.));
#4186=DIRECTION('',(1.,0.,0.));
#4187=DIRECTION('',(0.,0.,1.));
#4188=DIRECTION('',(1.,0.,0.));
#4189=DIRECTION('',(0.,0.,1.));
#4190=DIRECTION('',(1.,0.,0.));
#4191=DIRECTION('',(0.866025403784439,0.5,0.));
#4192=DIRECTION('',(0.,0.,1.));
#4193=DIRECTION('',(1.,0.,0.));
#4194=DIRECTION('',(0.,0.,1.));
#4195=DIRECTION('',(1.,0.,0.));
#4196=DIRECTION('',(0.,0.,1.));
#4197=DIRECTION('',(1.,0.,0.));
#4198=DIRECTION('',(0.258819045102521,0.965925826289069,0.));
#4199=DIRECTION('',(0.,0.,1.));
#4200=DIRECTION('',(1.,0.,0.));
#4201=DIRECTION('',(0.,0.,1.));
#4202=DIRECTION('',(1.,0.,0.));
#4203=DIRECTION('',(0.,0.,1.));
#4204=DIRECTION('',(1.,0.,0.));
#4205=DIRECTION('',(0.5,0.866025403784439,0.));
#4206=DIRECTION('',(0.,0.,1.));
#4207=DIRECTION('',(1.,0.,0.));
#4208=DIRECTION('',(0.5,-0.866025403784439,0.));
#4209=DIRECTION('',(0.,0.,1.));
#4210=DIRECTION('',(1.,0.,0.));
#4211=DIRECTION('',(0.866025403784439,0.5,0.));
#4212=DIRECTION('',(0.,0.,1.));
#4213=DIRECTION('',(1.,0.,0.));
#4214=DIRECTION('',(0.,0.,1.));
#4215=DIRECTION('',(1.,0.,0.));
#4216=DIRECTION('',(0.,0.,1.));
#4217=DIRECTION('',(1.,0.,0.));
#4218=DIRECTION('',(0.866025403784439,-0.5,0.));
#4219=DIRECTION('',(0.,0.,1.));
#4220=DIRECTION('',(1.,0.,0.));
#4221=DIRECTION('',(0.,0.,1.));
#4222=DIRECTION('',(1.,0.,0.));
#4223=DIRECTION('',(0.,0.,1.));
#4224=DIRECTION('',(1.,0.,0.));
#4225=DIRECTION('',(0.,0.,1.));
#4226=DIRECTION('',(1.,0.,0.));
#4227=DIRECTION('',(0.,0.,1.));
#4228=DIRECTION('',(1.,0.,0.));
#4229=DIRECTION('',(0.,0.,1.));
#4230=DIRECTION('',(1.,0.,0.));
#4231=DIRECTION('',(0.,0.,1.));
#4232=DIRECTION('',(1.,0.,0.));
#4233=DIRECTION('',(0.,0.,1.));
#4234=DIRECTION('',(1.,0.,0.));
#4235=DIRECTION('',(0.,0.,1.));
#4236=DIRECTION('',(1.,0.,0.));
#4237=DIRECTION('',(0.,0.,1.));
#4238=DIRECTION('',(1.,0.,0.));
#4239=DIRECTION('',(-0.5,-0.866025403784439,0.));
#4240=DIRECTION('',(0.,0.,1.));
#4241=DIRECTION('',(1.,0.,0.));
#4242=DIRECTION('',(-1.,1.32169407693471E-16,0.));
#4243=DIRECTION('',(0.,0.,1.));
#4244=DIRECTION('',(1.,0.,0.));
#4245=DIRECTION('',(-0.5,0.866025403784439,0.));
#4246=DIRECTION('',(0.,0.,1.));
#4247=DIRECTION('',(1.,0.,0.));
#4248=DIRECTION('',(0.5,0.866025403784439,0.));
#4249=DIRECTION('',(0.,0.,1.));
#4250=DIRECTION('',(1.,0.,0.));
#4251=DIRECTION('',(1.,1.32169407693471E-16,0.));
#4252=DIRECTION('',(0.,0.,1.));
#4253=DIRECTION('',(1.,0.,0.));
#4254=DIRECTION('',(0.5,-0.866025403784439,0.));
#4255=DIRECTION('',(0.,0.,1.));
#4256=DIRECTION('',(1.,0.,0.));
#4257=DIRECTION('',(0.,0.,1.));
#4258=DIRECTION('',(1.,0.,0.));
#4259=DIRECTION('',(0.,0.,1.));
#4260=DIRECTION('',(1.,0.,0.));
#4261=DIRECTION('',(1.66533453693773E-16,1.,0.));
#4262=DIRECTION('',(0.,0.,1.));
#4263=DIRECTION('',(1.,0.,0.));
#4264=DIRECTION('',(0.,0.,1.));
#4265=DIRECTION('',(1.,0.,0.));
#4266=DIRECTION('',(0.,0.,1.));
#4267=DIRECTION('',(1.,0.,0.));
#4268=DIRECTION('',(-0.866025403784439,0.5,0.));
#4269=DIRECTION('',(0.,0.,1.));
#4270=DIRECTION('',(1.,0.,0.));
#4271=DIRECTION('',(-0.866025403784439,0.5,0.));
#4272=DIRECTION('',(0.,0.,1.));
#4273=DIRECTION('',(1.,0.,0.));
#4274=DIRECTION('',(0.,0.,1.));
#4275=DIRECTION('',(1.,0.,0.));
#4276=DIRECTION('',(0.,0.,1.));
#4277=DIRECTION('',(1.,0.,0.));
#4278=DIRECTION('',(-0.965925826289068,-0.258819045102521,0.));
#4279=DIRECTION('',(0.,0.,1.));
#4280=DIRECTION('',(1.,0.,0.));
#4281=DIRECTION('',(0.,0.,1.));
#4282=DIRECTION('',(1.,0.,0.));
#4283=DIRECTION('',(0.,0.,1.));
#4284=DIRECTION('',(1.,0.,0.));
#4285=DIRECTION('',(0.,0.,1.));
#4286=DIRECTION('',(1.,0.,0.));
#4287=DIRECTION('',(0.,0.,1.));
#4288=DIRECTION('',(1.,0.,0.));
#4289=DIRECTION('',(-0.866025403784439,-0.5,0.));
#4290=DIRECTION('',(0.,0.,1.));
#4291=DIRECTION('',(1.,0.,0.));
#4292=DIRECTION('',(0.5,-0.866025403784439,0.));
#4293=DIRECTION('',(0.,0.,1.));
#4294=DIRECTION('',(1.,0.,0.));
#4295=DIRECTION('',(-1.,3.75075346157147E-16,0.));
#4296=DIRECTION('',(0.,0.,1.));
#4297=DIRECTION('',(1.,0.,0.));
#4298=DIRECTION('',(-3.24968887446792E-16,-1.,0.));
#4299=DIRECTION('',(0.,0.,1.));
#4300=DIRECTION('',(1.,0.,0.));
#4301=DIRECTION('',(0.,0.,1.));
#4302=DIRECTION('',(1.,0.,0.));
#4303=DIRECTION('',(0.,0.,1.));
#4304=DIRECTION('',(1.,0.,0.));
#4305=DIRECTION('',(-0.866025403784439,-0.5,0.));
#4306=DIRECTION('',(0.,0.,1.));
#4307=DIRECTION('',(1.,0.,0.));
#4308=DIRECTION('',(0.,0.,1.));
#4309=DIRECTION('',(1.,0.,0.));
#4310=DIRECTION('',(0.,0.,1.));
#4311=DIRECTION('',(1.,0.,0.));
#4312=DIRECTION('',(-4.4068773779038E-17,-1.,0.));
#4313=DIRECTION('',(0.,0.,1.));
#4314=DIRECTION('',(1.,0.,0.));
#4315=DIRECTION('',(0.,0.,1.));
#4316=DIRECTION('',(1.,0.,0.));
#4317=DIRECTION('',(0.,0.,1.));
#4318=DIRECTION('',(1.,0.,0.));
#4319=DIRECTION('',(0.866025403784439,-0.5,0.));
#4320=DIRECTION('',(0.,0.,1.));
#4321=DIRECTION('',(1.,0.,0.));
#4322=DIRECTION('',(0.,0.,1.));
#4323=DIRECTION('',(1.,0.,0.));
#4324=DIRECTION('',(0.,0.,1.));
#4325=DIRECTION('',(1.,0.,0.));
#4326=DIRECTION('',(0.866025403784439,0.5,0.));
#4327=DIRECTION('',(0.,0.,1.));
#4328=DIRECTION('',(1.,0.,0.));
#4329=DIRECTION('',(0.866025403784439,-0.5,0.));
#4330=DIRECTION('',(0.5,0.866025403784439,0.));
#4331=DIRECTION('',(-0.5,-0.866025403784439,0.));
#4332=DIRECTION('',(0.866025403784439,-0.5,0.));
#4333=DIRECTION('',(0.5,0.866025403784439,0.));
#4334=DIRECTION('',(-0.358643429663898,-0.621188641978625,0.696777985757062));
#4335=DIRECTION('',(0.866025403784439,-0.5,0.));
#4336=DIRECTION('',(0.5,0.866025403784439,0.));
#4337=DIRECTION('',(-0.5,-0.866025403784439,0.));
#4338=DIRECTION('',(0.866025403784439,-0.5,0.));
#4339=DIRECTION('',(0.5,0.866025403784439,0.));
#4340=DIRECTION('',(0.,0.,-1.));
#4341=DIRECTION('',(0.,0.,-1.));
#4342=DIRECTION('',(0.,0.,-1.));
#4343=DIRECTION('',(0.,0.,-1.));
#4344=DIRECTION('',(0.866025403784439,-0.5,0.));
#4345=DIRECTION('',(0.5,0.866025403784439,0.));
#4346=DIRECTION('',(-0.358643429663898,-0.621188641978626,0.696777985757062));
#4347=DIRECTION('',(0.866025403784439,-0.5,0.));
#4348=DIRECTION('',(0.5,0.866025403784439,0.));
#4349=DIRECTION('',(-0.5,-0.866025403784439,0.));
#4350=DIRECTION('',(0.,0.,-1.));
#4351=DIRECTION('',(0.,0.,-1.));
#4352=DIRECTION('',(0.866025403784439,-0.5,0.));
#4353=DIRECTION('',(0.5,0.866025403784439,0.));
#4354=DIRECTION('',(-0.5,-0.866025403784439,0.));
#4355=DIRECTION('',(0.866025403784439,-0.5,0.));
#4356=DIRECTION('',(0.5,0.866025403784439,0.));
#4357=DIRECTION('',(0.,0.,1.));
#4358=DIRECTION('',(1.,0.,0.));
#4359=DIRECTION('',(0.866025403784439,-0.5,0.));
#4360=DIRECTION('',(0.,0.,1.));
#4361=DIRECTION('',(1.,0.,0.));
#4362=DIRECTION('',(0.5,0.866025403784439,0.));
#4363=DIRECTION('',(0.866025403784438,-0.5,0.));
#4364=DIRECTION('',(0.5,0.866025403784439,0.));
#4365=DIRECTION('',(0.866025403784439,-0.5,0.));
#4366=DIRECTION('',(-0.866025403784439,0.5,0.));
#4367=DIRECTION('',(-0.866025403784439,-0.5,0.));
#4368=DIRECTION('',(0.5,-0.866025403784439,0.));
#4369=DIRECTION('',(-0.5,0.866025403784439,0.));
#4370=DIRECTION('',(-0.866025403784439,-0.5,0.));
#4371=DIRECTION('',(0.5,-0.866025403784439,0.));
#4372=DIRECTION('',(0.,0.,-1.));
#4373=DIRECTION('',(0.,0.,-1.));
#4374=DIRECTION('',(0.,0.,-1.));
#4375=DIRECTION('',(0.,0.,-1.));
#4376=DIRECTION('',(-0.5,0.866025403784439,0.));
#4377=DIRECTION('',(-0.866025403784439,-0.5,0.));
#4378=DIRECTION('',(0.5,-0.866025403784439,0.));
#4379=DIRECTION('',(-0.358643429663898,0.621188641978626,0.696777985757062));
#4380=DIRECTION('',(-0.866025403784439,-0.5,0.));
#4381=DIRECTION('',(0.5,-0.866025403784439,0.));
#4382=DIRECTION('',(-0.866025403784439,-0.5,0.));
#4383=DIRECTION('',(0.5,-0.866025403784439,0.));
#4384=DIRECTION('',(0.,0.,-1.));
#4385=DIRECTION('',(-0.866025403784439,-0.5,0.));
#4386=DIRECTION('',(0.5,-0.866025403784439,0.));
#4387=DIRECTION('',(-0.5,0.866025403784439,0.));
#4388=DIRECTION('',(-0.866025403784439,-0.5,0.));
#4389=DIRECTION('',(0.5,-0.866025403784439,0.));
#4390=DIRECTION('',(-0.358643429663898,0.621188641978626,0.696777985757062));
#4391=DIRECTION('',(-0.866025403784439,-0.5,0.));
#4392=DIRECTION('',(0.5,-0.866025403784439,0.));
#4393=DIRECTION('',(-0.5,0.866025403784439,0.));
#4394=DIRECTION('',(0.,0.,-1.));
#4395=DIRECTION('',(0.,0.,1.));
#4396=DIRECTION('',(1.,0.,0.));
#4397=DIRECTION('',(-0.866025403784439,-0.5,0.));
#4398=DIRECTION('',(0.,0.,1.));
#4399=DIRECTION('',(1.,0.,0.));
#4400=DIRECTION('',(0.5,-0.866025403784439,0.));
#4401=DIRECTION('',(-0.866025403784439,-0.5,0.));
#4402=DIRECTION('',(0.5,-0.866025403784439,0.));
#4403=DIRECTION('',(-0.866025403784439,-0.5,0.));
#4404=DIRECTION('',(0.866025403784439,0.5,0.));
#4405=DIRECTION('',(-1.32169407693471E-16,1.,0.));
#4406=DIRECTION('',(-1.,-1.32169407693471E-16,0.));
#4407=DIRECTION('',(1.,1.32169407693471E-16,0.));
#4408=DIRECTION('',(-1.32169407693471E-16,1.,0.));
#4409=DIRECTION('',(-1.,-1.32169407693471E-16,0.));
#4410=DIRECTION('',(0.717286859327795,9.48033793436647E-17,0.696777985757062));
#4411=DIRECTION('',(-1.32169407693471E-16,1.,0.));
#4412=DIRECTION('',(-1.,-1.32169407693471E-16,0.));
#4413=DIRECTION('',(1.,1.32169407693471E-16,0.));
#4414=DIRECTION('',(-1.32169407693471E-16,1.,0.));
#4415=DIRECTION('',(-1.,-1.32169407693471E-16,0.));
#4416=DIRECTION('',(0.,0.,-1.));
#4417=DIRECTION('',(0.,0.,-1.));
#4418=DIRECTION('',(0.,0.,-1.));
#4419=DIRECTION('',(0.,0.,-1.));
#4420=DIRECTION('',(0.,1.,0.));
#4421=DIRECTION('',(0.,0.,1.));
#4422=DIRECTION('',(0.717286859327795,0.,0.696777985757062));
#4423=DIRECTION('',(0.,1.,0.));
#4424=DIRECTION('',(0.,0.,1.));
#4425=DIRECTION('',(1.,0.,0.));
#4426=DIRECTION('',(0.,0.,-1.));
#4427=DIRECTION('',(0.,0.,-1.));
#4428=DIRECTION('',(0.,1.,0.));
#4429=DIRECTION('',(0.,0.,1.));
#4430=DIRECTION('',(1.,0.,0.));
#4431=DIRECTION('',(0.,1.,0.));
#4432=DIRECTION('',(0.,0.,1.));
#4433=DIRECTION('',(0.,0.,1.));
#4434=DIRECTION('',(1.,0.,0.));
#4435=DIRECTION('',(0.,1.,0.));
#4436=DIRECTION('',(0.,0.,1.));
#4437=DIRECTION('',(1.,0.,0.));
#4438=DIRECTION('',(-1.,0.,0.));
#4439=DIRECTION('',(0.,1.,0.));
#4440=DIRECTION('',(-1.,0.,0.));
#4441=DIRECTION('',(-1.8454505063583E-16,1.,0.));
#4442=DIRECTION('',(1.32169407693471E-16,-1.,0.));
#4443=DIRECTION('',(-0.866025403784439,0.5,0.));
#4444=DIRECTION('',(-0.5,-0.866025403784439,0.));
#4445=DIRECTION('',(0.,0.,-1.));
#4446=DIRECTION('',(0.,0.,-1.));
#4447=DIRECTION('',(-1.32169407693471E-16,-1.,0.));
#4448=DIRECTION('',(1.,-1.32169407693471E-16,0.));
#4449=DIRECTION('',(0.,0.,-1.));
#4450=DIRECTION('',(0.,0.,-1.));
#4451=DIRECTION('',(0.866025403784439,0.5,0.));
#4452=DIRECTION('',(-0.5,0.866025403784439,0.));
#4453=DIRECTION('',(0.,0.,-1.));
#4454=DIRECTION('',(0.,0.,-1.));
#4455=DIRECTION('',(0.5,0.866025403784439,0.));
#4456=DIRECTION('',(-0.866025403784439,0.5,0.));
#4457=DIRECTION('',(-0.5,-0.866025403784438,0.));
#4458=DIRECTION('',(0.,0.,-1.));
#4459=DIRECTION('',(0.5,0.866025403784438,0.));
#4460=DIRECTION('',(-0.866025403784438,0.5,0.));
#4461=DIRECTION('',(0.5,0.866025403784438,0.));
#4462=DIRECTION('',(-0.866025403784438,0.5,0.));
#4463=DIRECTION('',(0.5,0.866025403784438,0.));
#4464=DIRECTION('',(-0.866025403784438,0.5,0.));
#4465=DIRECTION('',(0.5,0.866025403784438,0.));
#4466=DIRECTION('',(-0.866025403784438,0.5,0.));
#4467=DIRECTION('',(0.,0.,-1.));
#4468=DIRECTION('',(-0.866025403784439,0.5,0.));
#4469=DIRECTION('',(-0.5,-0.866025403784439,0.));
#4470=DIRECTION('',(0.,0.,-1.));
#4471=DIRECTION('',(0.,0.,-1.));
#4472=DIRECTION('',(-0.866025403784439,0.5,0.));
#4473=DIRECTION('',(-0.5,-0.866025403784439,0.));
#4474=DIRECTION('',(0.5,0.866025403784438,0.));
#4475=DIRECTION('',(-0.866025403784438,0.5,0.));
#4476=DIRECTION('',(0.,0.,-1.));
#4477=DIRECTION('',(0.866025403784438,-0.5,0.));
#4478=DIRECTION('',(-0.866025403784439,0.5,0.));
#4479=DIRECTION('',(-0.5,-0.866025403784439,0.));
#4480=DIRECTION('',(-0.866025403784439,0.5,0.));
#4481=DIRECTION('',(-0.5,-0.866025403784439,0.));
#4482=DIRECTION('',(0.,0.,-1.));
#4483=DIRECTION('',(0.5,0.866025403784439,0.));
#4484=DIRECTION('',(-0.866025403784439,0.5,0.));
#4485=DIRECTION('',(0.5,0.866025403784439,0.));
#4486=DIRECTION('',(-0.866025403784439,0.5,0.));
#4487=DIRECTION('',(0.5,0.866025403784439,0.));
#4488=DIRECTION('',(-0.866025403784439,0.5,0.));
#4489=DIRECTION('',(0.5,0.866025403784439,0.));
#4490=DIRECTION('',(-0.866025403784439,0.5,0.));
#4491=DIRECTION('',(0.5,0.866025403784439,0.));
#4492=DIRECTION('',(-0.866025403784439,0.5,0.));
#4493=DIRECTION('',(0.5,0.866025403784439,0.));
#4494=DIRECTION('',(-0.866025403784439,0.5,0.));
#4495=DIRECTION('',(0.5,0.866025403784437,0.));
#4496=DIRECTION('',(-0.866025403784437,0.5,0.));
#4497=DIRECTION('',(-0.866025403784437,0.5,0.));
#4498=DIRECTION('',(0.5,-0.866025403784439,0.));
#4499=DIRECTION('',(0.866025403784439,0.5,0.));
#4500=DIRECTION('',(-0.5,0.866025403784439,0.));
#4501=DIRECTION('',(0.,0.,-1.));
#4502=DIRECTION('',(0.5,-0.866025403784439,0.));
#4503=DIRECTION('',(0.866025403784439,0.5,0.));
#4504=DIRECTION('',(0.5,-0.866025403784439,0.));
#4505=DIRECTION('',(0.866025403784439,0.5,0.));
#4506=DIRECTION('',(0.5,-0.866025403784439,0.));
#4507=DIRECTION('',(0.866025403784439,0.5,0.));
#4508=DIRECTION('',(0.5,-0.866025403784439,0.));
#4509=DIRECTION('',(0.866025403784439,0.5,0.));
#4510=DIRECTION('',(0.,0.,-1.));
#4511=DIRECTION('',(0.866025403784439,0.5,0.));
#4512=DIRECTION('',(-0.5,0.866025403784439,0.));
#4513=DIRECTION('',(0.,0.,-1.));
#4514=DIRECTION('',(0.,0.,-1.));
#4515=DIRECTION('',(0.866025403784439,0.5,0.));
#4516=DIRECTION('',(-0.5,0.866025403784439,0.));
#4517=DIRECTION('',(0.5,-0.866025403784439,0.));
#4518=DIRECTION('',(0.866025403784439,0.5,0.));
#4519=DIRECTION('',(0.,0.,-1.));
#4520=DIRECTION('',(-0.866025403784439,-0.5,0.));
#4521=DIRECTION('',(0.866025403784439,0.5,0.));
#4522=DIRECTION('',(-0.5,0.866025403784439,0.));
#4523=DIRECTION('',(0.866025403784439,0.5,0.));
#4524=DIRECTION('',(-0.5,0.866025403784439,0.));
#4525=DIRECTION('',(0.,0.,-1.));
#4526=DIRECTION('',(0.5,-0.866025403784439,0.));
#4527=DIRECTION('',(0.866025403784439,0.5,0.));
#4528=DIRECTION('',(0.5,-0.866025403784439,0.));
#4529=DIRECTION('',(0.866025403784439,0.5,0.));
#4530=DIRECTION('',(0.5,-0.866025403784439,0.));
#4531=DIRECTION('',(0.866025403784439,0.5,0.));
#4532=DIRECTION('',(0.5,-0.866025403784439,0.));
#4533=DIRECTION('',(0.866025403784439,0.5,0.));
#4534=DIRECTION('',(0.5,-0.866025403784439,0.));
#4535=DIRECTION('',(0.866025403784439,0.5,0.));
#4536=DIRECTION('',(0.5,-0.866025403784439,0.));
#4537=DIRECTION('',(0.866025403784439,0.5,0.));
#4538=DIRECTION('',(0.5,-0.866025403784438,0.));
#4539=DIRECTION('',(0.866025403784438,0.5,0.));
#4540=DIRECTION('',(0.866025403784438,0.5,0.));
#4541=DIRECTION('',(-1.,0.,0.));
#4542=DIRECTION('',(0.,0.,1.));
#4543=DIRECTION('',(1.,0.,0.));
#4544=DIRECTION('',(0.,0.,-1.));
#4545=DIRECTION('',(-1.,0.,0.));
#4546=DIRECTION('',(0.,0.,1.));
#4547=DIRECTION('',(-1.,0.,0.));
#4548=DIRECTION('',(0.,0.,1.));
#4549=DIRECTION('',(-1.,0.,0.));
#4550=DIRECTION('',(0.,0.,1.));
#4551=DIRECTION('',(-1.,0.,0.));
#4552=DIRECTION('',(0.,0.,1.));
#4553=DIRECTION('',(0.,0.,-1.));
#4554=DIRECTION('',(0.,-1.,0.));
#4555=DIRECTION('',(0.,0.,-1.));
#4556=DIRECTION('',(0.,0.,-1.));
#4557=DIRECTION('',(0.,0.,-1.));
#4558=DIRECTION('',(0.,-1.,0.));
#4559=DIRECTION('',(0.,0.,-1.));
#4560=DIRECTION('',(-1.,0.,0.));
#4561=DIRECTION('',(0.,0.,1.));
#4562=DIRECTION('',(0.,0.,-1.));
#4563=DIRECTION('',(0.,1.,0.));
#4564=DIRECTION('',(0.,-1.,0.));
#4565=DIRECTION('',(0.,0.,-1.));
#4566=DIRECTION('',(0.,-1.,0.));
#4567=DIRECTION('',(0.,0.,-1.));
#4568=DIRECTION('',(0.,0.,-1.));
#4569=DIRECTION('',(-1.,-1.8454505063583E-16,0.));
#4570=DIRECTION('',(1.8454505063583E-16,-1.,0.));
#4571=DIRECTION('',(-1.,-1.8454505063583E-16,0.));
#4572=DIRECTION('',(1.8454505063583E-16,-1.,0.));
#4573=DIRECTION('',(-1.,-1.8454505063583E-16,0.));
#4574=DIRECTION('',(1.8454505063583E-16,-1.,0.));
#4575=DIRECTION('',(-1.,-1.8454505063583E-16,0.));
#4576=DIRECTION('',(1.8454505063583E-16,-1.,0.));
#4577=DIRECTION('',(-1.,-1.8454505063583E-16,0.));
#4578=DIRECTION('',(1.8454505063583E-16,-1.,0.));
#4579=DIRECTION('',(-1.,-1.8454505063583E-16,0.));
#4580=DIRECTION('',(1.8454505063583E-16,-1.,0.));
#4581=DIRECTION('',(-1.,0.,0.));
#4582=DIRECTION('',(0.,0.,1.));
#4583=DIRECTION('',(0.,-1.,0.));
#4584=DIRECTION('',(-1.,0.,0.));
#4585=DIRECTION('',(0.,0.,1.));
#4586=DIRECTION('',(-1.,0.,0.));
#4587=DIRECTION('',(0.,0.,1.));
#4588=DIRECTION('',(1.,0.,0.));
#4589=DIRECTION('',(0.,0.,-1.));
#4590=DIRECTION('',(-1.,0.,0.));
#4591=DIRECTION('',(0.,0.,1.));
#4592=DIRECTION('',(-1.,0.,0.));
#4593=DIRECTION('',(0.,0.,1.));
#4594=DIRECTION('',(1.,0.,0.));
#4595=DIRECTION('',(0.,0.,-1.));
#4596=DIRECTION('',(-1.,0.,0.));
#4597=DIRECTION('',(0.,0.,1.));
#4598=DIRECTION('',(-1.,0.,0.));
#4599=DIRECTION('',(0.,0.,1.));
#4600=DIRECTION('',(1.,0.,0.));
#4601=DIRECTION('',(0.,0.,-1.));
#4602=DIRECTION('',(-1.,0.,0.));
#4603=DIRECTION('',(0.,0.,1.));
#4604=DIRECTION('',(-1.,0.,0.));
#4605=DIRECTION('',(0.,0.,1.));
#4606=DIRECTION('',(1.,0.,0.));
#4607=DIRECTION('',(0.,0.,-1.));
#4608=DIRECTION('',(1.,0.,0.));
#4609=DIRECTION('',(0.,0.,-1.));
#4610=DIRECTION('',(0.696777985757062,9.20927336713606E-17,-0.717286859327795));
#4611=DIRECTION('',(-0.717286859327795,0.,-0.696777985757062));
#4612=DIRECTION('',(1.32169407693471E-16,-1.,8.8412431430072E-33));
#4613=DIRECTION('',(1.32169407693471E-16,-1.,8.8412431430072E-33));
#4614=DIRECTION('',(0.,0.,-1.));
#4615=DIRECTION('',(-1.,0.,0.));
#4616=DIRECTION('',(1.32169407693471E-16,-1.,0.));
#4617=DIRECTION('',(0.,-1.,0.));
#4618=DIRECTION('',(0.5,-0.866025403784439,0.));
#4619=DIRECTION('',(0.866025403784439,0.5,0.));
#4620=DIRECTION('',(0.5,-0.866025403784439,0.));
#4621=DIRECTION('',(0.866025403784439,0.5,0.));
#4622=DIRECTION('',(-0.5,0.866025403784439,0.));
#4623=DIRECTION('',(-0.866025403784439,-0.5,0.));
#4624=DIRECTION('',(0.5,-0.866025403784439,0.));
#4625=DIRECTION('',(0.866025403784439,0.5,0.));
#4626=DIRECTION('',(0.5,-0.866025403784439,0.));
#4627=DIRECTION('',(0.866025403784439,0.5,0.));
#4628=DIRECTION('',(-0.5,0.866025403784439,0.));
#4629=DIRECTION('',(-0.866025403784439,-0.5,0.));
#4630=DIRECTION('',(0.5,-0.866025403784439,0.));
#4631=DIRECTION('',(0.866025403784439,0.5,0.));
#4632=DIRECTION('',(0.5,-0.866025403784439,0.));
#4633=DIRECTION('',(0.866025403784439,0.5,0.));
#4634=DIRECTION('',(-0.5,0.866025403784439,0.));
#4635=DIRECTION('',(-0.866025403784439,-0.5,0.));
#4636=DIRECTION('',(0.5,-0.866025403784439,0.));
#4637=DIRECTION('',(0.866025403784439,0.5,0.));
#4638=DIRECTION('',(0.5,-0.866025403784439,0.));
#4639=DIRECTION('',(0.866025403784439,0.5,0.));
#4640=DIRECTION('',(-0.5,0.866025403784439,0.));
#4641=DIRECTION('',(-0.866025403784439,-0.5,0.));
#4642=DIRECTION('',(-0.5,0.866025403784439,0.));
#4643=DIRECTION('',(-0.866025403784439,-0.5,0.));
#4644=DIRECTION('',(-0.348388992878531,0.603427436463367,-0.717286859327795));
#4645=DIRECTION('',(0.,0.765228381882892,0.643758901733321));
#4646=DIRECTION('',(0.866025403784439,0.5,-4.9124964774738E-18));
#4647=DIRECTION('',(0.866025403784439,0.5,-4.9124964774738E-18));
#4648=DIRECTION('',(0.,0.,-1.));
#4649=DIRECTION('',(-1.,0.,0.));
#4650=DIRECTION('',(0.866025403784438,0.5,0.));
#4651=DIRECTION('',(0.866025403784439,0.5,0.));
#4652=DIRECTION('',(0.5,0.866025403784438,0.));
#4653=DIRECTION('',(-0.866025403784438,0.5,0.));
#4654=DIRECTION('',(0.5,0.866025403784438,0.));
#4655=DIRECTION('',(-0.866025403784438,0.5,0.));
#4656=DIRECTION('',(-0.5,-0.866025403784438,0.));
#4657=DIRECTION('',(0.866025403784438,-0.5,0.));
#4658=DIRECTION('',(0.5,0.866025403784438,0.));
#4659=DIRECTION('',(-0.866025403784438,0.5,0.));
#4660=DIRECTION('',(0.5,0.866025403784438,0.));
#4661=DIRECTION('',(-0.866025403784438,0.5,0.));
#4662=DIRECTION('',(-0.5,-0.866025403784438,0.));
#4663=DIRECTION('',(0.866025403784438,-0.5,0.));
#4664=DIRECTION('',(0.5,0.866025403784438,0.));
#4665=DIRECTION('',(-0.866025403784438,0.5,0.));
#4666=DIRECTION('',(0.5,0.866025403784438,0.));
#4667=DIRECTION('',(-0.866025403784438,0.5,0.));
#4668=DIRECTION('',(-0.5,-0.866025403784438,0.));
#4669=DIRECTION('',(0.866025403784438,-0.5,0.));
#4670=DIRECTION('',(0.5,0.866025403784438,0.));
#4671=DIRECTION('',(-0.866025403784438,0.5,0.));
#4672=DIRECTION('',(0.5,0.866025403784438,0.));
#4673=DIRECTION('',(-0.866025403784438,0.5,0.));
#4674=DIRECTION('',(-0.5,-0.866025403784438,0.));
#4675=DIRECTION('',(0.866025403784438,-0.5,0.));
#4676=DIRECTION('',(-0.5,-0.866025403784438,0.));
#4677=DIRECTION('',(0.866025403784438,-0.5,0.));
#4678=DIRECTION('',(-0.348388992878531,-0.603427436463367,-0.717286859327795));
#4679=DIRECTION('',(0.,0.765228381882892,-0.64375890173332));
#4680=DIRECTION('',(-0.866025403784439,0.5,0.));
#4681=DIRECTION('',(-0.866025403784439,0.5,0.));
#4682=DIRECTION('',(0.,0.,-1.));
#4683=DIRECTION('',(-1.,0.,0.));
#4684=DIRECTION('',(-0.866025403784439,0.5,0.));
#4685=DIRECTION('',(-0.866025403784437,0.5,0.));
#4686=DIRECTION('',(0.,0.,-1.));
#4687=DIRECTION('',(-1.,0.,0.));
#4688=DIRECTION('',(0.,0.,-1.));
#4689=DIRECTION('',(-1.,0.,0.));
#4690=DIRECTION('',(0.,0.,-1.));
#4691=DIRECTION('',(-1.,0.,0.));
#4692=DIRECTION('',(0.,0.,-1.));
#4693=DIRECTION('',(-1.,0.,0.));
#4694=DIRECTION('',(0.,0.,-1.));
#4695=DIRECTION('',(-1.,0.,0.));
#4696=DIRECTION('',(0.,0.,-1.));
#4697=DIRECTION('',(-1.,0.,0.));
#4698=DIRECTION('',(0.,0.,1.));
#4699=DIRECTION('',(1.,0.,0.));
#4700=DIRECTION('',(0.,0.,-1.));
#4701=DIRECTION('',(-1.,0.,0.));
#4702=DIRECTION('',(0.,0.,-1.));
#4703=DIRECTION('',(-1.,0.,0.));
#4704=DIRECTION('',(0.,0.,-1.));
#4705=DIRECTION('',(-1.,0.,0.));
#4706=DIRECTION('',(0.866025403784439,-0.5,0.));
#4707=DIRECTION('',(0.5,0.866025403784439,0.));
#4708=DIRECTION('',(0.866025403784439,-0.5,0.));
#4709=DIRECTION('',(0.5,0.866025403784439,0.));
#4710=DIRECTION('',(0.866025403784437,-0.5,0.));
#4711=DIRECTION('',(0.5,0.866025403784437,0.));
#4712=DIRECTION('',(-0.866025403784438,-0.5,0.));
#4713=DIRECTION('',(0.5,-0.866025403784438,0.));
#4714=DIRECTION('',(-0.866025403784439,-0.5,0.));
#4715=DIRECTION('',(0.5,-0.866025403784439,0.));
#4716=DIRECTION('',(-0.866025403784439,-0.5,0.));
#4717=DIRECTION('',(0.5,-0.866025403784439,0.));
#4718=DIRECTION('',(-0.866025403784439,-0.5,0.));
#4719=DIRECTION('',(0.5,-0.866025403784439,0.));
#4720=DIRECTION('',(0.866025403784438,-0.5,0.));
#4721=DIRECTION('',(0.5,0.866025403784438,0.));
#4722=DIRECTION('',(-1.32169407693471E-16,1.,0.));
#4723=DIRECTION('',(-1.,-1.32169407693471E-16,0.));
#4724=DIRECTION('',(-1.32169407693471E-16,1.,0.));
#4725=DIRECTION('',(-1.,-1.32169407693471E-16,0.));
#4726=DIRECTION('',(0.,1.,0.));
#4727=DIRECTION('',(0.,0.,1.));
#4728=DIRECTION('',(0.,1.,0.));
#4729=DIRECTION('',(0.,0.,1.));
#4730=DIRECTION('',(0.,0.,-1.));
#4731=DIRECTION('',(-1.,0.,0.));
#4732=DIRECTION('',(0.,0.,-1.));
#4733=DIRECTION('',(-1.,0.,0.));
#4734=DIRECTION('',(0.,0.,1.));
#4735=DIRECTION('',(1.,0.,0.));
#4736=DIRECTION('',(0.,0.,1.));
#4737=DIRECTION('',(1.,0.,0.));
#4738=DIRECTION('',(0.,0.,-1.));
#4739=DIRECTION('',(-1.,0.,0.));
#4740=DIRECTION('',(0.,0.,-1.));
#4741=DIRECTION('',(-1.,0.,0.));
#4742=DIRECTION('',(0.,0.,1.));
#4743=DIRECTION('',(1.,0.,0.));
#4744=DIRECTION('',(0.,0.,1.));
#4745=DIRECTION('',(1.,0.,0.));
#4746=DIRECTION('',(0.,0.,-1.));
#4747=DIRECTION('',(-1.,0.,0.));
#4748=DIRECTION('',(0.,0.,-1.));
#4749=DIRECTION('',(-1.,0.,0.));
#4750=DIRECTION('',(0.,0.,1.));
#4751=DIRECTION('',(1.,0.,0.));
#4752=DIRECTION('',(0.,0.,1.));
#4753=DIRECTION('',(1.,0.,0.));
#4754=DIRECTION('',(0.,0.,-1.));
#4755=DIRECTION('',(-1.,0.,0.));
#4756=DIRECTION('',(0.,0.,-1.));
#4757=DIRECTION('',(-1.,0.,0.));
#4758=DIRECTION('',(0.,0.,1.));
#4759=DIRECTION('',(1.,0.,0.));
#4760=DIRECTION('',(0.,0.,1.));
#4761=DIRECTION('',(1.,0.,0.));
#4762=DIRECTION('',(0.,0.,-1.));
#4763=DIRECTION('',(-1.,0.,0.));
#4764=DIRECTION('',(0.,0.,-1.));
#4765=DIRECTION('',(-1.,0.,0.));
#4766=DIRECTION('',(0.,0.,1.));
#4767=DIRECTION('',(1.,0.,0.));
#4768=DIRECTION('',(0.,0.,1.));
#4769=DIRECTION('',(1.,0.,0.));
#4770=DIRECTION('',(0.,0.,-1.));
#4771=DIRECTION('',(-1.,0.,0.));
#4772=DIRECTION('',(0.,0.,-1.));
#4773=DIRECTION('',(-1.,0.,0.));
#4774=DIRECTION('',(0.,0.,1.));
#4775=DIRECTION('',(1.,0.,0.));
#4776=DIRECTION('',(0.,0.,1.));
#4777=DIRECTION('',(1.,0.,0.));
#4778=DIRECTION('',(0.,0.,-1.));
#4779=DIRECTION('',(-1.,0.,0.));
#4780=DIRECTION('',(0.,0.,-1.));
#4781=DIRECTION('',(-1.,0.,0.));
#4782=DIRECTION('',(0.,0.,1.));
#4783=DIRECTION('',(1.,0.,0.));
#4784=DIRECTION('',(0.,0.,1.));
#4785=DIRECTION('',(1.,0.,0.));
#4786=DIRECTION('',(0.,0.,-1.));
#4787=DIRECTION('',(-1.,0.,0.));
#4788=DIRECTION('',(0.,0.,-1.));
#4789=DIRECTION('',(-1.,0.,0.));
#4790=DIRECTION('',(0.,0.,1.));
#4791=DIRECTION('',(1.,0.,0.));
#4792=DIRECTION('',(0.,0.,1.));
#4793=DIRECTION('',(1.,0.,0.));
#4794=DIRECTION('',(0.866025403784439,-0.5,0.));
#4795=DIRECTION('',(0.5,0.866025403784439,0.));
#4796=DIRECTION('',(0.,0.,1.));
#4797=DIRECTION('',(0.,0.,1.));
#4798=DIRECTION('',(-0.866025403784439,-0.5,0.));
#4799=DIRECTION('',(0.5,-0.866025403784439,0.));
#4800=DIRECTION('',(0.,0.,1.));
#4801=DIRECTION('',(0.,0.,1.));
#4802=DIRECTION('',(0.5,-0.866025403784439,0.));
#4803=DIRECTION('',(0.866025403784439,0.5,0.));
#4804=DIRECTION('',(0.,0.,1.));
#4805=DIRECTION('',(0.,0.,1.));
#4806=DIRECTION('',(0.,0.,1.));
#4807=DIRECTION('',(1.,0.,0.));
#4808=DIRECTION('',(0.,0.,1.));
#4809=DIRECTION('',(0.,0.,1.));
#4810=DIRECTION('',(-0.5,-0.866025403784439,0.));
#4811=DIRECTION('',(0.866025403784439,-0.5,0.));
#4812=DIRECTION('',(0.,0.,-1.));
#4813=DIRECTION('',(0.,0.,1.));
#4814=DIRECTION('',(0.,0.,1.));
#4815=DIRECTION('',(1.,0.,0.));
#4816=DIRECTION('',(0.,0.,1.));
#4817=DIRECTION('',(0.,0.,1.));
#4818=DIRECTION('',(1.,-1.66533453693773E-16,0.));
#4819=DIRECTION('',(1.66533453693773E-16,1.,0.));
#4820=DIRECTION('',(0.,0.,1.));
#4821=DIRECTION('',(0.,0.,-1.));
#4822=DIRECTION('',(0.,0.,1.));
#4823=DIRECTION('',(1.,0.,0.));
#4824=DIRECTION('',(0.,0.,1.));
#4825=DIRECTION('',(0.,0.,1.));
#4826=DIRECTION('',(0.5,0.866025403784439,0.));
#4827=DIRECTION('',(-0.866025403784439,0.5,0.));
#4828=DIRECTION('',(0.,0.,1.));
#4829=DIRECTION('',(0.,0.,-1.));
#4830=DIRECTION('',(0.5,-0.866025403784439,0.));
#4831=DIRECTION('',(0.866025403784439,0.5,0.));
#4832=DIRECTION('',(0.,0.,1.));
#4833=DIRECTION('',(0.,0.,-1.));
#4834=DIRECTION('',(0.,0.,1.));
#4835=DIRECTION('',(1.,0.,0.));
#4836=DIRECTION('',(0.,0.,1.));
#4837=DIRECTION('',(0.,0.,1.));
#4838=DIRECTION('',(0.965925826289068,-0.258819045102521,0.));
#4839=DIRECTION('',(0.258819045102521,0.965925826289069,0.));
#4840=DIRECTION('',(0.,0.,-1.));
#4841=DIRECTION('',(0.,0.,1.));
#4842=DIRECTION('',(0.,0.,1.));
#4843=DIRECTION('',(1.,0.,0.));
#4844=DIRECTION('',(0.,0.,1.));
#4845=DIRECTION('',(0.,0.,1.));
#4846=DIRECTION('',(0.5,0.866025403784439,0.));
#4847=DIRECTION('',(-0.866025403784439,0.5,0.));
#4848=DIRECTION('',(0.,0.,1.));
#4849=DIRECTION('',(0.,0.,-1.));
#4850=DIRECTION('',(0.,0.,1.));
#4851=DIRECTION('',(1.,0.,0.));
#4852=DIRECTION('',(0.,0.,1.));
#4853=DIRECTION('',(0.,0.,1.));
#4854=DIRECTION('',(-0.258819045102521,0.965925826289068,0.));
#4855=DIRECTION('',(-0.965925826289068,-0.258819045102521,0.));
#4856=DIRECTION('',(0.,0.,1.));
#4857=DIRECTION('',(0.,0.,-1.));
#4858=DIRECTION('',(0.,0.,1.));
#4859=DIRECTION('',(1.,0.,0.));
#4860=DIRECTION('',(0.,0.,1.));
#4861=DIRECTION('',(0.,0.,1.));
#4862=DIRECTION('',(-1.,3.88578058618804E-16,0.));
#4863=DIRECTION('',(-3.88578058618804E-16,-1.,0.));
#4864=DIRECTION('',(0.,0.,-1.));
#4865=DIRECTION('',(0.,0.,1.));
#4866=DIRECTION('',(0.,0.,1.));
#4867=DIRECTION('',(1.,0.,0.));
#4868=DIRECTION('',(0.,0.,1.));
#4869=DIRECTION('',(0.,0.,1.));
#4870=DIRECTION('',(-0.707106781186548,-0.707106781186547,0.));
#4871=DIRECTION('',(0.707106781186547,-0.707106781186548,0.));
#4872=DIRECTION('',(0.,0.,1.));
#4873=DIRECTION('',(0.,0.,-1.));
#4874=DIRECTION('',(0.,0.,1.));
#4875=DIRECTION('',(1.,0.,0.));
#4876=DIRECTION('',(0.,0.,1.));
#4877=DIRECTION('',(0.,0.,1.));
#4878=DIRECTION('',(0.,0.,1.));
#4879=DIRECTION('',(1.,0.,0.));
#4880=DIRECTION('',(0.,0.,1.));
#4881=DIRECTION('',(0.,0.,1.));
#4882=DIRECTION('',(-0.5,0.866025403784439,0.));
#4883=DIRECTION('',(-0.866025403784439,-0.5,0.));
#4884=DIRECTION('',(0.,0.,1.));
#4885=DIRECTION('',(0.,0.,-1.));
#4886=DIRECTION('',(-0.866025403784439,-0.5,0.));
#4887=DIRECTION('',(0.5,-0.866025403784439,0.));
#4888=DIRECTION('',(0.,0.,1.));
#4889=DIRECTION('',(0.,0.,1.));
#4890=DIRECTION('',(3.75075346157147E-16,1.,0.));
#4891=DIRECTION('',(-1.,3.75075346157147E-16,0.));
#4892=DIRECTION('',(0.,0.,1.));
#4893=DIRECTION('',(0.,0.,1.));
#4894=DIRECTION('',(-1.,3.24968887446792E-16,0.));
#4895=DIRECTION('',(-3.24968887446792E-16,-1.,0.));
#4896=DIRECTION('',(0.,0.,1.));
#4897=DIRECTION('',(0.,0.,1.));
#4898=DIRECTION('',(0.,0.,1.));
#4899=DIRECTION('',(1.,0.,0.));
#4900=DIRECTION('',(0.,0.,1.));
#4901=DIRECTION('',(0.,0.,1.));
#4902=DIRECTION('',(1.,-1.13739110606377E-16,0.));
#4903=DIRECTION('',(1.13739110606377E-16,1.,0.));
#4904=DIRECTION('',(0.,0.,1.));
#4905=DIRECTION('',(0.,0.,-1.));
#4906=DIRECTION('',(0.,1.,0.));
#4907=DIRECTION('',(0.,0.,1.));
#4908=DIRECTION('',(0.,0.,1.));
#4909=DIRECTION('',(0.,0.,1.));
#4910=DIRECTION('',(0.866025403784439,-0.5,0.));
#4911=DIRECTION('',(0.5,0.866025403784439,0.));
#4912=DIRECTION('',(0.,0.,1.));
#4913=DIRECTION('',(0.,0.,1.));
#4914=DIRECTION('',(0.5,0.866025403784439,0.));
#4915=DIRECTION('',(-0.866025403784439,0.5,0.));
#4916=DIRECTION('',(0.,0.,1.));
#4917=DIRECTION('',(0.,0.,1.));
#4918=DIRECTION('',(-0.5,0.866025403784439,0.));
#4919=DIRECTION('',(-0.866025403784439,-0.5,0.));
#4920=DIRECTION('',(0.,0.,1.));
#4921=DIRECTION('',(0.,0.,-1.));
#4922=DIRECTION('',(0.,0.,1.));
#4923=DIRECTION('',(1.,0.,0.));
#4924=DIRECTION('',(0.,0.,1.));
#4925=DIRECTION('',(0.,0.,1.));
#4926=DIRECTION('',(-1.,4.4068773779038E-17,0.));
#4927=DIRECTION('',(-4.4068773779038E-17,-1.,0.));
#4928=DIRECTION('',(0.,0.,-1.));
#4929=DIRECTION('',(0.,0.,1.));
#4930=DIRECTION('',(0.,0.,1.));
#4931=DIRECTION('',(1.,0.,0.));
#4932=DIRECTION('',(0.,0.,1.));
#4933=DIRECTION('',(0.,0.,1.));
#4934=DIRECTION('',(0.,0.,1.));
#4935=DIRECTION('',(1.,0.,0.));
#4936=DIRECTION('',(0.,0.,1.));
#4937=DIRECTION('',(0.,0.,1.));
#4938=DIRECTION('',(-0.5,-0.866025403784439,0.));
#4939=DIRECTION('',(0.866025403784439,-0.5,0.));
#4940=DIRECTION('',(0.,0.,-1.));
#4941=DIRECTION('',(0.,0.,1.));
#4942=DIRECTION('',(0.,0.,1.));
#4943=DIRECTION('',(1.,0.,0.));
#4944=DIRECTION('',(0.,0.,1.));
#4945=DIRECTION('',(0.,0.,1.));
#4946=DIRECTION('',(0.5,-0.866025403784439,0.));
#4947=DIRECTION('',(0.866025403784439,0.5,0.));
#4948=DIRECTION('',(0.,0.,-1.));
#4949=DIRECTION('',(0.,0.,1.));
#4950=DIRECTION('',(0.,0.,1.));
#4951=DIRECTION('',(1.,0.,0.));
#4952=DIRECTION('',(0.,0.,-1.));
#4953=DIRECTION('',(-1.,0.,0.));
#4954=DIRECTION('',(0.,0.,1.));
#4955=DIRECTION('',(1.,0.,0.));
#4956=DIRECTION('',(0.,0.,1.));
#4957=DIRECTION('',(1.,0.,0.));
#4958=DIRECTION('',(0.,0.,-1.));
#4959=DIRECTION('',(-1.,0.,0.));
#4960=DIRECTION('',(0.,0.,-1.));
#4961=DIRECTION('',(-1.,0.,0.));
#4962=DIRECTION('',(0.,0.,1.));
#4963=DIRECTION('',(1.,0.,0.));
#4964=DIRECTION('',(0.,0.,-1.));
#4965=DIRECTION('',(-1.,0.,0.));
#4966=DIRECTION('',(0.,0.,1.));
#4967=DIRECTION('',(1.,0.,0.));
#4968=DIRECTION('',(0.,0.,1.));
#4969=DIRECTION('',(1.,0.,0.));
#4970=DIRECTION('',(0.,0.,1.));
#4971=DIRECTION('',(1.,0.,0.));
#4972=DIRECTION('',(0.,0.,1.));
#4973=DIRECTION('',(1.,0.,0.));
#4974=DIRECTION('',(0.,0.,-1.));
#4975=DIRECTION('',(-1.,0.,0.));
#4976=DIRECTION('',(0.,0.,1.));
#4977=DIRECTION('',(1.,0.,0.));
#4978=DIRECTION('',(0.,0.,-1.));
#4979=DIRECTION('',(-1.,0.,0.));
#4980=DIRECTION('',(0.,0.,1.));
#4981=DIRECTION('',(1.,0.,0.));
#4982=DIRECTION('',(0.,0.,1.));
#4983=DIRECTION('',(1.,0.,0.));
#4984=DIRECTION('',(0.,0.,1.));
#4985=DIRECTION('',(1.,0.,0.));
#4986=DIRECTION('',(0.,0.,1.));
#4987=DIRECTION('',(1.,0.,0.));
#4988=DIRECTION('',(0.,0.,1.));
#4989=DIRECTION('',(1.,0.,0.));
#4990=DIRECTION('',(0.,0.,1.));
#4991=DIRECTION('',(1.,0.,0.));
#4992=DIRECTION('',(0.,0.,1.));
#4993=DIRECTION('',(1.,0.,0.));
#4994=DIRECTION('',(0.,0.,1.));
#4995=DIRECTION('',(1.,0.,0.));
#4996=DIRECTION('',(0.,0.,1.));
#4997=DIRECTION('',(1.,0.,0.));
#4998=DIRECTION('',(0.,0.,1.));
#4999=DIRECTION('',(1.,0.,0.));
#5000=DIRECTION('',(0.,0.,1.));
#5001=DIRECTION('',(1.,0.,0.));
#5002=DIRECTION('',(0.,0.,1.));
#5003=DIRECTION('',(1.,0.,0.));
#5004=DIRECTION('',(0.,0.,1.));
#5005=DIRECTION('',(1.,0.,0.));
#5006=DIRECTION('',(0.,0.,1.));
#5007=DIRECTION('',(1.,0.,0.));
#5008=DIRECTION('',(0.,0.,1.));
#5009=DIRECTION('',(1.,0.,0.));
#5010=DIRECTION('',(0.,0.,1.));
#5011=DIRECTION('',(1.,0.,0.));
#5012=DIRECTION('',(0.,0.,1.));
#5013=DIRECTION('',(1.,0.,0.));
#5014=DIRECTION('',(0.,0.,1.));
#5015=DIRECTION('',(1.,0.,0.));
#5016=DIRECTION('',(0.,0.,1.));
#5017=DIRECTION('',(1.,0.,0.));
#5018=DIRECTION('',(0.,0.,1.));
#5019=DIRECTION('',(1.,0.,0.));
#5020=DIRECTION('',(0.,0.,1.));
#5021=DIRECTION('',(1.,0.,0.));
#5022=DIRECTION('',(0.,0.,1.));
#5023=DIRECTION('',(1.,0.,0.));
#5024=DIRECTION('',(0.,0.,1.));
#5025=DIRECTION('',(1.,0.,0.));
#5026=DIRECTION('',(0.,0.,1.));
#5027=DIRECTION('',(1.,0.,0.));
#5028=DIRECTION('',(0.,0.,1.));
#5029=DIRECTION('',(1.,0.,0.));
#5030=DIRECTION('',(0.,0.,1.));
#5031=DIRECTION('',(1.,0.,0.));
#5032=DIRECTION('',(0.,0.,1.));
#5033=DIRECTION('',(1.,0.,0.));
#5034=DIRECTION('',(0.,0.,1.));
#5035=DIRECTION('',(1.,0.,0.));
#5036=DIRECTION('',(0.,0.,1.));
#5037=DIRECTION('',(1.,0.,0.));
#5038=DIRECTION('',(0.,0.,1.));
#5039=DIRECTION('',(1.,0.,0.));
#5040=DIRECTION('',(0.,0.,1.));
#5041=DIRECTION('',(1.,0.,0.));
#5042=DIRECTION('',(0.,0.,1.));
#5043=DIRECTION('',(1.,0.,0.));
#5044=CARTESIAN_POINT('',(0.,0.,0.));
#5045=CARTESIAN_POINT('',(0.,5.55111512312578E-17,0.01));
#5046=CARTESIAN_POINT('',(0.0482735026918963,-0.0809326673973661,0.01));
#5047=CARTESIAN_POINT('',(0.0527535026918963,-0.0809326673973661,0.01));
#5048=CARTESIAN_POINT('',(-0.0102735026918962,0.0809326673973661,0.01));
#5049=CARTESIAN_POINT('',(-0.00579350269189624,0.0809326673973661,0.01));
#5050=CARTESIAN_POINT('',(0.0102735026918963,0.0809326673973661,0.01));
#5051=CARTESIAN_POINT('',(0.0147535026918963,0.0809326673973661,0.01));
#5052=CARTESIAN_POINT('',(-0.0482735026918962,-0.0809326673973661,0.01));
#5053=CARTESIAN_POINT('',(-0.0437935026918962,-0.0809326673973661,0.01));
#5054=CARTESIAN_POINT('',(-0.021650635094611,-0.0125,0.01));
#5055=CARTESIAN_POINT('',(-0.0204939015319192,-0.0118321595661992,0.01));
#5056=CARTESIAN_POINT('',(-0.022248595461287,-0.0128452325786651,0.01));
#5057=CARTESIAN_POINT('',(-0.0184939015319192,-0.015296261181337,0.01));
#5058=CARTESIAN_POINT('',(-0.0154115846099327,-0.0127468843177808,0.01));
#5059=CARTESIAN_POINT('',(-1.24547541940314E-19,6.07153216591882E-18,0.01));
#5060=CARTESIAN_POINT('',(-0.00333333333333335,-0.0197202659436654,0.01));
#5061=CARTESIAN_POINT('',(-0.004,-0.0236643191323984,0.01));
#5062=CARTESIAN_POINT('',(-2.84486641935092E-17,-0.0236643191323984,0.01));
#5063=CARTESIAN_POINT('',(-2.85075260115045E-17,-0.025,0.01));
#5064=CARTESIAN_POINT('',(-2.85379539643253E-17,-0.0256904651573303,0.01));
#5065=CARTESIAN_POINT('',(-0.004,-0.0256904651573303,0.01));
#5066=CARTESIAN_POINT('',(-0.00461538461538465,-0.0296428444123042,0.01));
#5067=CARTESIAN_POINT('',(-5.27091525449455E-19,-6.93889390390723E-18,0.01));
#5068=CARTESIAN_POINT('',(-0.0233637639937927,-0.018818462531311,0.01));
#5069=CARTESIAN_POINT('',(-0.020248595461287,-0.0163093341938029,0.01));
#5070=CARTESIAN_POINT('',(0.,9.18485099360515E-19,0.01));
#5071=CARTESIAN_POINT('',(0.015,9.18485099360515E-19,0.01));
#5072=CARTESIAN_POINT('',(1.38777878078145E-17,0.0909326673973661,0.01));
#5073=CARTESIAN_POINT('',(0.047881197846483,0.0909326673973661,0.01));
#5074=CARTESIAN_POINT('',(-0.047881197846483,0.0909326673973661,0.01));
#5075=CARTESIAN_POINT('',(-0.047881197846483,0.0829326673973661,0.01));
#5076=CARTESIAN_POINT('',(-0.0548094010767585,0.0869326673973661,0.01));
#5077=CARTESIAN_POINT('',(-0.07875,0.045466333698683,0.01));
#5078=CARTESIAN_POINT('',(-0.06175,0.074911197427354,0.01));
#5079=CARTESIAN_POINT('',(-0.0600179491924311,0.073911197427354,0.01));
#5080=CARTESIAN_POINT('',(-0.0582858983848623,0.072911197427354,0.01));
#5081=CARTESIAN_POINT('',(-0.0660358983848623,0.0594878036686951,0.01));
#5082=CARTESIAN_POINT('',(-0.0737858983848623,0.0460644099100363,0.01));
#5083=CARTESIAN_POINT('',(-0.053434301395928,0.0343144099100363,0.01));
#5084=CARTESIAN_POINT('',(-0.0330827044069937,0.0225644099100363,0.01));
#5085=CARTESIAN_POINT('',(-0.0253327044069936,0.0359878036686951,0.01));
#5086=CARTESIAN_POINT('',(-0.0175827044069936,0.0494111974273539,0.01));
#5087=CARTESIAN_POINT('',(-0.0158506535994247,0.048411197427354,0.01));
#5088=CARTESIAN_POINT('',(-0.0141186027918559,0.047411197427354,0.01));
#5089=CARTESIAN_POINT('',(-0.0226186027918559,0.0326887655630185,0.01));
#5090=CARTESIAN_POINT('',(-0.0291186027918559,0.0214304353138208,0.01));
#5091=CARTESIAN_POINT('',(-0.0325827044069937,0.0234304353138208,0.01));
#5092=CARTESIAN_POINT('',(-0.0345827044069936,0.0199663336986831,0.01));
#5093=CARTESIAN_POINT('',(-0.054934301395928,0.031716333698683,0.01));
#5094=CARTESIAN_POINT('',(-0.07875,0.0454663336986831,0.01));
#5095=CARTESIAN_POINT('',(-0.07875,0.045466333698683,0.01));
#5096=CARTESIAN_POINT('',(-0.102690598923241,0.004,0.01));
#5097=CARTESIAN_POINT('',(-0.095762395692966,0.,0.01));
#5098=CARTESIAN_POINT('',(-0.102690598923241,-0.004,0.01));
#5099=CARTESIAN_POINT('',(-0.07875,-0.045466333698683,0.01));
#5100=CARTESIAN_POINT('',(-0.0548094010767586,-0.0869326673973661,0.01));
#5101=CARTESIAN_POINT('',(-0.047881197846483,-0.0829326673973661,0.01));
#5102=CARTESIAN_POINT('',(-0.047881197846483,-0.0909326673973661,0.01));
#5103=CARTESIAN_POINT('',(2.08166817117217E-17,-0.0909326673973661,0.01));
#5104=CARTESIAN_POINT('',(-0.034,-0.0909326673973661,0.01));
#5105=CARTESIAN_POINT('',(-0.034,-0.0889326673973661,0.01));
#5106=CARTESIAN_POINT('',(-0.034,-0.0869326673973661,0.01));
#5107=CARTESIAN_POINT('',(-0.0185,-0.0869326673973661,0.01));
#5108=CARTESIAN_POINT('',(-0.003,-0.0869326673973661,0.01));
#5109=CARTESIAN_POINT('',(-0.003,-0.0634326673973661,0.01));
#5110=CARTESIAN_POINT('',(-0.003,-0.0399326673973661,0.01));
#5111=CARTESIAN_POINT('',(-0.0185,-0.0399326673973661,0.01));
#5112=CARTESIAN_POINT('',(-0.034,-0.0399326673973661,0.01));
#5113=CARTESIAN_POINT('',(-0.034,-0.0379326673973661,0.01));
#5114=CARTESIAN_POINT('',(-0.034,-0.0359326673973661,0.01));
#5115=CARTESIAN_POINT('',(-0.017,-0.0359326673973661,0.01));
#5116=CARTESIAN_POINT('',(-0.004,-0.0359326673973661,0.01));
#5117=CARTESIAN_POINT('',(-0.004,-0.0399326673973661,0.01));
#5118=CARTESIAN_POINT('',(6.93889390390723E-18,-0.0399326673973661,0.01));
#5119=CARTESIAN_POINT('',(6.93889390390723E-18,-0.0634326673973661,0.01));
#5120=CARTESIAN_POINT('',(8.67361737988404E-18,-0.0909326673973661,0.01));
#5121=CARTESIAN_POINT('',(2.08166817117217E-17,-0.0909326673973661,0.01));
#5122=CARTESIAN_POINT('',(0.047881197846483,-0.0909326673973661,0.01));
#5123=CARTESIAN_POINT('',(0.047881197846483,-0.0829326673973661,0.01));
#5124=CARTESIAN_POINT('',(0.0548094010767585,-0.0869326673973661,0.01));
#5125=CARTESIAN_POINT('',(0.07875,-0.045466333698683,0.01));
#5126=CARTESIAN_POINT('',(0.102690598923241,-0.004,0.01));
#5127=CARTESIAN_POINT('',(0.095762395692966,2.08166817117217E-17,0.01));
#5128=CARTESIAN_POINT('',(0.102690598923241,0.004,0.01));
#5129=CARTESIAN_POINT('',(0.07875,0.045466333698683,0.01));
#5130=CARTESIAN_POINT('',(0.09575,0.0160214699700121,0.01));
#5131=CARTESIAN_POINT('',(0.0940179491924311,0.0150214699700121,0.01));
#5132=CARTESIAN_POINT('',(0.0922858983848623,0.0140214699700121,0.01));
#5133=CARTESIAN_POINT('',(0.0845358983848623,0.0274448637286709,0.01));
#5134=CARTESIAN_POINT('',(0.0767858983848623,0.0408682574873298,0.01));
#5135=CARTESIAN_POINT('',(0.056434301395928,0.0291182574873298,0.01));
#5136=CARTESIAN_POINT('',(0.0360827044069936,0.0173682574873298,0.01));
#5137=CARTESIAN_POINT('',(0.0438327044069936,0.00394486372867092,0.01));
#5138=CARTESIAN_POINT('',(0.0515827044069936,-0.00947853002998788,0.01));
#5139=CARTESIAN_POINT('',(0.0498506535994248,-0.0104785300299879,0.01));
#5140=CARTESIAN_POINT('',(0.0481186027918559,-0.0114785300299879,0.01));
#5141=CARTESIAN_POINT('',(0.0396186027918559,0.00324390183434758,0.01));
#5142=CARTESIAN_POINT('',(0.0331186027918559,0.0145022320835453,0.01));
#5143=CARTESIAN_POINT('',(0.0365827044069936,0.0165022320835453,0.01));
#5144=CARTESIAN_POINT('',(0.0345827044069936,0.0199663336986831,0.01));
#5145=CARTESIAN_POINT('',(0.054934301395928,0.031716333698683,0.01));
#5146=CARTESIAN_POINT('',(0.07875,0.045466333698683,0.01));
#5147=CARTESIAN_POINT('',(0.07875,0.045466333698683,0.01));
#5148=CARTESIAN_POINT('',(0.0548094010767585,0.0869326673973661,0.01));
#5149=CARTESIAN_POINT('',(0.047881197846483,0.0829326673973661,0.01));
#5150=CARTESIAN_POINT('',(-0.07475,-0.0160214699700122,0.01));
#5151=CARTESIAN_POINT('',(-0.0816905989232415,-0.004,0.01));
#5152=CARTESIAN_POINT('',(-0.0695,-0.0251147367097488,0.01));
#5153=CARTESIAN_POINT('',(-0.0747623956929659,-1.21430643318376E-17,0.01));
#5154=CARTESIAN_POINT('',(-0.0816905989232415,0.004,0.01));
#5155=CARTESIAN_POINT('',(-0.07475,0.0160214699700121,0.01));
#5156=CARTESIAN_POINT('',(-0.0695,0.0251147367097487,0.01));
#5157=CARTESIAN_POINT('',(-0.0625717967697245,0.0211147367097487,0.01));
#5158=CARTESIAN_POINT('',(-0.0585717967697245,0.0280429399400243,0.01));
#5159=CARTESIAN_POINT('',(-0.0423852549156242,0.0186976356433103,0.01));
#5160=CARTESIAN_POINT('',(-0.0239767315949145,0.00806946974871508,0.01));
#5161=CARTESIAN_POINT('',(-0.0279767315949145,0.00114126651843957,0.01));
#5162=CARTESIAN_POINT('',(-0.0199833797106532,0.000815190370313979,0.01));
#5163=CARTESIAN_POINT('',(7.11236625150491E-17,8.67361737988404E-19,0.01));
#5164=CARTESIAN_POINT('',(-0.0199833797106532,-0.000815190370313979,0.01));
#5165=CARTESIAN_POINT('',(-0.0279767315949145,-0.00114126651843957,0.01));
#5166=CARTESIAN_POINT('',(-0.0239767315949145,-0.00806946974871508,0.01));
#5167=CARTESIAN_POINT('',(-0.0423852549156242,-0.0186976356433103,0.01));
#5168=CARTESIAN_POINT('',(-0.0585717967697245,-0.0280429399400243,0.01));
#5169=CARTESIAN_POINT('',(-0.0625717967697245,-0.0211147367097488,0.01));
#5170=CARTESIAN_POINT('',(-6.01647941352127E-18,0.025,0.01));
#5171=CARTESIAN_POINT('',(-6.23891496143565E-18,0.0236643191323984,0.01));
#5172=CARTESIAN_POINT('',(-5.90149386621584E-18,0.0256904651573303,0.01));
#5173=CARTESIAN_POINT('',(-0.004,0.0236643191323984,0.01));
#5174=CARTESIAN_POINT('',(-0.00333333333333334,0.0197202659436654,0.01));
#5175=CARTESIAN_POINT('',(-3.03576608295941E-18,-2.60208521396521E-18,0.01));
#5176=CARTESIAN_POINT('',(-0.0154115846099327,0.0127468843177808,0.01));
#5177=CARTESIAN_POINT('',(-0.0184939015319191,0.015296261181337,0.01));
#5178=CARTESIAN_POINT('',(-0.0204939015319192,0.0118321595661993,0.01));
#5179=CARTESIAN_POINT('',(-0.021650635094611,0.0125,0.01));
#5180=CARTESIAN_POINT('',(-0.022248595461287,0.0128452325786652,0.01));
#5181=CARTESIAN_POINT('',(-0.020248595461287,0.0163093341938029,0.01));
#5182=CARTESIAN_POINT('',(-0.0233637639937927,0.018818462531311,0.01));
#5183=CARTESIAN_POINT('',(4.94506362006512E-19,0.,0.01));
#5184=CARTESIAN_POINT('',(-0.00461538461538462,0.0296428444123042,0.01));
#5185=CARTESIAN_POINT('',(-0.004,0.0256904651573303,0.01));
#5186=CARTESIAN_POINT('',(-8.67361737988404E-18,-3.46944695195361E-17,0.01));
#5187=CARTESIAN_POINT('',(-0.0627360694954684,-0.0410997029704567,0.01));
#5188=CARTESIAN_POINT('',(-0.0234619749516711,-0.0712357756423495,0.01));
#5189=CARTESIAN_POINT('',(-0.0593901457890434,-0.0389077188120323,0.01));
#5190=CARTESIAN_POINT('',(-0.0613901457890434,-0.0354436171968946,0.01));
#5191=CARTESIAN_POINT('',(-0.0606217782649107,-0.035,0.01));
#5192=CARTESIAN_POINT('',(-0.0596552596172374,-0.034441980198589,0.01));
#5193=CARTESIAN_POINT('',(-0.0576552596172374,-0.0379060818137269,0.01));
#5194=CARTESIAN_POINT('',(-0.0543129257263831,-0.0357086277955398,0.01));
#5195=CARTESIAN_POINT('',(-6.24500451351651E-17,-7.63278329429795E-17,0.01));
#5196=CARTESIAN_POINT('',(-0.0204346662358289,-0.0617043306083963,0.01));
#5197=CARTESIAN_POINT('',(-0.0216921841580338,-0.0655015201842976,0.01));
#5198=CARTESIAN_POINT('',(-0.0178284808528774,-0.0665367963647077,0.01));
#5199=CARTESIAN_POINT('',(-0.0181173331571764,-0.0676148078402348,0.01));
#5200=CARTESIAN_POINT('',(-0.0183469663157591,-0.0684718104551676,0.01));
#5201=CARTESIAN_POINT('',(-0.0222106696209153,-0.0674365342747575,0.01));
#5202=CARTESIAN_POINT('',(6.93889390390723E-18,8.67361737988404E-18,0.01));
#5203=CARTESIAN_POINT('',(0.0669614216081444,-0.0337811784314333,0.01));
#5204=CARTESIAN_POINT('',(0.073422978840399,0.0152992214900734,0.01));
#5205=CARTESIAN_POINT('',(0.0633901457890434,-0.0319795155817568,0.01));
#5206=CARTESIAN_POINT('',(0.0613901457890434,-0.0354436171968945,0.01));
#5207=CARTESIAN_POINT('',(0.0606217782649107,-0.035,0.01));
#5208=CARTESIAN_POINT('',(0.0596552596172375,-0.034441980198589,0.01));
#5209=CARTESIAN_POINT('',(0.0616552596172375,-0.0309778785834513,0.01));
#5210=CARTESIAN_POINT('',(0.0580810416684121,-0.0291820595351353,0.01));
#5211=CARTESIAN_POINT('',(6.59194920871187E-17,-3.12250225675825E-17,0.01));
#5212=CARTESIAN_POINT('',(0.0636548509482994,0.0131552252261142,0.01));
#5213=CARTESIAN_POINT('',(0.0675720725451178,0.0139647775477212,0.01));
#5214=CARTESIAN_POINT('',(0.0665367963647077,0.0178284808528775,0.01));
#5215=CARTESIAN_POINT('',(0.0676148078402348,0.0181173331571765,0.01));
#5216=CARTESIAN_POINT('',(0.0684718104551676,0.0183469663157591,0.01));
#5217=CARTESIAN_POINT('',(0.0695070866355777,0.0144832630106028,0.01));
#5218=CARTESIAN_POINT('',(9.71445146547012E-18,1.7347234759768E-17,0.01));
#5219=CARTESIAN_POINT('',(-0.00422535211267604,0.0748808814018899,0.01));
#5220=CARTESIAN_POINT('',(-0.0499610038887279,0.0559365541522761,0.01));
#5221=CARTESIAN_POINT('',(-0.004,0.0708872343937891,0.01));
#5222=CARTESIAN_POINT('',(1.79350133005318E-17,0.0708872343937891,0.01));
#5223=CARTESIAN_POINT('',(1.75902534822533E-17,0.07,0.01));
#5224=CARTESIAN_POINT('',(1.71565849800471E-17,0.0688839603971781,0.01));
#5225=CARTESIAN_POINT('',(-0.004,0.0688839603971781,0.01));
#5226=CARTESIAN_POINT('',(-0.00376811594202897,0.064890687330675,0.01));
#5227=CARTESIAN_POINT('',(1.23512311489549E-17,1.04083408558608E-17,0.01));
#5228=CARTESIAN_POINT('',(-0.0432201847124705,0.0485491053822821,0.01));
#5229=CARTESIAN_POINT('',(-0.045879888387084,0.0515367426365764,0.01));
#5230=CARTESIAN_POINT('',(-0.0487083155118302,0.0487083155118302,0.01));
#5231=CARTESIAN_POINT('',(-0.0494974746830583,0.0494974746830583,0.01));
#5232=CARTESIAN_POINT('',(-0.0501248441394086,0.0501248441394085,0.01));
#5233=CARTESIAN_POINT('',(-0.0472964170146624,0.0529532712641547,0.01));
#5234=CARTESIAN_POINT('',(0.05125,0.0567246639478807,0.01));
#5235=CARTESIAN_POINT('',(0.0443094010767585,0.0687461339178928,0.01));
#5236=CARTESIAN_POINT('',(0.0565,0.0476313972081441,0.01));
#5237=CARTESIAN_POINT('',(0.0495717967697245,0.043631397208144,0.01));
#5238=CARTESIAN_POINT('',(0.0535717967697245,0.0367031939778686,0.01));
#5239=CARTESIAN_POINT('',(0.0373852549156242,0.0273578896811546,0.01));
#5240=CARTESIAN_POINT('',(0.0189767315949146,0.0167297237865594,0.01));
#5241=CARTESIAN_POINT('',(0.0149767315949146,0.0236579270168349,0.01));
#5242=CARTESIAN_POINT('',(0.010697665424939,0.0168985192977393,0.01));
#5243=CARTESIAN_POINT('',(-1.34441069388203E-17,1.7347234759768E-18,0.01));
#5244=CARTESIAN_POINT('',(0.00928571428571427,0.0177137096680532,0.01));
#5245=CARTESIAN_POINT('',(0.013,0.0247991935352745,0.01));
#5246=CARTESIAN_POINT('',(0.005,0.0247991935352745,0.01));
#5247=CARTESIAN_POINT('',(0.005,0.0460555253244649,0.01));
#5248=CARTESIAN_POINT('',(0.005,0.0647461339178928,0.01));
#5249=CARTESIAN_POINT('',(0.013,0.0647461339178928,0.01));
#5250=CARTESIAN_POINT('',(0.013,0.0727461339178928,0.01));
#5251=CARTESIAN_POINT('',(0.0235,0.0727461339178928,0.01));
#5252=CARTESIAN_POINT('',(0.037381197846483,0.0727461339178928,0.01));
#5253=CARTESIAN_POINT('',(0.037381197846483,0.0647461339178928,0.01));
#5254=CARTESIAN_POINT('',(0.0235,-0.0727461339178928,0.01));
#5255=CARTESIAN_POINT('',(0.037381197846483,-0.0727461339178928,0.01));
#5256=CARTESIAN_POINT('',(0.013,-0.0727461339178928,0.01));
#5257=CARTESIAN_POINT('',(0.013,-0.0647461339178928,0.01));
#5258=CARTESIAN_POINT('',(0.005,-0.0647461339178928,0.01));
#5259=CARTESIAN_POINT('',(0.005,-0.0460555253244649,0.01));
#5260=CARTESIAN_POINT('',(0.005,-0.0247991935352745,0.01));
#5261=CARTESIAN_POINT('',(0.013,-0.0247991935352745,0.01));
#5262=CARTESIAN_POINT('',(0.00928571428571426,-0.0177137096680532,0.01));
#5263=CARTESIAN_POINT('',(-1.38777878078145E-17,1.82145964977565E-17,0.01));
#5264=CARTESIAN_POINT('',(0.010697665424939,-0.0168985192977393,0.01));
#5265=CARTESIAN_POINT('',(0.0149767315949145,-0.0236579270168349,0.01));
#5266=CARTESIAN_POINT('',(0.0189767315949146,-0.0167297237865594,0.01));
#5267=CARTESIAN_POINT('',(0.0373852549156242,-0.0273578896811546,0.01));
#5268=CARTESIAN_POINT('',(0.0535717967697245,-0.0367031939778686,0.01));
#5269=CARTESIAN_POINT('',(0.0495717967697245,-0.0436313972081441,0.01));
#5270=CARTESIAN_POINT('',(0.0565,-0.0476313972081441,0.01));
#5271=CARTESIAN_POINT('',(0.05125,-0.0567246639478807,0.01));
#5272=CARTESIAN_POINT('',(0.0443094010767584,-0.0687461339178928,0.01));
#5273=CARTESIAN_POINT('',(0.037381197846483,-0.0647461339178928,0.01));
#5274=CARTESIAN_POINT('',(0.021650635094611,-0.0125,0.01));
#5275=CARTESIAN_POINT('',(0.0204939015319192,-0.0118321595661992,0.01));
#5276=CARTESIAN_POINT('',(0.022248595461287,-0.0128452325786651,0.01));
#5277=CARTESIAN_POINT('',(0.0224939015319192,-0.00836805795106146,0.01));
#5278=CARTESIAN_POINT('',(0.018744917943266,-0.00697338162588455,0.01));
#5279=CARTESIAN_POINT('',(-6.93889390390723E-18,1.7347234759768E-18,0.01));
#5280=CARTESIAN_POINT('',(0.018744917943266,0.00697338162588454,0.01));
#5281=CARTESIAN_POINT('',(0.0224939015319192,0.00836805795106144,0.01));
#5282=CARTESIAN_POINT('',(0.0204939015319192,0.0118321595661992,0.01));
#5283=CARTESIAN_POINT('',(0.021650635094611,0.0125,0.01));
#5284=CARTESIAN_POINT('',(0.022248595461287,0.0128452325786651,0.01));
#5285=CARTESIAN_POINT('',(0.024248595461287,0.00938113096352734,0.01));
#5286=CARTESIAN_POINT('',(0.0279791486091773,0.0108243818809931,0.01));
#5287=CARTESIAN_POINT('',(1.21430643318376E-17,-3.46944695195361E-18,0.01));
#5288=CARTESIAN_POINT('',(0.0279791486091773,-0.0108243818809931,0.01));
#5289=CARTESIAN_POINT('',(0.024248595461287,-0.00938113096352736,0.01));
#5290=CARTESIAN_POINT('',(-0.0102735026918962,-0.0809326673973661,0.01));
#5291=CARTESIAN_POINT('',(-0.00579350269189624,-0.0809326673973661,0.01));
#5292=CARTESIAN_POINT('',(-0.0482735026918963,0.0809326673973661,0.01));
#5293=CARTESIAN_POINT('',(-0.0437935026918963,0.0809326673973661,0.01));
#5294=CARTESIAN_POINT('',(0.0482735026918963,0.0809326673973661,0.01));
#5295=CARTESIAN_POINT('',(0.0527535026918963,0.0809326673973661,0.01));
#5296=CARTESIAN_POINT('',(0.0102735026918963,-0.0809326673973661,0.01));
#5297=CARTESIAN_POINT('',(0.0147535026918963,-0.0809326673973661,0.01));
#5298=CARTESIAN_POINT('',(0.,5.55111512312578E-17,0.));
#5299=CARTESIAN_POINT('',(-1.38777878078145E-17,1.82145964977565E-17,0.));
#5300=CARTESIAN_POINT('',(0.00928571428571426,-0.0177137096680532,0.));
#5301=CARTESIAN_POINT('',(0.010697665424939,-0.0168985192977393,0.));
#5302=CARTESIAN_POINT('',(0.013,-0.0247991935352745,0.));
#5303=CARTESIAN_POINT('',(0.005,-0.0247991935352745,0.));
#5304=CARTESIAN_POINT('',(0.005,5.4942455678226E-17,0.));
#5305=CARTESIAN_POINT('',(0.005,-0.0647461339178928,0.));
#5306=CARTESIAN_POINT('',(0.013,-0.0647461339178928,0.));
#5307=CARTESIAN_POINT('',(0.013,-0.0727461339178928,0.));
#5308=CARTESIAN_POINT('',(0.,-0.0727461339178928,0.));
#5309=CARTESIAN_POINT('',(0.037381197846483,-0.0727461339178928,0.));
#5310=CARTESIAN_POINT('',(0.037381197846483,-0.0647461339178928,0.));
#5311=CARTESIAN_POINT('',(0.0443094010767584,-0.0687461339178928,0.));
#5312=CARTESIAN_POINT('',(0.063,-0.0363730669589463,0.));
#5313=CARTESIAN_POINT('',(0.0565,-0.0476313972081441,0.));
#5314=CARTESIAN_POINT('',(0.0495717967697245,-0.0436313972081441,0.));
#5315=CARTESIAN_POINT('',(0.0535717967697245,-0.0367031939778686,0.));
#5316=CARTESIAN_POINT('',(-0.0025,-0.00433012701892216,0.));
#5317=CARTESIAN_POINT('',(0.0189767315949146,-0.0167297237865594,0.));
#5318=CARTESIAN_POINT('',(0.0149767315949145,-0.0236579270168349,0.));
#5319=CARTESIAN_POINT('',(-9.61021062106299E-18,5.55111512312578E-17,0.));
#5320=CARTESIAN_POINT('',(1.79350133005318E-17,0.0708872343937891,0.));
#5321=CARTESIAN_POINT('',(1.71565849800471E-17,0.0688839603971781,0.));
#5322=CARTESIAN_POINT('',(-0.004,0.0708872343937891,0.));
#5323=CARTESIAN_POINT('',(-0.00422535211267604,0.0748808814018899,0.));
#5324=CARTESIAN_POINT('',(9.71445146547012E-18,1.7347234759768E-17,0.));
#5325=CARTESIAN_POINT('',(-0.0499610038887279,0.0559365541522761,0.));
#5326=CARTESIAN_POINT('',(-0.0472964170146624,0.0529532712641547,0.));
#5327=CARTESIAN_POINT('',(-0.0501248441394086,0.0501248441394085,0.));
#5328=CARTESIAN_POINT('',(-5.39719282672548E-17,1.53922296400308E-18,0.));
#5329=CARTESIAN_POINT('',(-0.0487083155118302,0.0487083155118302,0.));
#5330=CARTESIAN_POINT('',(-0.045879888387084,0.0515367426365764,0.));
#5331=CARTESIAN_POINT('',(-0.0432201847124705,0.0485491053822821,0.));
#5332=CARTESIAN_POINT('',(1.23512311489549E-17,1.04083408558608E-17,0.));
#5333=CARTESIAN_POINT('',(-0.00376811594202897,0.064890687330675,0.));
#5334=CARTESIAN_POINT('',(-0.004,0.0688839603971781,0.));
#5335=CARTESIAN_POINT('',(2.94902990916058E-17,4.43245487419441E-18,0.));
#5336=CARTESIAN_POINT('',(-0.0613901457890434,-0.0354436171968946,0.));
#5337=CARTESIAN_POINT('',(-0.0596552596172374,-0.034441980198589,0.));
#5338=CARTESIAN_POINT('',(-0.0593901457890434,-0.0389077188120323,0.));
#5339=CARTESIAN_POINT('',(-0.0627360694954684,-0.0410997029704567,0.));
#5340=CARTESIAN_POINT('',(-8.67361737988404E-18,-3.46944695195361E-17,0.));
#5341=CARTESIAN_POINT('',(-0.0234619749516711,-0.0712357756423495,0.));
#5342=CARTESIAN_POINT('',(-0.0222106696209153,-0.0674365342747575,0.));
#5343=CARTESIAN_POINT('',(-0.0183469663157591,-0.0684718104551677,0.));
#5344=CARTESIAN_POINT('',(2.34585988968232E-17,4.92254386012884E-17,0.));
#5345=CARTESIAN_POINT('',(-0.0178284808528774,-0.0665367963647077,0.));
#5346=CARTESIAN_POINT('',(-0.0216921841580338,-0.0655015201842976,0.));
#5347=CARTESIAN_POINT('',(-0.0204346662358289,-0.0617043306083963,0.));
#5348=CARTESIAN_POINT('',(-6.24500451351651E-17,-7.63278329429795E-17,0.));
#5349=CARTESIAN_POINT('',(-0.0543129257263831,-0.0357086277955398,0.));
#5350=CARTESIAN_POINT('',(-0.0576552596172374,-0.0379060818137269,0.));
#5351=CARTESIAN_POINT('',(-0.063,0.0363730669589465,0.));
#5352=CARTESIAN_POINT('',(-0.0816905989232415,0.004,0.));
#5353=CARTESIAN_POINT('',(-0.0695,0.0251147367097487,0.));
#5354=CARTESIAN_POINT('',(-0.0747623956929659,-1.21430643318376E-17,0.));
#5355=CARTESIAN_POINT('',(-0.0816905989232414,-0.004,0.));
#5356=CARTESIAN_POINT('',(-0.063,-0.0363730669589463,0.));
#5357=CARTESIAN_POINT('',(-0.0695,-0.0251147367097488,0.));
#5358=CARTESIAN_POINT('',(-0.0625717967697245,-0.0211147367097488,0.));
#5359=CARTESIAN_POINT('',(-0.0585717967697245,-0.0280429399400243,0.));
#5360=CARTESIAN_POINT('',(-0.00249999999999996,0.00433012701892219,0.));
#5361=CARTESIAN_POINT('',(-0.0239767315949145,-0.00806946974871508,0.));
#5362=CARTESIAN_POINT('',(-0.0279767315949145,-0.00114126651843957,0.));
#5363=CARTESIAN_POINT('',(-0.0199833797106532,-0.000815190370313979,0.));
#5364=CARTESIAN_POINT('',(7.11236625150491E-17,8.67361737988404E-19,0.));
#5365=CARTESIAN_POINT('',(-0.0199833797106532,0.000815190370313979,0.));
#5366=CARTESIAN_POINT('',(-0.0279767315949145,0.00114126651843957,0.));
#5367=CARTESIAN_POINT('',(-0.0239767315949145,0.00806946974871508,0.));
#5368=CARTESIAN_POINT('',(-0.0025,-0.00433012701892216,0.));
#5369=CARTESIAN_POINT('',(-0.0585717967697245,0.0280429399400243,0.));
#5370=CARTESIAN_POINT('',(-0.0625717967697245,0.0211147367097487,0.));
#5371=CARTESIAN_POINT('',(0.0482735026918963,0.0809326673973661,0.));
#5372=CARTESIAN_POINT('',(0.0505235026918963,0.0809326673973661,0.));
#5373=CARTESIAN_POINT('',(0.0482735026918963,-0.0809326673973661,0.));
#5374=CARTESIAN_POINT('',(0.0505235026918963,-0.0809326673973661,0.));
#5375=CARTESIAN_POINT('',(-0.0482735026918962,-0.0809326673973661,0.));
#5376=CARTESIAN_POINT('',(-0.0460235026918962,-0.0809326673973661,0.));
#5377=CARTESIAN_POINT('',(-0.0102735026918962,0.0809326673973661,0.));
#5378=CARTESIAN_POINT('',(-0.00802350269189624,0.0809326673973661,0.));
#5379=CARTESIAN_POINT('',(0.0102735026918963,-0.0809326673973661,0.));
#5380=CARTESIAN_POINT('',(0.0125235026918963,-0.0809326673973661,0.));
#5381=CARTESIAN_POINT('',(-0.0102735026918962,-0.0809326673973661,0.));
#5382=CARTESIAN_POINT('',(-0.00802350269189624,-0.0809326673973661,0.));
#5383=CARTESIAN_POINT('',(0.0102735026918963,0.0809326673973661,0.));
#5384=CARTESIAN_POINT('',(0.0125235026918963,0.0809326673973661,0.));
#5385=CARTESIAN_POINT('',(-0.0482735026918963,0.0809326673973661,0.));
#5386=CARTESIAN_POINT('',(-0.0460235026918963,0.0809326673973661,0.));
#5387=CARTESIAN_POINT('',(0.,9.18485099360515E-19,0.));
#5388=CARTESIAN_POINT('',(0.015,9.18485099360515E-19,0.));
#5389=CARTESIAN_POINT('',(-0.07875,0.045466333698683,0.));
#5390=CARTESIAN_POINT('',(-0.0548094010767585,0.0869326673973661,0.));
#5391=CARTESIAN_POINT('',(-0.102690598923241,0.004,0.));
#5392=CARTESIAN_POINT('',(-0.047881197846483,0.0829326673973661,0.));
#5393=CARTESIAN_POINT('',(-0.047881197846483,0.0909326673973661,0.));
#5394=CARTESIAN_POINT('',(1.38777878078145E-17,0.0909326673973661,0.));
#5395=CARTESIAN_POINT('',(0.047881197846483,0.0909326673973661,0.));
#5396=CARTESIAN_POINT('',(0.047881197846483,0.0829326673973661,0.));
#5397=CARTESIAN_POINT('',(0.0548094010767585,0.0869326673973661,0.));
#5398=CARTESIAN_POINT('',(0.07875,0.045466333698683,0.));
#5399=CARTESIAN_POINT('',(0.102690598923241,0.004,0.));
#5400=CARTESIAN_POINT('',(0.095762395692966,2.08166817117217E-17,0.));
#5401=CARTESIAN_POINT('',(0.102690598923241,-0.004,0.));
#5402=CARTESIAN_POINT('',(0.07875,-0.045466333698683,0.));
#5403=CARTESIAN_POINT('',(0.0548094010767585,-0.0869326673973661,0.));
#5404=CARTESIAN_POINT('',(0.047881197846483,-0.0829326673973661,0.));
#5405=CARTESIAN_POINT('',(0.047881197846483,-0.0909326673973661,0.));
#5406=CARTESIAN_POINT('',(2.08166817117217E-17,-0.0909326673973661,0.));
#5407=CARTESIAN_POINT('',(-0.047881197846483,-0.0909326673973661,0.));
#5408=CARTESIAN_POINT('',(-0.047881197846483,-0.0829326673973661,0.));
#5409=CARTESIAN_POINT('',(-0.0548094010767586,-0.0869326673973661,0.));
#5410=CARTESIAN_POINT('',(-0.07875,-0.045466333698683,0.));
#5411=CARTESIAN_POINT('',(-0.102690598923241,-0.004,0.));
#5412=CARTESIAN_POINT('',(-0.095762395692966,0.,0.));
#5413=CARTESIAN_POINT('',(-3.03576608295941E-18,-2.60208521396521E-18,0.));
#5414=CARTESIAN_POINT('',(-0.00333333333333334,0.0197202659436654,0.));
#5415=CARTESIAN_POINT('',(-0.0154115846099327,0.0127468843177808,0.));
#5416=CARTESIAN_POINT('',(-0.004,0.0236643191323984,0.));
#5417=CARTESIAN_POINT('',(-6.23891496143565E-18,0.0236643191323984,0.));
#5418=CARTESIAN_POINT('',(-1.01798157558656E-17,5.55111512312578E-17,0.));
#5419=CARTESIAN_POINT('',(-5.90149386621584E-18,0.0256904651573303,0.));
#5420=CARTESIAN_POINT('',(-0.004,0.0256904651573303,0.));
#5421=CARTESIAN_POINT('',(-0.00461538461538462,0.0296428444123042,0.));
#5422=CARTESIAN_POINT('',(4.94506362006512E-19,0.,0.));
#5423=CARTESIAN_POINT('',(-0.0233637639937927,0.018818462531311,0.));
#5424=CARTESIAN_POINT('',(-0.020248595461287,0.0163093341938029,0.));
#5425=CARTESIAN_POINT('',(-0.022248595461287,0.0128452325786652,0.));
#5426=CARTESIAN_POINT('',(-7.80625564189564E-18,4.19903198426234E-17,0.));
#5427=CARTESIAN_POINT('',(-0.0204939015319192,0.0118321595661993,0.));
#5428=CARTESIAN_POINT('',(-0.0184939015319191,0.015296261181337,0.));
#5429=CARTESIAN_POINT('',(-2.77555756156289E-17,7.43708407166873E-18,0.));
#5430=CARTESIAN_POINT('',(0.0613901457890434,-0.0354436171968945,0.));
#5431=CARTESIAN_POINT('',(0.0596552596172375,-0.034441980198589,0.));
#5432=CARTESIAN_POINT('',(0.0633901457890434,-0.0319795155817568,0.));
#5433=CARTESIAN_POINT('',(0.0669614216081444,-0.0337811784314333,0.));
#5434=CARTESIAN_POINT('',(6.93889390390723E-18,8.67361737988404E-18,0.));
#5435=CARTESIAN_POINT('',(0.073422978840399,0.0152992214900734,0.));
#5436=CARTESIAN_POINT('',(0.0695070866355777,0.0144832630106028,0.));
#5437=CARTESIAN_POINT('',(0.0684718104551676,0.0183469663157591,0.));
#5438=CARTESIAN_POINT('',(5.38775368283091E-18,3.54037807482665E-17,0.));
#5439=CARTESIAN_POINT('',(0.0665367963647077,0.0178284808528775,0.));
#5440=CARTESIAN_POINT('',(0.0675720725451178,0.0139647775477212,0.));
#5441=CARTESIAN_POINT('',(0.0636548509482994,0.0131552252261142,0.));
#5442=CARTESIAN_POINT('',(6.59194920871187E-17,-3.12250225675825E-17,0.));
#5443=CARTESIAN_POINT('',(0.0580810416684121,-0.0291820595351353,0.));
#5444=CARTESIAN_POINT('',(0.0616552596172375,-0.0309778785834513,0.));
#5445=CARTESIAN_POINT('',(-1.34441069388203E-17,1.7347234759768E-18,0.));
#5446=CARTESIAN_POINT('',(0.010697665424939,0.0168985192977393,0.));
#5447=CARTESIAN_POINT('',(0.00928571428571427,0.0177137096680532,0.));
#5448=CARTESIAN_POINT('',(0.0149767315949146,0.0236579270168349,0.));
#5449=CARTESIAN_POINT('',(0.0189767315949146,0.0167297237865594,0.));
#5450=CARTESIAN_POINT('',(-0.00249999999999996,0.00433012701892218,0.));
#5451=CARTESIAN_POINT('',(0.0535717967697245,0.0367031939778686,0.));
#5452=CARTESIAN_POINT('',(0.0495717967697245,0.043631397208144,0.));
#5453=CARTESIAN_POINT('',(0.0565,0.0476313972081441,0.));
#5454=CARTESIAN_POINT('',(0.063,0.0363730669589464,0.));
#5455=CARTESIAN_POINT('',(0.0443094010767585,0.0687461339178928,0.));
#5456=CARTESIAN_POINT('',(0.037381197846483,0.0647461339178928,0.));
#5457=CARTESIAN_POINT('',(0.037381197846483,0.0727461339178928,0.));
#5458=CARTESIAN_POINT('',(2.72852813608478E-17,0.0727461339178928,0.));
#5459=CARTESIAN_POINT('',(0.013,0.0727461339178928,0.));
#5460=CARTESIAN_POINT('',(0.013,0.0647461339178928,0.));
#5461=CARTESIAN_POINT('',(0.005,0.0647461339178928,0.));
#5462=CARTESIAN_POINT('',(0.005,5.38863067940239E-17,0.));
#5463=CARTESIAN_POINT('',(0.005,0.0247991935352745,0.));
#5464=CARTESIAN_POINT('',(0.013,0.0247991935352745,0.));
#5465=CARTESIAN_POINT('',(-1.24547541940314E-19,6.07153216591882E-18,0.));
#5466=CARTESIAN_POINT('',(-0.0154115846099327,-0.0127468843177808,0.));
#5467=CARTESIAN_POINT('',(-0.00333333333333335,-0.0197202659436654,0.));
#5468=CARTESIAN_POINT('',(-0.0184939015319192,-0.015296261181337,0.));
#5469=CARTESIAN_POINT('',(-0.0204939015319192,-0.0118321595661993,0.));
#5470=CARTESIAN_POINT('',(3.03576608295941E-17,2.93014027545726E-18,0.));
#5471=CARTESIAN_POINT('',(-0.022248595461287,-0.0128452325786651,0.));
#5472=CARTESIAN_POINT('',(-0.020248595461287,-0.0163093341938029,0.));
#5473=CARTESIAN_POINT('',(-0.0233637639937927,-0.018818462531311,0.));
#5474=CARTESIAN_POINT('',(-5.27091525449455E-19,-6.93889390390723E-18,0.));
#5475=CARTESIAN_POINT('',(-0.00461538461538465,-0.0296428444123042,0.));
#5476=CARTESIAN_POINT('',(-0.004,-0.0256904651573303,0.));
#5477=CARTESIAN_POINT('',(-2.85379539643253E-17,-0.0256904651573303,0.));
#5478=CARTESIAN_POINT('',(-2.74058066670286E-17,5.55111512312578E-17,0.));
#5479=CARTESIAN_POINT('',(-2.84486641935092E-17,-0.0236643191323984,0.));
#5480=CARTESIAN_POINT('',(-0.004,-0.0236643191323984,0.));
#5481=CARTESIAN_POINT('',(-6.93889390390723E-18,1.7347234759768E-18,0.));
#5482=CARTESIAN_POINT('',(0.018744917943266,-0.00697338162588455,0.));
#5483=CARTESIAN_POINT('',(0.018744917943266,0.00697338162588454,0.));
#5484=CARTESIAN_POINT('',(0.0224939015319192,-0.00836805795106146,0.));
#5485=CARTESIAN_POINT('',(0.0204939015319192,-0.0118321595661992,0.));
#5486=CARTESIAN_POINT('',(-2.08166817117217E-17,1.9455600861566E-17,0.));
#5487=CARTESIAN_POINT('',(0.022248595461287,-0.0128452325786651,0.));
#5488=CARTESIAN_POINT('',(0.024248595461287,-0.00938113096352736,0.));
#5489=CARTESIAN_POINT('',(0.0279791486091773,-0.0108243818809931,0.));
#5490=CARTESIAN_POINT('',(1.21430643318376E-17,-3.46944695195361E-18,0.));
#5491=CARTESIAN_POINT('',(0.0279791486091773,0.0108243818809931,0.));
#5492=CARTESIAN_POINT('',(0.024248595461287,0.00938113096352734,0.));
#5493=CARTESIAN_POINT('',(0.022248595461287,0.0128452325786651,0.));
#5494=CARTESIAN_POINT('',(4.07660016854549E-17,-1.50976349093886E-17,0.));
#5495=CARTESIAN_POINT('',(0.0204939015319192,0.0118321595661992,0.));
#5496=CARTESIAN_POINT('',(0.0224939015319192,0.00836805795106144,0.));
#5497=CARTESIAN_POINT('',(-0.07875,0.045466333698683,0.01));
#5498=CARTESIAN_POINT('',(-0.07875,0.045466333698683,0.0385));
#5499=CARTESIAN_POINT('',(-0.0755614870057642,0.0509890002052931,0.0385));
#5500=CARTESIAN_POINT('',(-0.07875,0.045466333698683,0.0385));
#5501=CARTESIAN_POINT('',(-0.0755614870057642,0.0509890002052931,0.0345));
#5502=CARTESIAN_POINT('',(-0.0741679310342501,0.0534027099511465,0.0373691474373112));
#5503=CARTESIAN_POINT('',(-0.0703105664299365,0.0600838614291354,0.029875));
#5504=CARTESIAN_POINT('',(-0.0664532018256229,0.0667650129071244,0.0223808525626888));
#5505=CARTESIAN_POINT('',(-0.0650596458541088,0.0691787226529778,0.02525));
#5506=CARTESIAN_POINT('',(-0.0650596458541088,0.0691787226529778,0.02125));
#5507=CARTESIAN_POINT('',(-0.0638105664299365,0.0713421916783331,0.02125));
#5508=CARTESIAN_POINT('',(-0.06375,0.0714470958122162,0.02125));
#5509=CARTESIAN_POINT('',(-0.06375,0.0714470958122162,0.01725));
#5510=CARTESIAN_POINT('',(-0.06175,0.074911197427354,0.01725));
#5511=CARTESIAN_POINT('',(-0.06175,0.074911197427354,0.0385));
#5512=CARTESIAN_POINT('',(-0.0548094010767585,0.0869326673973661,0.01));
#5513=CARTESIAN_POINT('',(-0.102690598923241,0.004,0.01));
#5514=CARTESIAN_POINT('',(-0.07875,0.045466333698683,0.0385));
#5515=CARTESIAN_POINT('',(-0.0660358983848623,0.0594878036686951,0.0385));
#5516=CARTESIAN_POINT('',(-0.0668464648147988,0.0580838614291354,0.029875));
#5517=CARTESIAN_POINT('',(-0.0629891002104852,0.0647650129071244,0.0223808525626888));
#5518=CARTESIAN_POINT('',(-0.0707038294191123,0.0514027099511465,0.0373691474373112));
#5519=CARTESIAN_POINT('',(-0.0720973853906265,0.0489890002052931,0.0345));
#5520=CARTESIAN_POINT('',(-0.0720973853906265,0.0489890002052931,0.0385));
#5521=CARTESIAN_POINT('',(-0.0660358983848623,0.0594878036686951,0.0385));
#5522=CARTESIAN_POINT('',(-0.0737858983848623,0.0460644099100363,0.0385));
#5523=CARTESIAN_POINT('',(-0.0737858983848623,0.0460644099100363,0.0385));
#5524=CARTESIAN_POINT('',(-0.0582858983848623,0.072911197427354,0.0385));
#5525=CARTESIAN_POINT('',(-0.0582858983848623,0.072911197427354,0.01725));
#5526=CARTESIAN_POINT('',(-0.0602858983848623,0.0694470958122162,0.01725));
#5527=CARTESIAN_POINT('',(-0.0602858983848622,0.0694470958122162,0.02125));
#5528=CARTESIAN_POINT('',(-0.0603464648147988,0.069342191678333,0.02125));
#5529=CARTESIAN_POINT('',(-0.0615955442389711,0.0671787226529778,0.02125));
#5530=CARTESIAN_POINT('',(-0.0615955442389711,0.0671787226529778,0.02525));
#5531=CARTESIAN_POINT('',(0.,0.,0.0385));
#5532=CARTESIAN_POINT('',(-0.054934301395928,0.031716333698683,0.0385));
#5533=CARTESIAN_POINT('',(-0.0345827044069936,0.0199663336986831,0.0385));
#5534=CARTESIAN_POINT('',(-0.0325827044069937,0.0234304353138208,0.0385));
#5535=CARTESIAN_POINT('',(-0.0291186027918559,0.0214304353138208,0.0385));
#5536=CARTESIAN_POINT('',(-0.0226186027918559,0.0326887655630185,0.0385));
#5537=CARTESIAN_POINT('',(-0.0161186027918559,0.0439470958122162,0.0385));
#5538=CARTESIAN_POINT('',(0.015,0.0259807621135331,0.0385));
#5539=CARTESIAN_POINT('',(-0.0195827044069936,0.0459470958122162,0.0385));
#5540=CARTESIAN_POINT('',(-0.0253327044069936,0.0359878036686951,0.0385));
#5541=CARTESIAN_POINT('',(-0.0330827044069937,0.0225644099100363,0.0385));
#5542=CARTESIAN_POINT('',(-0.053434301395928,0.0343144099100363,0.0385));
#5543=CARTESIAN_POINT('',(-0.0755614870057642,0.050989000205293,0.0385));
#5544=CARTESIAN_POINT('',(0.07875,0.045466333698683,0.01));
#5545=CARTESIAN_POINT('',(0.0936894335700635,0.019590475719033,0.02125));
#5546=CARTESIAN_POINT('',(0.09375,0.0194855715851499,0.02125));
#5547=CARTESIAN_POINT('',(0.0924403541458912,0.0217539447443883,0.02125));
#5548=CARTESIAN_POINT('',(0.09375,0.0194855715851499,0.01725));
#5549=CARTESIAN_POINT('',(0.09575,0.0160214699700121,0.01725));
#5550=CARTESIAN_POINT('',(0.09575,0.0160214699700121,0.0385));
#5551=CARTESIAN_POINT('',(0.102690598923241,0.004,0.01));
#5552=CARTESIAN_POINT('',(0.0548094010767585,0.0869326673973661,0.01));
#5553=CARTESIAN_POINT('',(0.07875,0.045466333698683,0.0385));
#5554=CARTESIAN_POINT('',(0.07875,0.045466333698683,0.0385));
#5555=CARTESIAN_POINT('',(0.07875,0.045466333698683,0.0385));
#5556=CARTESIAN_POINT('',(0.0819385129942358,0.039943667192073,0.0385));
#5557=CARTESIAN_POINT('',(0.0819385129942358,0.039943667192073,0.0345));
#5558=CARTESIAN_POINT('',(0.08333206896575,0.0375299574462196,0.0373691474373112));
#5559=CARTESIAN_POINT('',(0.0871894335700635,0.0308488059682307,0.029875));
#5560=CARTESIAN_POINT('',(0.0910467981743771,0.0241676544902418,0.0223808525626888));
#5561=CARTESIAN_POINT('',(0.0924403541458912,0.0217539447443883,0.02525));
#5562=CARTESIAN_POINT('',(0.0845358983848623,0.0274448637286709,0.0385));
#5563=CARTESIAN_POINT('',(0.0922858983848623,0.0140214699700121,0.0385));
#5564=CARTESIAN_POINT('',(0.0922858983848623,0.0140214699700121,0.01725));
#5565=CARTESIAN_POINT('',(0.0902858983848623,0.0174855715851499,0.01725));
#5566=CARTESIAN_POINT('',(0.0902858983848622,0.0174855715851499,0.02125));
#5567=CARTESIAN_POINT('',(0.0902253319549257,0.017590475719033,0.02125));
#5568=CARTESIAN_POINT('',(0.0889762525307534,0.0197539447443883,0.02125));
#5569=CARTESIAN_POINT('',(0.0889762525307535,0.0197539447443883,0.02525));
#5570=CARTESIAN_POINT('',(0.0875826965592393,0.0221676544902418,0.0223808525626889));
#5571=CARTESIAN_POINT('',(0.0837253319549258,0.0288488059682307,0.029875));
#5572=CARTESIAN_POINT('',(0.0798679673506122,0.0355299574462195,0.0373691474373112));
#5573=CARTESIAN_POINT('',(0.0784744113790981,0.0379436671920731,0.0345));
#5574=CARTESIAN_POINT('',(0.0784744113790981,0.0379436671920731,0.0385));
#5575=CARTESIAN_POINT('',(0.0845358983848623,0.0274448637286709,0.0385));
#5576=CARTESIAN_POINT('',(0.0767858983848623,0.0408682574873298,0.0385));
#5577=CARTESIAN_POINT('',(0.0767858983848623,0.0408682574873298,0.0385));
#5578=CARTESIAN_POINT('',(0.,0.,0.0385));
#5579=CARTESIAN_POINT('',(0.054934301395928,0.031716333698683,0.0385));
#5580=CARTESIAN_POINT('',(0.0345827044069936,0.0199663336986831,0.0385));
#5581=CARTESIAN_POINT('',(0.0365827044069936,0.0165022320835453,0.0385));
#5582=CARTESIAN_POINT('',(0.0331186027918559,0.0145022320835453,0.0385));
#5583=CARTESIAN_POINT('',(0.0396186027918559,0.00324390183434758,0.0385));
#5584=CARTESIAN_POINT('',(0.0461186027918559,-0.00801442841485013,0.0385));
#5585=CARTESIAN_POINT('',(0.015,-0.0259807621135331,0.0385));
#5586=CARTESIAN_POINT('',(0.0495827044069937,-0.00601442841485013,0.0385));
#5587=CARTESIAN_POINT('',(0.0438327044069936,0.00394486372867092,0.0385));
#5588=CARTESIAN_POINT('',(0.0360827044069936,0.0173682574873298,0.0385));
#5589=CARTESIAN_POINT('',(0.056434301395928,0.0291182574873298,0.0385));
#5590=CARTESIAN_POINT('',(0.0819385129942358,0.039943667192073,0.0385));
#5591=CARTESIAN_POINT('',(2.08166817117217E-17,-0.0909326673973661,0.01));
#5592=CARTESIAN_POINT('',(2.08166817117217E-17,-0.0909326673973661,0.0385));
#5593=CARTESIAN_POINT('',(-0.00637702598847159,-0.0909326673973661,0.0385));
#5594=CARTESIAN_POINT('',(6.93889390390723E-18,-0.0909326673973661,0.0385));
#5595=CARTESIAN_POINT('',(-0.00637702598847159,-0.0909326673973661,0.0345));
#5596=CARTESIAN_POINT('',(-0.00916413793149984,-0.0909326673973661,0.0373691474373112));
#5597=CARTESIAN_POINT('',(-0.016878867140127,-0.0909326673973661,0.029875));
#5598=CARTESIAN_POINT('',(-0.0245935963487541,-0.0909326673973661,0.0223808525626888));
#5599=CARTESIAN_POINT('',(-0.0273807082917823,-0.0909326673973661,0.02525));
#5600=CARTESIAN_POINT('',(-0.0273807082917823,-0.0909326673973661,0.02125));
#5601=CARTESIAN_POINT('',(-0.029878867140127,-0.0909326673973661,0.02125));
#5602=CARTESIAN_POINT('',(-0.03,-0.0909326673973661,0.02125));
#5603=CARTESIAN_POINT('',(-0.03,-0.0909326673973661,0.01725));
#5604=CARTESIAN_POINT('',(-0.034,-0.0909326673973661,0.01725));
#5605=CARTESIAN_POINT('',(-0.034,-0.0909326673973661,0.0385));
#5606=CARTESIAN_POINT('',(-0.047881197846483,-0.0909326673973661,0.01));
#5607=CARTESIAN_POINT('',(0.047881197846483,-0.0909326673973661,0.01));
#5608=CARTESIAN_POINT('',(6.93889390390723E-18,-0.0909326673973661,0.0385));
#5609=CARTESIAN_POINT('',(-0.0185,-0.0869326673973661,0.0385));
#5610=CARTESIAN_POINT('',(-0.016878867140127,-0.0869326673973661,0.029875));
#5611=CARTESIAN_POINT('',(-0.0245935963487541,-0.0869326673973661,0.0223808525626888));
#5612=CARTESIAN_POINT('',(-0.00916413793149984,-0.0869326673973661,0.0373691474373112));
#5613=CARTESIAN_POINT('',(-0.00637702598847159,-0.0869326673973661,0.0345));
#5614=CARTESIAN_POINT('',(-0.00637702598847159,-0.0869326673973661,0.0385));
#5615=CARTESIAN_POINT('',(-0.0185,-0.0869326673973661,0.0385));
#5616=CARTESIAN_POINT('',(-0.003,-0.0869326673973661,0.0385));
#5617=CARTESIAN_POINT('',(-0.003,-0.0869326673973661,0.0385));
#5618=CARTESIAN_POINT('',(-0.034,-0.0869326673973661,0.0385));
#5619=CARTESIAN_POINT('',(-0.034,-0.0869326673973661,0.01725));
#5620=CARTESIAN_POINT('',(-0.03,-0.0869326673973661,0.01725));
#5621=CARTESIAN_POINT('',(-0.03,-0.0869326673973661,0.02125));
#5622=CARTESIAN_POINT('',(-0.029878867140127,-0.0869326673973661,0.02125));
#5623=CARTESIAN_POINT('',(-0.0273807082917823,-0.0869326673973661,0.02125));
#5624=CARTESIAN_POINT('',(-0.0273807082917823,-0.0869326673973661,0.02525));
#5625=CARTESIAN_POINT('',(0.,0.,0.0385));
#5626=CARTESIAN_POINT('',(6.93889390390723E-18,-0.0634326673973661,0.0385));
#5627=CARTESIAN_POINT('',(6.93889390390723E-18,-0.0399326673973661,0.0385));
#5628=CARTESIAN_POINT('',(-0.004,-0.0399326673973661,0.0385));
#5629=CARTESIAN_POINT('',(-0.004,-0.0359326673973661,0.0385));
#5630=CARTESIAN_POINT('',(-0.017,-0.0359326673973661,0.0385));
#5631=CARTESIAN_POINT('',(-0.03,-0.0359326673973661,0.0385));
#5632=CARTESIAN_POINT('',(-0.03,0.,0.0385));
#5633=CARTESIAN_POINT('',(-0.03,-0.0399326673973661,0.0385));
#5634=CARTESIAN_POINT('',(-0.0185,-0.0399326673973661,0.0385));
#5635=CARTESIAN_POINT('',(-0.003,-0.0399326673973661,0.0385));
#5636=CARTESIAN_POINT('',(-0.003,-0.0634326673973661,0.0385));
#5637=CARTESIAN_POINT('',(-0.00637702598847159,-0.0909326673973661,0.0385));
#5638=CARTESIAN_POINT('',(0.07875,-0.045466333698683,0.01));
#5639=CARTESIAN_POINT('',(0.102690598923241,-0.004,0.01));
#5640=CARTESIAN_POINT('',(0.0548094010767585,-0.0869326673973661,0.01));
#5641=CARTESIAN_POINT('',(1.38777878078145E-17,0.0909326673973661,0.01));
#5642=CARTESIAN_POINT('',(-0.047881197846483,0.0909326673973661,0.01));
#5643=CARTESIAN_POINT('',(0.047881197846483,0.0909326673973661,0.01));
#5644=CARTESIAN_POINT('',(-0.07875,-0.045466333698683,0.01));
#5645=CARTESIAN_POINT('',(-0.102690598923241,-0.004,0.01));
#5646=CARTESIAN_POINT('',(-0.0548094010767586,-0.0869326673973661,0.01));
#5647=CARTESIAN_POINT('',(-0.054934301395928,0.031716333698683,0.0385));
#5648=CARTESIAN_POINT('',(-0.0653266062413412,0.0377163336986831,0.02425));
#5649=CARTESIAN_POINT('',(-0.0653266062413412,0.0377163336986831,0.0135));
#5650=CARTESIAN_POINT('',(-0.0722548094716167,0.0417163336986831,0.01325));
#5651=CARTESIAN_POINT('',(-0.0746926709832699,0.043123833698683,0.01325));
#5652=CARTESIAN_POINT('',(-0.0376137933202392,0.021716333698683,0.01325));
#5653=CARTESIAN_POINT('',(-0.0400516548318924,0.023123833698683,0.01325));
#5654=CARTESIAN_POINT('',(-0.0376137933202392,0.021716333698683,0.03525));
#5655=CARTESIAN_POINT('',(-0.0400516548318924,0.023123833698683,0.03525));
#5656=CARTESIAN_POINT('',(-0.0722548094716167,0.0417163336986831,0.03525));
#5657=CARTESIAN_POINT('',(-0.0746926709832699,0.043123833698683,0.03525));
#5658=CARTESIAN_POINT('',(-0.0345827044069936,0.0199663336986831,0.0385));
#5659=CARTESIAN_POINT('',(-0.0226186027918559,0.0326887655630185,0.0385));
#5660=CARTESIAN_POINT('',(-0.0291186027918559,0.0214304353138208,0.0385));
#5661=CARTESIAN_POINT('',(-0.0141186027918559,0.047411197427354,0.0385));
#5662=CARTESIAN_POINT('',(-0.0141186027918559,0.047411197427354,0.0345));
#5663=CARTESIAN_POINT('',(-0.0161186027918559,0.0439470958122162,0.0345));
#5664=CARTESIAN_POINT('',(-0.0158506535994247,0.048411197427354,0.0385));
#5665=CARTESIAN_POINT('',(-0.0175827044069936,0.0494111974273539,0.0385));
#5666=CARTESIAN_POINT('',(-0.0175827044069936,0.0494111974273539,0.0345));
#5667=CARTESIAN_POINT('',(-0.0158506535994247,0.048411197427354,0.0345));
#5668=CARTESIAN_POINT('',(-0.0253327044069936,0.0359878036686951,0.0385));
#5669=CARTESIAN_POINT('',(-0.0195827044069936,0.0459470958122162,0.0345));
#5670=CARTESIAN_POINT('',(-0.0330827044069937,0.0225644099100363,0.0385));
#5671=CARTESIAN_POINT('',(-0.053434301395928,0.0343144099100363,0.0385));
#5672=CARTESIAN_POINT('',(-0.0638266062413413,0.0403144099100363,0.02425));
#5673=CARTESIAN_POINT('',(-0.073136379332024,0.0456894099100363,0.02425));
#5674=CARTESIAN_POINT('',(-0.0707548094716168,0.0443144099100363,0.01325));
#5675=CARTESIAN_POINT('',(-0.0720105463071042,0.0450394099100363,0.01325));
#5676=CARTESIAN_POINT('',(-0.0361137933202392,0.0243144099100364,0.01325));
#5677=CARTESIAN_POINT('',(-0.0373695301557266,0.0250394099100364,0.01325));
#5678=CARTESIAN_POINT('',(-0.0361137933202392,0.0243144099100364,0.03525));
#5679=CARTESIAN_POINT('',(-0.0373695301557266,0.0250394099100364,0.03525));
#5680=CARTESIAN_POINT('',(-0.0707548094716168,0.0443144099100363,0.03525));
#5681=CARTESIAN_POINT('',(-0.0720105463071042,0.0450394099100363,0.03525));
#5682=CARTESIAN_POINT('',(-0.0600179491924311,0.073911197427354,0.0385));
#5683=CARTESIAN_POINT('',(-0.0582858983848623,0.072911197427354,0.01725));
#5684=CARTESIAN_POINT('',(0.054934301395928,0.031716333698683,0.0385));
#5685=CARTESIAN_POINT('',(0.0653266062413412,0.037716333698683,0.02425));
#5686=CARTESIAN_POINT('',(0.0653266062413412,0.037716333698683,0.0135));
#5687=CARTESIAN_POINT('',(0.0722548094716167,0.0417163336986831,0.01325));
#5688=CARTESIAN_POINT('',(0.0746926709832699,0.043123833698683,0.01325));
#5689=CARTESIAN_POINT('',(0.0376137933202392,0.021716333698683,0.01325));
#5690=CARTESIAN_POINT('',(0.0400516548318924,0.023123833698683,0.01325));
#5691=CARTESIAN_POINT('',(0.0376137933202392,0.021716333698683,0.03525));
#5692=CARTESIAN_POINT('',(0.0400516548318924,0.023123833698683,0.03525));
#5693=CARTESIAN_POINT('',(0.0722548094716167,0.0417163336986831,0.03525));
#5694=CARTESIAN_POINT('',(0.0746926709832699,0.043123833698683,0.03525));
#5695=CARTESIAN_POINT('',(0.0345827044069936,0.0199663336986831,0.0385));
#5696=CARTESIAN_POINT('',(0.0396186027918559,0.00324390183434758,0.0385));
#5697=CARTESIAN_POINT('',(0.0331186027918559,0.0145022320835453,0.0385));
#5698=CARTESIAN_POINT('',(0.0481186027918559,-0.0114785300299879,0.0385));
#5699=CARTESIAN_POINT('',(0.0481186027918559,-0.0114785300299879,0.0345));
#5700=CARTESIAN_POINT('',(0.0461186027918559,-0.00801442841485013,0.0345));
#5701=CARTESIAN_POINT('',(0.0498506535994248,-0.0104785300299879,0.0385));
#5702=CARTESIAN_POINT('',(0.0515827044069936,-0.00947853002998788,0.0385));
#5703=CARTESIAN_POINT('',(0.0515827044069936,-0.00947853002998788,0.0345));
#5704=CARTESIAN_POINT('',(0.0498506535994248,-0.0104785300299879,0.0345));
#5705=CARTESIAN_POINT('',(0.0438327044069936,0.00394486372867092,0.0385));
#5706=CARTESIAN_POINT('',(0.0495827044069937,-0.00601442841485013,0.0345));
#5707=CARTESIAN_POINT('',(0.0360827044069936,0.0173682574873298,0.0385));
#5708=CARTESIAN_POINT('',(0.056434301395928,0.0291182574873298,0.0385));
#5709=CARTESIAN_POINT('',(0.0668266062413412,0.0351182574873297,0.02425));
#5710=CARTESIAN_POINT('',(0.0761363793320239,0.0404932574873297,0.02425));
#5711=CARTESIAN_POINT('',(0.0737548094716167,0.0391182574873297,0.01325));
#5712=CARTESIAN_POINT('',(0.0750105463071041,0.0398432574873297,0.01325));
#5713=CARTESIAN_POINT('',(0.0391137933202392,0.0191182574873297,0.01325));
#5714=CARTESIAN_POINT('',(0.0403695301557266,0.0198432574873297,0.01325));
#5715=CARTESIAN_POINT('',(0.0391137933202392,0.0191182574873297,0.03525));
#5716=CARTESIAN_POINT('',(0.0403695301557266,0.0198432574873297,0.03525));
#5717=CARTESIAN_POINT('',(0.0737548094716167,0.0391182574873297,0.03525));
#5718=CARTESIAN_POINT('',(0.0750105463071041,0.0398432574873297,0.03525));
#5719=CARTESIAN_POINT('',(0.0940179491924311,0.0150214699700121,0.0385));
#5720=CARTESIAN_POINT('',(0.0922858983848623,0.0140214699700122,0.01725));
#5721=CARTESIAN_POINT('',(6.93889390390723E-18,-0.0634326673973661,0.0385));
#5722=CARTESIAN_POINT('',(6.93889390390723E-18,-0.0754326673973661,0.02425));
#5723=CARTESIAN_POINT('',(6.93889390390723E-18,-0.0754326673973661,0.0135));
#5724=CARTESIAN_POINT('',(3.46944695195361E-17,-0.0834326673973661,0.01325));
#5725=CARTESIAN_POINT('',(3.46944695195361E-17,-0.0834326673973661,0.016065));
#5726=CARTESIAN_POINT('',(3.46944695195361E-17,-0.0434326673973661,0.01325));
#5727=CARTESIAN_POINT('',(3.46944695195361E-17,-0.0434326673973661,0.016065));
#5728=CARTESIAN_POINT('',(3.46944695195361E-17,-0.0434326673973661,0.03525));
#5729=CARTESIAN_POINT('',(3.46944695195361E-17,-0.0434326673973661,0.038065));
#5730=CARTESIAN_POINT('',(3.46944695195361E-17,-0.0834326673973661,0.03525));
#5731=CARTESIAN_POINT('',(3.46944695195361E-17,-0.0834326673973661,0.038065));
#5732=CARTESIAN_POINT('',(6.93889390390723E-18,-0.0399326673973661,0.0385));
#5733=CARTESIAN_POINT('',(-0.017,-0.0359326673973661,0.0385));
#5734=CARTESIAN_POINT('',(-0.004,-0.0359326673973661,0.0385));
#5735=CARTESIAN_POINT('',(-0.034,-0.0359326673973661,0.0385));
#5736=CARTESIAN_POINT('',(-0.034,-0.0359326673973661,0.0345));
#5737=CARTESIAN_POINT('',(-0.03,-0.0359326673973661,0.0345));
#5738=CARTESIAN_POINT('',(-0.034,-0.0379326673973661,0.0385));
#5739=CARTESIAN_POINT('',(-0.034,-0.0399326673973661,0.0385));
#5740=CARTESIAN_POINT('',(-0.034,-0.0399326673973661,0.0345));
#5741=CARTESIAN_POINT('',(-0.034,-0.0379326673973661,0.0345));
#5742=CARTESIAN_POINT('',(-0.0185,-0.0399326673973661,0.0385));
#5743=CARTESIAN_POINT('',(-0.03,-0.0399326673973661,0.0345));
#5744=CARTESIAN_POINT('',(-0.003,-0.0399326673973661,0.0385));
#5745=CARTESIAN_POINT('',(-0.003,-0.0634326673973661,0.0385));
#5746=CARTESIAN_POINT('',(-0.003,-0.0754326673973661,0.02425));
#5747=CARTESIAN_POINT('',(-0.003,-0.0861826673973661,0.02425));
#5748=CARTESIAN_POINT('',(-0.003,-0.0834326673973661,0.01325));
#5749=CARTESIAN_POINT('',(-0.003,-0.0848826673973661,0.01325));
#5750=CARTESIAN_POINT('',(-0.003,-0.0434326673973661,0.01325));
#5751=CARTESIAN_POINT('',(-0.003,-0.0448826673973661,0.01325));
#5752=CARTESIAN_POINT('',(-0.003,-0.0434326673973661,0.03525));
#5753=CARTESIAN_POINT('',(-0.003,-0.0448826673973661,0.03525));
#5754=CARTESIAN_POINT('',(-0.003,-0.0834326673973661,0.03525));
#5755=CARTESIAN_POINT('',(-0.003,-0.0848826673973661,0.03525));
#5756=CARTESIAN_POINT('',(-0.034,-0.0889326673973661,0.0385));
#5757=CARTESIAN_POINT('',(-0.034,-0.0869326673973661,0.01725));
#5758=CARTESIAN_POINT('',(6.93889390390723E-18,-0.0834326673973661,0.03525));
#5759=CARTESIAN_POINT('',(-0.001365,-0.0834326673973661,0.03525));
#5760=CARTESIAN_POINT('',(-0.001365,-0.0834326673973661,0.0367));
#5761=CARTESIAN_POINT('',(3.46944695195361E-17,-0.0834326673973661,0.03525));
#5762=CARTESIAN_POINT('',(6.93889390390723E-18,-0.0434326673973661,0.03525));
#5763=CARTESIAN_POINT('',(-0.001365,-0.0434326673973661,0.03525));
#5764=CARTESIAN_POINT('',(-0.001365,-0.0434326673973661,0.0367));
#5765=CARTESIAN_POINT('',(3.46944695195361E-17,-0.0434326673973661,0.03525));
#5766=CARTESIAN_POINT('',(6.93889390390723E-18,-0.0434326673973661,0.01325));
#5767=CARTESIAN_POINT('',(-0.001365,-0.0434326673973661,0.01325));
#5768=CARTESIAN_POINT('',(-0.001365,-0.0434326673973661,0.0147));
#5769=CARTESIAN_POINT('',(3.46944695195361E-17,-0.0434326673973661,0.01325));
#5770=CARTESIAN_POINT('',(6.93889390390723E-18,-0.0834326673973661,0.01325));
#5771=CARTESIAN_POINT('',(-0.001365,-0.0834326673973661,0.01325));
#5772=CARTESIAN_POINT('',(-0.001365,-0.0834326673973661,0.0147));
#5773=CARTESIAN_POINT('',(3.46944695195361E-17,-0.0834326673973661,0.01325));
#5774=CARTESIAN_POINT('',(-0.280468998785919,-0.0754326673973661,0.02425));
#5775=CARTESIAN_POINT('',(-0.016878867140127,0.0909346673973661,0.029875));
#5776=CARTESIAN_POINT('',(-0.00916413793149984,-0.0869326673973661,0.0373691474373112));
#5777=CARTESIAN_POINT('',(-0.0245935963487541,-0.0909326673973661,0.0223808525626888));
#5778=CARTESIAN_POINT('',(-0.029878867140127,0.0909346673973661,0.02125));
#5779=CARTESIAN_POINT('',(-0.0273807082917823,-0.0869326673973661,0.02125));
#5780=CARTESIAN_POINT('',(-0.03,-0.0909326673973661,0.02125));
#5781=CARTESIAN_POINT('',(0.0722548094716167,0.0417163336986831,0.03525));
#5782=CARTESIAN_POINT('',(0.0729373094716167,0.0405342090225173,0.03525));
#5783=CARTESIAN_POINT('',(0.0741930463071041,0.0412592090225173,0.03525));
#5784=CARTESIAN_POINT('',(0.0722548094716167,0.0417163336986831,0.03525));
#5785=CARTESIAN_POINT('',(0.0376137933202392,0.021716333698683,0.03525));
#5786=CARTESIAN_POINT('',(0.0382962933202392,0.0205342090225172,0.03525));
#5787=CARTESIAN_POINT('',(0.0395520301557266,0.0212592090225172,0.03525));
#5788=CARTESIAN_POINT('',(0.0376137933202392,0.021716333698683,0.03525));
#5789=CARTESIAN_POINT('',(0.0376137933202392,0.021716333698683,0.01325));
#5790=CARTESIAN_POINT('',(0.0382962933202392,0.0205342090225172,0.01325));
#5791=CARTESIAN_POINT('',(0.0395520301557266,0.0212592090225172,0.01325));
#5792=CARTESIAN_POINT('',(0.0376137933202392,0.021716333698683,0.01325));
#5793=CARTESIAN_POINT('',(0.0722548094716167,0.041716333698683,0.01325));
#5794=CARTESIAN_POINT('',(0.0729373094716167,0.0405342090225173,0.01325));
#5795=CARTESIAN_POINT('',(0.0741930463071041,0.0412592090225173,0.01325));
#5796=CARTESIAN_POINT('',(0.0722548094716167,0.0417163336986831,0.01325));
#5797=CARTESIAN_POINT('',(0.2055611056343,-0.20517694422391,0.02425));
#5798=CARTESIAN_POINT('',(-0.0703122984807441,-0.0600848614291354,0.029875));
#5799=CARTESIAN_POINT('',(0.0910467981743771,0.0241676544902418,0.0223808525626889));
#5800=CARTESIAN_POINT('',(0.0798679673506122,0.0355299574462196,0.0373691474373112));
#5801=CARTESIAN_POINT('',(-0.0638122984807441,-0.0713431916783331,0.02125));
#5802=CARTESIAN_POINT('',(0.09375,0.0194855715851499,0.02125));
#5803=CARTESIAN_POINT('',(0.0889762525307534,0.0197539447443883,0.02125));
#5804=CARTESIAN_POINT('',(-0.0722548094716167,0.0417163336986831,0.03525));
#5805=CARTESIAN_POINT('',(-0.0715723094716167,0.0428984583748488,0.03525));
#5806=CARTESIAN_POINT('',(-0.0728280463071041,0.0436234583748489,0.03525));
#5807=CARTESIAN_POINT('',(-0.0722548094716167,0.0417163336986831,0.03525));
#5808=CARTESIAN_POINT('',(-0.0376137933202392,0.021716333698683,0.03525));
#5809=CARTESIAN_POINT('',(-0.0369312933202392,0.0228984583748488,0.03525));
#5810=CARTESIAN_POINT('',(-0.0381870301557266,0.0236234583748488,0.03525));
#5811=CARTESIAN_POINT('',(-0.0376137933202392,0.021716333698683,0.03525));
#5812=CARTESIAN_POINT('',(-0.0376137933202392,0.021716333698683,0.01325));
#5813=CARTESIAN_POINT('',(-0.0369312933202392,0.0228984583748488,0.01325));
#5814=CARTESIAN_POINT('',(-0.0381870301557266,0.0236234583748488,0.01325));
#5815=CARTESIAN_POINT('',(-0.0376137933202392,0.021716333698683,0.01325));
#5816=CARTESIAN_POINT('',(-0.0722548094716167,0.0417163336986831,0.01325));
#5817=CARTESIAN_POINT('',(-0.0715723094716167,0.0428984583748488,0.01325));
#5818=CARTESIAN_POINT('',(-0.0728280463071041,0.0436234583748489,0.01325));
#5819=CARTESIAN_POINT('',(-0.0722548094716167,0.0417163336986831,0.01325));
#5820=CARTESIAN_POINT('',(0.0749078931516183,0.280609611621275,0.02425));
#5821=CARTESIAN_POINT('',(0.0871911656208711,-0.0308498059682307,0.029875));
#5822=CARTESIAN_POINT('',(-0.0707038294191124,0.0514027099511465,0.0373691474373112));
#5823=CARTESIAN_POINT('',(-0.066453201825623,0.0667650129071244,0.0223808525626888));
#5824=CARTESIAN_POINT('',(0.0936911656208711,-0.019591475719033,0.02125));
#5825=CARTESIAN_POINT('',(-0.0615955442389711,0.0671787226529778,0.02125));
#5826=CARTESIAN_POINT('',(-0.06375,0.0714470958122162,0.02125));
#5827=CARTESIAN_POINT('',(-0.047881197846483,0.0829326673973661,0.01));
#5828=CARTESIAN_POINT('',(0.047881197846483,0.0829326673973661,0.01));
#5829=CARTESIAN_POINT('',(-0.095762395692966,0.,0.01));
#5830=CARTESIAN_POINT('',(0.095762395692966,2.08166817117217E-17,0.01));
#5831=CARTESIAN_POINT('',(0.047881197846483,-0.0829326673973661,0.01));
#5832=CARTESIAN_POINT('',(-0.047881197846483,-0.0829326673973661,0.01));
#5833=CARTESIAN_POINT('',(0.,9.18485099360515E-19,-0.268620461109727));
#5834=CARTESIAN_POINT('',(-0.0325827044069937,0.0234304353138208,0.0385));
#5835=CARTESIAN_POINT('',(-0.004,-0.0399326673973661,0.0385));
#5836=CARTESIAN_POINT('',(0.0365827044069936,0.0165022320835453,0.0385));
#5837=CARTESIAN_POINT('',(0.00318851299423581,0.00552266650660999,0.0345));
#5838=CARTESIAN_POINT('',(0.0924420861966988,-0.0217549447443883,0.02525));
#5839=CARTESIAN_POINT('',(0.0937517320508074,-0.0194865715851502,0.01725));
#5840=CARTESIAN_POINT('',(-0.0637517320508075,-0.0714480958122164,0.01725));
#5841=CARTESIAN_POINT('',(-0.0650613779049164,-0.0691797226529778,0.02525));
#5842=CARTESIAN_POINT('',(0.0031885129942358,-0.00552266650660999,0.0345));
#5843=CARTESIAN_POINT('',(0.0478506535994248,-0.00701442841485013,0.0345));
#5844=CARTESIAN_POINT('',(-0.0178506535994248,0.0449470958122163,0.0345));
#5845=CARTESIAN_POINT('',(-0.00637702598847161,-8.42847747742164E-19,0.0345));
#5846=CARTESIAN_POINT('',(-0.0273807082917824,0.0909346673973661,0.02525));
#5847=CARTESIAN_POINT('',(-0.03,0.0909346673973661,0.01725));
#5848=CARTESIAN_POINT('',(-0.03,-0.0379326673973661,0.0345));
#5849=CARTESIAN_POINT('',(-0.0482735026918963,0.0809326673973661,0.0077));
#5850=CARTESIAN_POINT('',(-0.0482735026918963,0.0809326673973661,0.00547));
#5851=CARTESIAN_POINT('',(-0.0505235026918963,0.0809326673973661,0.00547));
#5852=CARTESIAN_POINT('',(-0.0482735026918963,0.0809326673973661,0.0077));
#5853=CARTESIAN_POINT('',(-0.0482735026918963,0.0809326673973661,0.0077));
#5854=CARTESIAN_POINT('',(-0.0437935026918963,0.0809326673973661,0.0077));
#5855=CARTESIAN_POINT('',(0.0102735026918963,0.0809326673973661,0.0077));
#5856=CARTESIAN_POINT('',(0.0102735026918963,0.0809326673973661,0.00547));
#5857=CARTESIAN_POINT('',(0.00802350269189626,0.0809326673973661,0.00547));
#5858=CARTESIAN_POINT('',(0.0102735026918963,0.0809326673973661,0.0077));
#5859=CARTESIAN_POINT('',(0.0102735026918963,0.0809326673973661,0.0077));
#5860=CARTESIAN_POINT('',(0.0147535026918963,0.0809326673973661,0.0077));
#5861=CARTESIAN_POINT('',(-0.0102735026918962,-0.0809326673973661,0.0077));
#5862=CARTESIAN_POINT('',(-0.0102735026918962,-0.0809326673973661,0.00547));
#5863=CARTESIAN_POINT('',(-0.0125235026918962,-0.0809326673973661,0.00547));
#5864=CARTESIAN_POINT('',(-0.0102735026918962,-0.0809326673973661,0.0077));
#5865=CARTESIAN_POINT('',(-0.0102735026918962,-0.0809326673973661,0.0077));
#5866=CARTESIAN_POINT('',(-0.00579350269189624,-0.0809326673973661,0.0077));
#5867=CARTESIAN_POINT('',(0.0102735026918963,-0.0809326673973661,0.0077));
#5868=CARTESIAN_POINT('',(0.0102735026918963,-0.0809326673973661,0.00547));
#5869=CARTESIAN_POINT('',(0.00802350269189626,-0.0809326673973661,0.00547));
#5870=CARTESIAN_POINT('',(0.0102735026918963,-0.0809326673973661,0.0077));
#5871=CARTESIAN_POINT('',(0.0102735026918963,-0.0809326673973661,0.0077));
#5872=CARTESIAN_POINT('',(0.0147535026918963,-0.0809326673973661,0.0077));
#5873=CARTESIAN_POINT('',(-0.0102735026918962,0.0809326673973661,0.0077));
#5874=CARTESIAN_POINT('',(-0.0102735026918962,0.0809326673973661,0.00547));
#5875=CARTESIAN_POINT('',(-0.0125235026918962,0.0809326673973661,0.00547));
#5876=CARTESIAN_POINT('',(-0.0102735026918962,0.0809326673973661,0.0077));
#5877=CARTESIAN_POINT('',(-0.0102735026918962,0.0809326673973661,0.0077));
#5878=CARTESIAN_POINT('',(-0.00579350269189624,0.0809326673973661,0.0077));
#5879=CARTESIAN_POINT('',(-0.0482735026918962,-0.0809326673973661,0.0077));
#5880=CARTESIAN_POINT('',(-0.0482735026918962,-0.0809326673973661,0.00547));
#5881=CARTESIAN_POINT('',(-0.0505235026918962,-0.0809326673973661,0.00547));
#5882=CARTESIAN_POINT('',(-0.0482735026918962,-0.0809326673973661,0.0077));
#5883=CARTESIAN_POINT('',(-0.0482735026918962,-0.0809326673973661,0.0077));
#5884=CARTESIAN_POINT('',(-0.0437935026918962,-0.0809326673973661,0.0077));
#5885=CARTESIAN_POINT('',(0.0482735026918963,-0.0809326673973661,0.0077));
#5886=CARTESIAN_POINT('',(0.0482735026918963,-0.0809326673973661,0.00547));
#5887=CARTESIAN_POINT('',(0.0460235026918963,-0.0809326673973661,0.00547));
#5888=CARTESIAN_POINT('',(0.0482735026918963,-0.0809326673973661,0.0077));
#5889=CARTESIAN_POINT('',(0.0482735026918963,-0.0809326673973661,0.0077));
#5890=CARTESIAN_POINT('',(0.0527535026918963,-0.0809326673973661,0.0077));
#5891=CARTESIAN_POINT('',(0.0482735026918963,0.0809326673973661,0.0077));
#5892=CARTESIAN_POINT('',(0.0482735026918963,0.0809326673973661,0.00547));
#5893=CARTESIAN_POINT('',(0.0460235026918963,0.0809326673973661,0.00547));
#5894=CARTESIAN_POINT('',(0.0482735026918963,0.0809326673973661,0.0077));
#5895=CARTESIAN_POINT('',(0.0482735026918963,0.0809326673973661,0.0077));
#5896=CARTESIAN_POINT('',(0.0527535026918963,0.0809326673973661,0.0077));
#5897=CARTESIAN_POINT('',(-0.07475,0.0160214699700121,-0.268620461109727));
#5898=CARTESIAN_POINT('',(-0.0816905989232415,0.004,-0.268620461109727));
#5899=CARTESIAN_POINT('',(-0.0695,0.0251147367097487,0.01));
#5900=CARTESIAN_POINT('',(-0.07475,-0.0160214699700122,-0.268620461109727));
#5901=CARTESIAN_POINT('',(-0.0695,-0.0251147367097488,0.));
#5902=CARTESIAN_POINT('',(-0.0816905989232415,-0.004,-0.268620461109727));
#5903=CARTESIAN_POINT('',(-0.0423852549156242,-0.0186976356433103,-0.268620461109727));
#5904=CARTESIAN_POINT('',(-0.0239767315949145,-0.00806946974871508,-0.268620461109727));
#5905=CARTESIAN_POINT('',(-0.0585717967697245,-0.0280429399400243,0.01));
#5906=CARTESIAN_POINT('',(7.11236625150491E-17,8.67361737988404E-19,-0.268620461109727));
#5907=CARTESIAN_POINT('',(-0.0199833797106532,-0.000815190370313979,-0.268620461109727));
#5908=CARTESIAN_POINT('',(-0.0199833797106532,0.000815190370313979,-0.268620461109727));
#5909=CARTESIAN_POINT('',(-0.0423852549156242,0.0186976356433103,-0.268620461109727));
#5910=CARTESIAN_POINT('',(-0.0239767315949145,0.00806946974871508,0.01));
#5911=CARTESIAN_POINT('',(-0.0585717967697245,0.0280429399400243,0.));
#5912=CARTESIAN_POINT('',(-3.03576608295941E-18,-2.60208521396521E-18,-0.268620461109727));
#5913=CARTESIAN_POINT('',(-0.0154115846099327,0.0127468843177808,-0.268620461109727));
#5914=CARTESIAN_POINT('',(-0.00333333333333334,0.0197202659436654,-0.268620461109727));
#5915=CARTESIAN_POINT('',(-6.01647941352127E-18,0.025,-0.268620461109727));
#5916=CARTESIAN_POINT('',(-6.23891496143565E-18,0.0236643191323984,-0.268620461109727));
#5917=CARTESIAN_POINT('',(-5.90149386621584E-18,0.0256904651573303,0.));
#5918=CARTESIAN_POINT('',(4.94506362006512E-19,0.,-0.268620461109727));
#5919=CARTESIAN_POINT('',(-0.0233637639937927,0.018818462531311,-0.268620461109727));
#5920=CARTESIAN_POINT('',(-0.00461538461538462,0.0296428444123042,-0.268620461109727));
#5921=CARTESIAN_POINT('',(-0.021650635094611,0.0125,-0.268620461109727));
#5922=CARTESIAN_POINT('',(-0.022248595461287,0.0128452325786652,-0.268620461109727));
#5923=CARTESIAN_POINT('',(-0.0204939015319192,0.0118321595661993,0.));
#5924=CARTESIAN_POINT('',(-0.0606217782649107,-0.035,-0.268620461109727));
#5925=CARTESIAN_POINT('',(-0.0613901457890434,-0.0354436171968946,-0.268620461109727));
#5926=CARTESIAN_POINT('',(-0.0596552596172374,-0.034441980198589,0.01));
#5927=CARTESIAN_POINT('',(-8.67361737988404E-18,-3.46944695195361E-17,-0.268620461109727));
#5928=CARTESIAN_POINT('',(-0.0234619749516711,-0.0712357756423495,-0.268620461109727));
#5929=CARTESIAN_POINT('',(-0.0627360694954684,-0.0410997029704567,-0.268620461109727));
#5930=CARTESIAN_POINT('',(-0.0181173331571764,-0.0676148078402348,-0.268620461109727));
#5931=CARTESIAN_POINT('',(-0.0183469663157591,-0.0684718104551676,0.01));
#5932=CARTESIAN_POINT('',(-0.0178284808528774,-0.0665367963647077,-0.268620461109727));
#5933=CARTESIAN_POINT('',(-6.24500451351651E-17,-7.63278329429795E-17,-0.268620461109727));
#5934=CARTESIAN_POINT('',(-0.0543129257263831,-0.0357086277955398,-0.268620461109727));
#5935=CARTESIAN_POINT('',(-0.0204346662358289,-0.0617043306083963,-0.268620461109727));
#5936=CARTESIAN_POINT('',(0.0606217782649107,-0.035,-0.268620461109727));
#5937=CARTESIAN_POINT('',(0.0613901457890434,-0.0354436171968945,-0.268620461109727));
#5938=CARTESIAN_POINT('',(0.0596552596172375,-0.034441980198589,0.01));
#5939=CARTESIAN_POINT('',(6.93889390390723E-18,8.67361737988404E-18,-0.268620461109727));
#5940=CARTESIAN_POINT('',(0.0669614216081444,-0.0337811784314333,-0.268620461109727));
#5941=CARTESIAN_POINT('',(0.073422978840399,0.0152992214900734,-0.268620461109727));
#5942=CARTESIAN_POINT('',(0.0676148078402348,0.0181173331571765,-0.268620461109727));
#5943=CARTESIAN_POINT('',(0.0665367963647077,0.0178284808528775,-0.268620461109727));
#5944=CARTESIAN_POINT('',(0.0684718104551676,0.0183469663157591,0.01));
#5945=CARTESIAN_POINT('',(6.59194920871187E-17,-3.12250225675825E-17,-0.268620461109727));
#5946=CARTESIAN_POINT('',(0.0580810416684121,-0.0291820595351353,-0.268620461109727));
#5947=CARTESIAN_POINT('',(0.0636548509482994,0.0131552252261142,-0.268620461109727));
#5948=CARTESIAN_POINT('',(1.75902534822533E-17,0.07,-0.268620461109727));
#5949=CARTESIAN_POINT('',(1.71565849800471E-17,0.0688839603971781,0.01));
#5950=CARTESIAN_POINT('',(1.79350133005318E-17,0.0708872343937891,-0.268620461109727));
#5951=CARTESIAN_POINT('',(9.71445146547012E-18,1.7347234759768E-17,-0.268620461109727));
#5952=CARTESIAN_POINT('',(-0.0499610038887279,0.0559365541522761,-0.268620461109727));
#5953=CARTESIAN_POINT('',(-0.00422535211267604,0.0748808814018899,-0.268620461109727));
#5954=CARTESIAN_POINT('',(-0.0494974746830583,0.0494974746830583,-0.268620461109727));
#5955=CARTESIAN_POINT('',(-0.0487083155118302,0.0487083155118302,-0.268620461109727));
#5956=CARTESIAN_POINT('',(-0.0501248441394086,0.0501248441394085,0.01));
#5957=CARTESIAN_POINT('',(1.23512311489549E-17,1.04083408558608E-17,-0.268620461109727));
#5958=CARTESIAN_POINT('',(-0.0432201847124705,0.0485491053822821,-0.268620461109727));
#5959=CARTESIAN_POINT('',(-0.00376811594202897,0.064890687330675,-0.268620461109727));
#5960=CARTESIAN_POINT('',(-1.34441069388203E-17,1.7347234759768E-18,-0.268620461109727));
#5961=CARTESIAN_POINT('',(0.010697665424939,0.0168985192977393,-0.268620461109727));
#5962=CARTESIAN_POINT('',(0.00928571428571427,0.0177137096680532,-0.268620461109727));
#5963=CARTESIAN_POINT('',(0.0373852549156242,0.0273578896811546,-0.268620461109727));
#5964=CARTESIAN_POINT('',(0.0535717967697245,0.0367031939778686,0.));
#5965=CARTESIAN_POINT('',(0.0189767315949146,0.0167297237865594,0.01));
#5966=CARTESIAN_POINT('',(0.05125,0.0567246639478807,-0.268620461109727));
#5967=CARTESIAN_POINT('',(0.0565,0.0476313972081441,0.01));
#5968=CARTESIAN_POINT('',(0.0443094010767585,0.0687461339178928,-0.268620461109727));
#5969=CARTESIAN_POINT('',(0.0235,0.0727461339178928,-0.268620461109727));
#5970=CARTESIAN_POINT('',(0.037381197846483,0.0727461339178928,-0.268620461109727));
#5971=CARTESIAN_POINT('',(0.013,0.0727461339178928,0.));
#5972=CARTESIAN_POINT('',(0.005,0.0460555253244649,-0.268620461109727));
#5973=CARTESIAN_POINT('',(0.005,0.0647461339178928,0.01));
#5974=CARTESIAN_POINT('',(0.005,0.0247991935352745,-0.268620461109727));
#5975=CARTESIAN_POINT('',(-1.38777878078145E-17,1.82145964977565E-17,-0.268620461109727));
#5976=CARTESIAN_POINT('',(0.00928571428571426,-0.0177137096680532,-0.268620461109727));
#5977=CARTESIAN_POINT('',(0.010697665424939,-0.0168985192977393,-0.268620461109727));
#5978=CARTESIAN_POINT('',(0.005,-0.0460555253244649,-0.268620461109727));
#5979=CARTESIAN_POINT('',(0.005,-0.0647461339178928,0.));
#5980=CARTESIAN_POINT('',(0.005,-0.0247991935352745,0.01));
#5981=CARTESIAN_POINT('',(0.0235,-0.0727461339178928,-0.268620461109727));
#5982=CARTESIAN_POINT('',(0.037381197846483,-0.0727461339178928,-0.268620461109727));
#5983=CARTESIAN_POINT('',(0.013,-0.0727461339178928,0.01));
#5984=CARTESIAN_POINT('',(0.05125,-0.0567246639478807,-0.268620461109727));
#5985=CARTESIAN_POINT('',(0.0443094010767584,-0.0687461339178928,-0.268620461109727));
#5986=CARTESIAN_POINT('',(0.0565,-0.0476313972081441,0.));
#5987=CARTESIAN_POINT('',(0.0373852549156242,-0.0273578896811546,-0.268620461109727));
#5988=CARTESIAN_POINT('',(0.0189767315949146,-0.0167297237865594,-0.268620461109727));
#5989=CARTESIAN_POINT('',(0.0535717967697245,-0.0367031939778686,0.01));
#5990=CARTESIAN_POINT('',(-0.021650635094611,-0.0125,-0.268620461109727));
#5991=CARTESIAN_POINT('',(-0.0204939015319192,-0.0118321595661992,-0.268620461109727));
#5992=CARTESIAN_POINT('',(-0.022248595461287,-0.0128452325786651,0.));
#5993=CARTESIAN_POINT('',(-5.27091525449455E-19,-6.93889390390723E-18,-0.268620461109727));
#5994=CARTESIAN_POINT('',(-0.0233637639937927,-0.018818462531311,-0.268620461109727));
#5995=CARTESIAN_POINT('',(-0.00461538461538465,-0.0296428444123042,-0.268620461109727));
#5996=CARTESIAN_POINT('',(-2.85075260115045E-17,-0.025,-0.268620461109727));
#5997=CARTESIAN_POINT('',(-2.84486641935092E-17,-0.0236643191323984,0.));
#5998=CARTESIAN_POINT('',(-2.85379539643253E-17,-0.0256904651573303,-0.268620461109727));
#5999=CARTESIAN_POINT('',(-1.24547541940314E-19,6.07153216591882E-18,-0.268620461109727));
#6000=CARTESIAN_POINT('',(-0.00333333333333335,-0.0197202659436654,-0.268620461109727));
#6001=CARTESIAN_POINT('',(-0.0154115846099327,-0.0127468843177808,-0.268620461109727));
#6002=CARTESIAN_POINT('',(-6.93889390390723E-18,1.7347234759768E-18,-0.268620461109727));
#6003=CARTESIAN_POINT('',(0.018744917943266,-0.00697338162588455,-0.268620461109727));
#6004=CARTESIAN_POINT('',(0.018744917943266,0.00697338162588454,-0.268620461109727));
#6005=CARTESIAN_POINT('',(0.021650635094611,-0.0125,-0.268620461109727));
#6006=CARTESIAN_POINT('',(0.022248595461287,-0.0128452325786651,0.));
#6007=CARTESIAN_POINT('',(0.0204939015319192,-0.0118321595661992,-0.268620461109727));
#6008=CARTESIAN_POINT('',(1.21430643318376E-17,-3.46944695195361E-18,-0.268620461109727));
#6009=CARTESIAN_POINT('',(0.0279791486091773,-0.0108243818809931,-0.268620461109727));
#6010=CARTESIAN_POINT('',(0.0279791486091773,0.0108243818809931,-0.268620461109727));
#6011=CARTESIAN_POINT('',(0.021650635094611,0.0125,-0.268620461109727));
#6012=CARTESIAN_POINT('',(0.0204939015319192,0.0118321595661992,0.));
#6013=CARTESIAN_POINT('',(0.022248595461287,0.0128452325786651,-0.268620461109727));
#6014=CARTESIAN_POINT('',(0.037381197846483,-0.0647461339178928,-0.268620461109727));
#6015=CARTESIAN_POINT('',(0.013,-0.0647461339178928,-0.268620461109727));
#6016=CARTESIAN_POINT('',(0.013,-0.0247991935352745,-0.268620461109727));
#6017=CARTESIAN_POINT('',(0.0149767315949145,-0.0236579270168349,-0.268620461109727));
#6018=CARTESIAN_POINT('',(0.0495717967697245,-0.0436313972081441,-0.268620461109727));
#6019=CARTESIAN_POINT('',(0.0495717967697245,0.043631397208144,-0.268620461109727));
#6020=CARTESIAN_POINT('',(0.037381197846483,0.0647461339178928,-0.268620461109727));
#6021=CARTESIAN_POINT('',(0.013,0.0647461339178928,-0.268620461109727));
#6022=CARTESIAN_POINT('',(0.0149767315949146,0.0236579270168349,-0.268620461109727));
#6023=CARTESIAN_POINT('',(0.013,0.0247991935352745,-0.268620461109727));
#6024=CARTESIAN_POINT('',(-0.0279767315949145,-0.00114126651843957,-0.268620461109727));
#6025=CARTESIAN_POINT('',(-0.0279767315949145,0.00114126651843957,-0.268620461109727));
#6026=CARTESIAN_POINT('',(-0.0625717967697245,-0.0211147367097488,-0.268620461109727));
#6027=CARTESIAN_POINT('',(-0.0747623956929659,-1.21430643318376E-17,-0.268620461109727));
#6028=CARTESIAN_POINT('',(-0.0625717967697245,0.0211147367097487,-0.268620461109727));
#6029=CARTESIAN_POINT('',(0.0633901457890434,-0.0319795155817568,-0.268620461109727));
#6030=CARTESIAN_POINT('',(0.0616552596172375,-0.0309778785834513,-0.268620461109727));
#6031=CARTESIAN_POINT('',(0.0675720725451178,0.0139647775477212,-0.268620461109727));
#6032=CARTESIAN_POINT('',(0.0695070866355777,0.0144832630106028,-0.268620461109727));
#6033=CARTESIAN_POINT('',(-0.0222106696209153,-0.0674365342747575,-0.268620461109727));
#6034=CARTESIAN_POINT('',(-0.0593901457890434,-0.0389077188120323,-0.268620461109727));
#6035=CARTESIAN_POINT('',(-0.0576552596172374,-0.0379060818137269,-0.268620461109727));
#6036=CARTESIAN_POINT('',(-0.0216921841580338,-0.0655015201842976,-0.268620461109727));
#6037=CARTESIAN_POINT('',(-0.004,-0.0236643191323984,-0.268620461109727));
#6038=CARTESIAN_POINT('',(-0.0184939015319192,-0.015296261181337,-0.268620461109727));
#6039=CARTESIAN_POINT('',(-0.020248595461287,-0.0163093341938029,-0.268620461109727));
#6040=CARTESIAN_POINT('',(-0.004,-0.0256904651573303,-0.268620461109727));
#6041=CARTESIAN_POINT('',(0.024248595461287,-0.00938113096352736,-0.268620461109727));
#6042=CARTESIAN_POINT('',(0.0224939015319192,-0.00836805795106146,-0.268620461109727));
#6043=CARTESIAN_POINT('',(0.0224939015319192,0.00836805795106144,-0.268620461109727));
#6044=CARTESIAN_POINT('',(0.024248595461287,0.00938113096352734,-0.268620461109727));
#6045=CARTESIAN_POINT('',(-0.020248595461287,0.0163093341938029,-0.268620461109727));
#6046=CARTESIAN_POINT('',(-0.0184939015319191,0.015296261181337,-0.268620461109727));
#6047=CARTESIAN_POINT('',(-0.004,0.0236643191323984,-0.268620461109727));
#6048=CARTESIAN_POINT('',(-0.045879888387084,0.0515367426365764,-0.268620461109727));
#6049=CARTESIAN_POINT('',(-0.0472964170146624,0.0529532712641547,-0.268620461109727));
#6050=CARTESIAN_POINT('',(-0.004,0.0688839603971781,-0.268620461109727));
#6051=CARTESIAN_POINT('',(-0.004,0.0708872343937891,-0.268620461109727));
#6052=CARTESIAN_POINT('',(-0.004,0.0256904651573303,-0.268620461109727));
#6053=CARTESIAN_POINT('',(-0.0482735026918962,-0.0809326673973661,0.007698));
#6054=CARTESIAN_POINT('',(-0.0102735026918962,-0.0809326673973661,0.007698));
#6055=CARTESIAN_POINT('',(-0.0482735026918963,0.0809326673973661,0.007698));
#6056=CARTESIAN_POINT('',(0.0482735026918963,0.0809326673973661,0.007698));
#6057=CARTESIAN_POINT('',(0.0102735026918963,0.0809326673973661,0.007698));
#6058=CARTESIAN_POINT('',(-0.0102735026918962,0.0809326673973661,0.007698));
#6059=CARTESIAN_POINT('',(0.0482735026918963,-0.0809326673973661,0.007698));
#6060=CARTESIAN_POINT('',(0.0102735026918963,-0.0809326673973661,0.007698));
#6061=MECHANICAL_DESIGN_GEOMETRIC_PRESENTATION_REPRESENTATION('',(#3530),
#6062);
#6062=(
GEOMETRIC_REPRESENTATION_CONTEXT(3)
GLOBAL_UNCERTAINTY_ASSIGNED_CONTEXT((#6063))
GLOBAL_UNIT_ASSIGNED_CONTEXT((#6066,#6065,#6064))
REPRESENTATION_CONTEXT('Part 1','TOP_LEVEL_ASSEMBLY_PART')
);
#6063=UNCERTAINTY_MEASURE_WITH_UNIT(LENGTH_MEASURE(1.E-8),#6066,
'DISTANCE_ACCURACY_VALUE','Maximum Tolerance applied to model');
#6064=(
NAMED_UNIT(*)
SI_UNIT($,.STERADIAN.)
SOLID_ANGLE_UNIT()
);
#6065=(
NAMED_UNIT(*)
PLANE_ANGLE_UNIT()
SI_UNIT($,.RADIAN.)
);
#6066=(
LENGTH_UNIT()
NAMED_UNIT(*)
SI_UNIT($,.METRE.)
);
#6067=PRODUCT_DEFINITION_SHAPE('','',#6068);
#6068=PRODUCT_DEFINITION('','',#6070,#6069);
#6069=PRODUCT_DEFINITION_CONTEXT('',#6076,'design');
#6070=PRODUCT_DEFINITION_FORMATION_WITH_SPECIFIED_SOURCE('','',#6072,
 .NOT_KNOWN.);
#6071=PRODUCT_RELATED_PRODUCT_CATEGORY('','',(#6072));
#6072=PRODUCT('Part 1','Part 1','Part 1',(#6074));
#6073=PRODUCT_CATEGORY('','');
#6074=PRODUCT_CONTEXT('',#6076,'mechanical');
#6075=APPLICATION_PROTOCOL_DEFINITION('international standard',
'ap242_managed_model_based_3d_engineering',2011,#6076);
#6076=APPLICATION_CONTEXT('managed model based 3d engineering');
ENDSEC;
END-ISO-10303-21;
